<?xml version="1.0" encoding="UTF-8" standalone="no"?>
<gpx version="1.1" creator="Trailforks.com" xmlns="http://www.topografix.com/GPX/1/1" xmlns:xsi="http://www.w3.org/2001/XMLSchema-instance" xsi:schemaLocation="http://www.topografix.com/GPX/1/1 http://www.topografix.com/GPX/1/1/gpx.xsd">
  <metadata>
    <name>the WHOLE enchilada Trailforks 1</name>
    <link href="https://www.trailforks.com/">
      <text>Trailforks</text>
    </link>
  </metadata>
  <trk>
    <name>the WHOLE enchilada</name>
    <trkseg>
      <trkpt lat="38.48518" lon="-109.23285">
        <ele>0</ele>
        <time>1970-01-01T00:00:00Z</time>
      </trkpt>
      <trkpt lat="38.48518" lon="-109.23282">
        <ele>0</ele>
        <time>1970-01-01T00:00:00Z</time>
      </trkpt>
      <trkpt lat="38.4852" lon="-109.23292">
        <ele>0</ele>
        <time>1970-01-01T00:00:00Z</time>
      </trkpt>
      <trkpt lat="38.48518" lon="-109.23292">
        <ele>0</ele>
        <time>1970-01-01T00:00:00Z</time>
      </trkpt>
      <trkpt lat="38.48519" lon="-109.2329">
        <ele>0</ele>
        <time>1970-01-01T00:00:00Z</time>
      </trkpt>
      <trkpt lat="38.48522" lon="-109.23291">
        <ele>0</ele>
        <time>1970-01-01T00:00:00Z</time>
      </trkpt>
      <trkpt lat="38.48523" lon="-109.23294">
        <ele>0</ele>
        <time>1970-01-01T00:00:00Z</time>
      </trkpt>
      <trkpt lat="38.48522" lon="-109.23295">
        <ele>0</ele>
        <time>1970-01-01T00:00:00Z</time>
      </trkpt>
      <trkpt lat="38.48521" lon="-109.23292">
        <ele>0</ele>
        <time>1970-01-01T00:00:00Z</time>
      </trkpt>
      <trkpt lat="38.48525" lon="-109.23291">
        <ele>0</ele>
        <time>1970-01-01T00:00:00Z</time>
      </trkpt>
      <trkpt lat="38.48533" lon="-109.23267">
        <ele>0</ele>
        <time>1970-01-01T00:00:00Z</time>
      </trkpt>
      <trkpt lat="38.48539" lon="-109.2326">
        <ele>0</ele>
        <time>1970-01-01T00:00:00Z</time>
      </trkpt>
      <trkpt lat="38.48545" lon="-109.23265">
        <ele>0</ele>
        <time>1970-01-01T00:00:00Z</time>
      </trkpt>
      <trkpt lat="38.48546" lon="-109.23263">
        <ele>0</ele>
        <time>1970-01-01T00:00:00Z</time>
      </trkpt>
      <trkpt lat="38.48556" lon="-109.23262">
        <ele>0</ele>
        <time>1970-01-01T00:00:00Z</time>
      </trkpt>
      <trkpt lat="38.48564" lon="-109.23257">
        <ele>0</ele>
        <time>1970-01-01T00:00:00Z</time>
      </trkpt>
      <trkpt lat="38.48574" lon="-109.2324">
        <ele>0</ele>
        <time>1970-01-01T00:00:00Z</time>
      </trkpt>
      <trkpt lat="38.48591" lon="-109.23231">
        <ele>0</ele>
        <time>1970-01-01T00:00:00Z</time>
      </trkpt>
      <trkpt lat="38.48598" lon="-109.23223">
        <ele>0</ele>
        <time>1970-01-01T00:00:00Z</time>
      </trkpt>
      <trkpt lat="38.486" lon="-109.23222">
        <ele>0</ele>
        <time>1970-01-01T00:00:00Z</time>
      </trkpt>
      <trkpt lat="38.48611" lon="-109.23223">
        <ele>0</ele>
        <time>1970-01-01T00:00:00Z</time>
      </trkpt>
      <trkpt lat="38.48622" lon="-109.2322">
        <ele>0</ele>
        <time>1970-01-01T00:00:00Z</time>
      </trkpt>
      <trkpt lat="38.48639" lon="-109.23204">
        <ele>0</ele>
        <time>1970-01-01T00:00:00Z</time>
      </trkpt>
      <trkpt lat="38.48651" lon="-109.23196">
        <ele>0</ele>
        <time>1970-01-01T00:00:00Z</time>
      </trkpt>
      <trkpt lat="38.48661" lon="-109.23194">
        <ele>0</ele>
        <time>1970-01-01T00:00:00Z</time>
      </trkpt>
      <trkpt lat="38.48706" lon="-109.23219">
        <ele>0</ele>
        <time>1970-01-01T00:00:00Z</time>
      </trkpt>
      <trkpt lat="38.48711" lon="-109.23221">
        <ele>0</ele>
        <time>1970-01-01T00:00:00Z</time>
      </trkpt>
      <trkpt lat="38.48716" lon="-109.23218">
        <ele>0</ele>
        <time>1970-01-01T00:00:00Z</time>
      </trkpt>
      <trkpt lat="38.48732" lon="-109.23201">
        <ele>0</ele>
        <time>1970-01-01T00:00:00Z</time>
      </trkpt>
      <trkpt lat="38.48733" lon="-109.23197">
        <ele>0</ele>
        <time>1970-01-01T00:00:00Z</time>
      </trkpt>
      <trkpt lat="38.48738" lon="-109.23189">
        <ele>0</ele>
        <time>1970-01-01T00:00:00Z</time>
      </trkpt>
      <trkpt lat="38.48741" lon="-109.23175">
        <ele>0</ele>
        <time>1970-01-01T00:00:00Z</time>
      </trkpt>
      <trkpt lat="38.48738" lon="-109.2316">
        <ele>0</ele>
        <time>1970-01-01T00:00:00Z</time>
      </trkpt>
      <trkpt lat="38.48744" lon="-109.23144">
        <ele>0</ele>
        <time>1970-01-01T00:00:00Z</time>
      </trkpt>
      <trkpt lat="38.48752" lon="-109.23139">
        <ele>0</ele>
        <time>1970-01-01T00:00:00Z</time>
      </trkpt>
      <trkpt lat="38.48765" lon="-109.23137">
        <ele>0</ele>
        <time>1970-01-01T00:00:00Z</time>
      </trkpt>
      <trkpt lat="38.48771" lon="-109.23132">
        <ele>0</ele>
        <time>1970-01-01T00:00:00Z</time>
      </trkpt>
      <trkpt lat="38.48784" lon="-109.23126">
        <ele>0</ele>
        <time>1970-01-01T00:00:00Z</time>
      </trkpt>
      <trkpt lat="38.4879" lon="-109.23119">
        <ele>0</ele>
        <time>1970-01-01T00:00:00Z</time>
      </trkpt>
      <trkpt lat="38.48801" lon="-109.23119">
        <ele>0</ele>
        <time>1970-01-01T00:00:00Z</time>
      </trkpt>
      <trkpt lat="38.48808" lon="-109.23122">
        <ele>0</ele>
        <time>1970-01-01T00:00:00Z</time>
      </trkpt>
      <trkpt lat="38.48823" lon="-109.23133">
        <ele>0</ele>
        <time>1970-01-01T00:00:00Z</time>
      </trkpt>
      <trkpt lat="38.48834" lon="-109.23136">
        <ele>0</ele>
        <time>1970-01-01T00:00:00Z</time>
      </trkpt>
      <trkpt lat="38.4884" lon="-109.23136">
        <ele>0</ele>
        <time>1970-01-01T00:00:00Z</time>
      </trkpt>
      <trkpt lat="38.48846" lon="-109.23142">
        <ele>0</ele>
        <time>1970-01-01T00:00:00Z</time>
      </trkpt>
      <trkpt lat="38.48851" lon="-109.23142">
        <ele>0</ele>
        <time>1970-01-01T00:00:00Z</time>
      </trkpt>
      <trkpt lat="38.48859" lon="-109.23145">
        <ele>0</ele>
        <time>1970-01-01T00:00:00Z</time>
      </trkpt>
      <trkpt lat="38.48865" lon="-109.23144">
        <ele>0</ele>
        <time>1970-01-01T00:00:00Z</time>
      </trkpt>
      <trkpt lat="38.48871" lon="-109.23145">
        <ele>0</ele>
        <time>1970-01-01T00:00:00Z</time>
      </trkpt>
      <trkpt lat="38.48878" lon="-109.23148">
        <ele>0</ele>
        <time>1970-01-01T00:00:00Z</time>
      </trkpt>
      <trkpt lat="38.48888" lon="-109.23144">
        <ele>0</ele>
        <time>1970-01-01T00:00:00Z</time>
      </trkpt>
      <trkpt lat="38.48896" lon="-109.23137">
        <ele>0</ele>
        <time>1970-01-01T00:00:00Z</time>
      </trkpt>
      <trkpt lat="38.48918" lon="-109.23131">
        <ele>0</ele>
        <time>1970-01-01T00:00:00Z</time>
      </trkpt>
      <trkpt lat="38.48931" lon="-109.23121">
        <ele>0</ele>
        <time>1970-01-01T00:00:00Z</time>
      </trkpt>
      <trkpt lat="38.48935" lon="-109.2312">
        <ele>0</ele>
        <time>1970-01-01T00:00:00Z</time>
      </trkpt>
      <trkpt lat="38.48942" lon="-109.23116">
        <ele>0</ele>
        <time>1970-01-01T00:00:00Z</time>
      </trkpt>
      <trkpt lat="38.48958" lon="-109.23099">
        <ele>0</ele>
        <time>1970-01-01T00:00:00Z</time>
      </trkpt>
      <trkpt lat="38.48964" lon="-109.23095">
        <ele>0</ele>
        <time>1970-01-01T00:00:00Z</time>
      </trkpt>
      <trkpt lat="38.48974" lon="-109.23083">
        <ele>0</ele>
        <time>1970-01-01T00:00:00Z</time>
      </trkpt>
      <trkpt lat="38.48987" lon="-109.23073">
        <ele>0</ele>
        <time>1970-01-01T00:00:00Z</time>
      </trkpt>
      <trkpt lat="38.48992" lon="-109.23067">
        <ele>0</ele>
        <time>1970-01-01T00:00:00Z</time>
      </trkpt>
      <trkpt lat="38.49013" lon="-109.23049">
        <ele>0</ele>
        <time>1970-01-01T00:00:00Z</time>
      </trkpt>
      <trkpt lat="38.49028" lon="-109.23029">
        <ele>0</ele>
        <time>1970-01-01T00:00:00Z</time>
      </trkpt>
      <trkpt lat="38.49037" lon="-109.23023">
        <ele>0</ele>
        <time>1970-01-01T00:00:00Z</time>
      </trkpt>
      <trkpt lat="38.49039" lon="-109.23022">
        <ele>0</ele>
        <time>1970-01-01T00:00:00Z</time>
      </trkpt>
      <trkpt lat="38.49038" lon="-109.23024">
        <ele>0</ele>
        <time>1970-01-01T00:00:00Z</time>
      </trkpt>
      <trkpt lat="38.49042" lon="-109.23022">
        <ele>0</ele>
        <time>1970-01-01T00:00:00Z</time>
      </trkpt>
      <trkpt lat="38.4904" lon="-109.23023">
        <ele>0</ele>
        <time>1970-01-01T00:00:00Z</time>
      </trkpt>
      <trkpt lat="38.49039" lon="-109.23025">
        <ele>0</ele>
        <time>1970-01-01T00:00:00Z</time>
      </trkpt>
      <trkpt lat="38.4904" lon="-109.23024">
        <ele>0</ele>
        <time>1970-01-01T00:00:00Z</time>
      </trkpt>
      <trkpt lat="38.49041" lon="-109.23021">
        <ele>0</ele>
        <time>1970-01-01T00:00:00Z</time>
      </trkpt>
      <trkpt lat="38.49048" lon="-109.23014">
        <ele>0</ele>
        <time>1970-01-01T00:00:00Z</time>
      </trkpt>
      <trkpt lat="38.49053" lon="-109.2301">
        <ele>0</ele>
        <time>1970-01-01T00:00:00Z</time>
      </trkpt>
      <trkpt lat="38.4906" lon="-109.23008">
        <ele>0</ele>
        <time>1970-01-01T00:00:00Z</time>
      </trkpt>
      <trkpt lat="38.49064" lon="-109.23004">
        <ele>0</ele>
        <time>1970-01-01T00:00:00Z</time>
      </trkpt>
      <trkpt lat="38.49071" lon="-109.23002">
        <ele>0</ele>
        <time>1970-01-01T00:00:00Z</time>
      </trkpt>
      <trkpt lat="38.49077" lon="-109.22995">
        <ele>0</ele>
        <time>1970-01-01T00:00:00Z</time>
      </trkpt>
      <trkpt lat="38.49091" lon="-109.22989">
        <ele>0</ele>
        <time>1970-01-01T00:00:00Z</time>
      </trkpt>
      <trkpt lat="38.49107" lon="-109.22963">
        <ele>0</ele>
        <time>1970-01-01T00:00:00Z</time>
      </trkpt>
      <trkpt lat="38.49129" lon="-109.22935">
        <ele>0</ele>
        <time>1970-01-01T00:00:00Z</time>
      </trkpt>
      <trkpt lat="38.49139" lon="-109.22926">
        <ele>0</ele>
        <time>1970-01-01T00:00:00Z</time>
      </trkpt>
      <trkpt lat="38.49161" lon="-109.22917">
        <ele>0</ele>
        <time>1970-01-01T00:00:00Z</time>
      </trkpt>
      <trkpt lat="38.49171" lon="-109.2291">
        <ele>0</ele>
        <time>1970-01-01T00:00:00Z</time>
      </trkpt>
      <trkpt lat="38.49184" lon="-109.22906">
        <ele>0</ele>
        <time>1970-01-01T00:00:00Z</time>
      </trkpt>
      <trkpt lat="38.49201" lon="-109.2289">
        <ele>0</ele>
        <time>1970-01-01T00:00:00Z</time>
      </trkpt>
      <trkpt lat="38.49213" lon="-109.22883">
        <ele>0</ele>
        <time>1970-01-01T00:00:00Z</time>
      </trkpt>
      <trkpt lat="38.49239" lon="-109.22876">
        <ele>0</ele>
        <time>1970-01-01T00:00:00Z</time>
      </trkpt>
      <trkpt lat="38.49248" lon="-109.2287">
        <ele>0</ele>
        <time>1970-01-01T00:00:00Z</time>
      </trkpt>
      <trkpt lat="38.49253" lon="-109.22869">
        <ele>0</ele>
        <time>1970-01-01T00:00:00Z</time>
      </trkpt>
      <trkpt lat="38.49263" lon="-109.22874">
        <ele>0</ele>
        <time>1970-01-01T00:00:00Z</time>
      </trkpt>
      <trkpt lat="38.49269" lon="-109.22875">
        <ele>0</ele>
        <time>1970-01-01T00:00:00Z</time>
      </trkpt>
      <trkpt lat="38.49282" lon="-109.2287">
        <ele>0</ele>
        <time>1970-01-01T00:00:00Z</time>
      </trkpt>
      <trkpt lat="38.49299" lon="-109.22856">
        <ele>0</ele>
        <time>1970-01-01T00:00:00Z</time>
      </trkpt>
      <trkpt lat="38.4931" lon="-109.22851">
        <ele>0</ele>
        <time>1970-01-01T00:00:00Z</time>
      </trkpt>
      <trkpt lat="38.49317" lon="-109.22844">
        <ele>0</ele>
        <time>1970-01-01T00:00:00Z</time>
      </trkpt>
      <trkpt lat="38.49322" lon="-109.22842">
        <ele>0</ele>
        <time>1970-01-01T00:00:00Z</time>
      </trkpt>
      <trkpt lat="38.49324" lon="-109.22836">
        <ele>0</ele>
        <time>1970-01-01T00:00:00Z</time>
      </trkpt>
      <trkpt lat="38.49341" lon="-109.22822">
        <ele>0</ele>
        <time>1970-01-01T00:00:00Z</time>
      </trkpt>
      <trkpt lat="38.49345" lon="-109.22815">
        <ele>0</ele>
        <time>1970-01-01T00:00:00Z</time>
      </trkpt>
      <trkpt lat="38.49351" lon="-109.22812">
        <ele>0</ele>
        <time>1970-01-01T00:00:00Z</time>
      </trkpt>
      <trkpt lat="38.49361" lon="-109.228">
        <ele>0</ele>
        <time>1970-01-01T00:00:00Z</time>
      </trkpt>
      <trkpt lat="38.49374" lon="-109.22795">
        <ele>0</ele>
        <time>1970-01-01T00:00:00Z</time>
      </trkpt>
      <trkpt lat="38.49383" lon="-109.22779">
        <ele>0</ele>
        <time>1970-01-01T00:00:00Z</time>
      </trkpt>
      <trkpt lat="38.4939" lon="-109.22776">
        <ele>0</ele>
        <time>1970-01-01T00:00:00Z</time>
      </trkpt>
      <trkpt lat="38.49395" lon="-109.2277">
        <ele>0</ele>
        <time>1970-01-01T00:00:00Z</time>
      </trkpt>
      <trkpt lat="38.49399" lon="-109.22769">
        <ele>0</ele>
        <time>1970-01-01T00:00:00Z</time>
      </trkpt>
      <trkpt lat="38.49407" lon="-109.22759">
        <ele>0</ele>
        <time>1970-01-01T00:00:00Z</time>
      </trkpt>
      <trkpt lat="38.49405" lon="-109.22757">
        <ele>0</ele>
        <time>1970-01-01T00:00:00Z</time>
      </trkpt>
      <trkpt lat="38.49406" lon="-109.2276">
        <ele>0</ele>
        <time>1970-01-01T00:00:00Z</time>
      </trkpt>
      <trkpt lat="38.49405" lon="-109.22757">
        <ele>0</ele>
        <time>1970-01-01T00:00:00Z</time>
      </trkpt>
      <trkpt lat="38.49403" lon="-109.22758">
        <ele>0</ele>
        <time>1970-01-01T00:00:00Z</time>
      </trkpt>
      <trkpt lat="38.49411" lon="-109.22751">
        <ele>0</ele>
        <time>1970-01-01T00:00:00Z</time>
      </trkpt>
      <trkpt lat="38.49413" lon="-109.22745">
        <ele>0</ele>
        <time>1970-01-01T00:00:00Z</time>
      </trkpt>
      <trkpt lat="38.49413" lon="-109.22732">
        <ele>0</ele>
        <time>1970-01-01T00:00:00Z</time>
      </trkpt>
      <trkpt lat="38.49417" lon="-109.22715">
        <ele>0</ele>
        <time>1970-01-01T00:00:00Z</time>
      </trkpt>
      <trkpt lat="38.49419" lon="-109.22714">
        <ele>0</ele>
        <time>1970-01-01T00:00:00Z</time>
      </trkpt>
      <trkpt lat="38.49423" lon="-109.22716">
        <ele>0</ele>
        <time>1970-01-01T00:00:00Z</time>
      </trkpt>
      <trkpt lat="38.49439" lon="-109.22708">
        <ele>0</ele>
        <time>1970-01-01T00:00:00Z</time>
      </trkpt>
      <trkpt lat="38.49442" lon="-109.22705">
        <ele>0</ele>
        <time>1970-01-01T00:00:00Z</time>
      </trkpt>
      <trkpt lat="38.49444" lon="-109.22699">
        <ele>0</ele>
        <time>1970-01-01T00:00:00Z</time>
      </trkpt>
      <trkpt lat="38.49444" lon="-109.22686">
        <ele>0</ele>
        <time>1970-01-01T00:00:00Z</time>
      </trkpt>
      <trkpt lat="38.49441" lon="-109.2268">
        <ele>0</ele>
        <time>1970-01-01T00:00:00Z</time>
      </trkpt>
      <trkpt lat="38.49434" lon="-109.22671">
        <ele>0</ele>
        <time>1970-01-01T00:00:00Z</time>
      </trkpt>
      <trkpt lat="38.49411" lon="-109.22653">
        <ele>0</ele>
        <time>1970-01-01T00:00:00Z</time>
      </trkpt>
      <trkpt lat="38.49413" lon="-109.22629">
        <ele>0</ele>
        <time>1970-01-01T00:00:00Z</time>
      </trkpt>
      <trkpt lat="38.49411" lon="-109.22624">
        <ele>0</ele>
        <time>1970-01-01T00:00:00Z</time>
      </trkpt>
      <trkpt lat="38.49409" lon="-109.22602">
        <ele>0</ele>
        <time>1970-01-01T00:00:00Z</time>
      </trkpt>
      <trkpt lat="38.49406" lon="-109.22598">
        <ele>0</ele>
        <time>1970-01-01T00:00:00Z</time>
      </trkpt>
      <trkpt lat="38.49404" lon="-109.22589">
        <ele>0</ele>
        <time>1970-01-01T00:00:00Z</time>
      </trkpt>
      <trkpt lat="38.49402" lon="-109.22572">
        <ele>0</ele>
        <time>1970-01-01T00:00:00Z</time>
      </trkpt>
      <trkpt lat="38.49396" lon="-109.22553">
        <ele>0</ele>
        <time>1970-01-01T00:00:00Z</time>
      </trkpt>
      <trkpt lat="38.49399" lon="-109.22533">
        <ele>0</ele>
        <time>1970-01-01T00:00:00Z</time>
      </trkpt>
      <trkpt lat="38.49398" lon="-109.22526">
        <ele>0</ele>
        <time>1970-01-01T00:00:00Z</time>
      </trkpt>
      <trkpt lat="38.49396" lon="-109.22522">
        <ele>0</ele>
        <time>1970-01-01T00:00:00Z</time>
      </trkpt>
      <trkpt lat="38.49385" lon="-109.2252">
        <ele>0</ele>
        <time>1970-01-01T00:00:00Z</time>
      </trkpt>
      <trkpt lat="38.49378" lon="-109.22513">
        <ele>0</ele>
        <time>1970-01-01T00:00:00Z</time>
      </trkpt>
      <trkpt lat="38.49364" lon="-109.22506">
        <ele>0</ele>
        <time>1970-01-01T00:00:00Z</time>
      </trkpt>
      <trkpt lat="38.49358" lon="-109.225">
        <ele>0</ele>
        <time>1970-01-01T00:00:00Z</time>
      </trkpt>
      <trkpt lat="38.49355" lon="-109.22491">
        <ele>0</ele>
        <time>1970-01-01T00:00:00Z</time>
      </trkpt>
      <trkpt lat="38.49351" lon="-109.22463">
        <ele>0</ele>
        <time>1970-01-01T00:00:00Z</time>
      </trkpt>
      <trkpt lat="38.49352" lon="-109.22452">
        <ele>0</ele>
        <time>1970-01-01T00:00:00Z</time>
      </trkpt>
      <trkpt lat="38.49349" lon="-109.22437">
        <ele>0</ele>
        <time>1970-01-01T00:00:00Z</time>
      </trkpt>
      <trkpt lat="38.49344" lon="-109.22421">
        <ele>0</ele>
        <time>1970-01-01T00:00:00Z</time>
      </trkpt>
      <trkpt lat="38.49333" lon="-109.22403">
        <ele>0</ele>
        <time>1970-01-01T00:00:00Z</time>
      </trkpt>
      <trkpt lat="38.4933" lon="-109.22392">
        <ele>0</ele>
        <time>1970-01-01T00:00:00Z</time>
      </trkpt>
      <trkpt lat="38.49323" lon="-109.22378">
        <ele>0</ele>
        <time>1970-01-01T00:00:00Z</time>
      </trkpt>
      <trkpt lat="38.49322" lon="-109.22371">
        <ele>0</ele>
        <time>1970-01-01T00:00:00Z</time>
      </trkpt>
      <trkpt lat="38.49319" lon="-109.22333">
        <ele>0</ele>
        <time>1970-01-01T00:00:00Z</time>
      </trkpt>
      <trkpt lat="38.49324" lon="-109.22314">
        <ele>0</ele>
        <time>1970-01-01T00:00:00Z</time>
      </trkpt>
      <trkpt lat="38.4933" lon="-109.22301">
        <ele>0</ele>
        <time>1970-01-01T00:00:00Z</time>
      </trkpt>
      <trkpt lat="38.49334" lon="-109.22288">
        <ele>0</ele>
        <time>1970-01-01T00:00:00Z</time>
      </trkpt>
      <trkpt lat="38.49333" lon="-109.22259">
        <ele>0</ele>
        <time>1970-01-01T00:00:00Z</time>
      </trkpt>
      <trkpt lat="38.49334" lon="-109.22256">
        <ele>0</ele>
        <time>1970-01-01T00:00:00Z</time>
      </trkpt>
      <trkpt lat="38.49338" lon="-109.22252">
        <ele>0</ele>
        <time>1970-01-01T00:00:00Z</time>
      </trkpt>
      <trkpt lat="38.49334" lon="-109.2224">
        <ele>0</ele>
        <time>1970-01-01T00:00:00Z</time>
      </trkpt>
      <trkpt lat="38.49336" lon="-109.2222">
        <ele>0</ele>
        <time>1970-01-01T00:00:00Z</time>
      </trkpt>
      <trkpt lat="38.49339" lon="-109.22214">
        <ele>0</ele>
        <time>1970-01-01T00:00:00Z</time>
      </trkpt>
      <trkpt lat="38.49339" lon="-109.22203">
        <ele>0</ele>
        <time>1970-01-01T00:00:00Z</time>
      </trkpt>
      <trkpt lat="38.49343" lon="-109.22187">
        <ele>0</ele>
        <time>1970-01-01T00:00:00Z</time>
      </trkpt>
      <trkpt lat="38.49348" lon="-109.22176">
        <ele>0</ele>
        <time>1970-01-01T00:00:00Z</time>
      </trkpt>
      <trkpt lat="38.49346" lon="-109.22176">
        <ele>0</ele>
        <time>1970-01-01T00:00:00Z</time>
      </trkpt>
      <trkpt lat="38.49348" lon="-109.22178">
        <ele>0</ele>
        <time>1970-01-01T00:00:00Z</time>
      </trkpt>
      <trkpt lat="38.49347" lon="-109.22176">
        <ele>0</ele>
        <time>1970-01-01T00:00:00Z</time>
      </trkpt>
      <trkpt lat="38.49345" lon="-109.22176">
        <ele>0</ele>
        <time>1970-01-01T00:00:00Z</time>
      </trkpt>
      <trkpt lat="38.49348" lon="-109.22176">
        <ele>0</ele>
        <time>1970-01-01T00:00:00Z</time>
      </trkpt>
      <trkpt lat="38.49347" lon="-109.22178">
        <ele>0</ele>
        <time>1970-01-01T00:00:00Z</time>
      </trkpt>
      <trkpt lat="38.49347" lon="-109.22176">
        <ele>0</ele>
        <time>1970-01-01T00:00:00Z</time>
      </trkpt>
      <trkpt lat="38.49344" lon="-109.22178">
        <ele>0</ele>
        <time>1970-01-01T00:00:00Z</time>
      </trkpt>
      <trkpt lat="38.49348" lon="-109.22179">
        <ele>0</ele>
        <time>1970-01-01T00:00:00Z</time>
      </trkpt>
      <trkpt lat="38.49345" lon="-109.22178">
        <ele>0</ele>
        <time>1970-01-01T00:00:00Z</time>
      </trkpt>
      <trkpt lat="38.49346" lon="-109.22175">
        <ele>0</ele>
        <time>1970-01-01T00:00:00Z</time>
      </trkpt>
      <trkpt lat="38.49348" lon="-109.22176">
        <ele>0</ele>
        <time>1970-01-01T00:00:00Z</time>
      </trkpt>
      <trkpt lat="38.49356" lon="-109.2217">
        <ele>0</ele>
        <time>1970-01-01T00:00:00Z</time>
      </trkpt>
      <trkpt lat="38.49391" lon="-109.22102">
        <ele>0</ele>
        <time>1970-01-01T00:00:00Z</time>
      </trkpt>
      <trkpt lat="38.49404" lon="-109.22085">
        <ele>0</ele>
        <time>1970-01-01T00:00:00Z</time>
      </trkpt>
      <trkpt lat="38.49406" lon="-109.22079">
        <ele>0</ele>
        <time>1970-01-01T00:00:00Z</time>
      </trkpt>
      <trkpt lat="38.4941" lon="-109.22078">
        <ele>0</ele>
        <time>1970-01-01T00:00:00Z</time>
      </trkpt>
      <trkpt lat="38.49411" lon="-109.22076">
        <ele>0</ele>
        <time>1970-01-01T00:00:00Z</time>
      </trkpt>
      <trkpt lat="38.49412" lon="-109.22077">
        <ele>0</ele>
        <time>1970-01-01T00:00:00Z</time>
      </trkpt>
      <trkpt lat="38.49414" lon="-109.22073">
        <ele>0</ele>
        <time>1970-01-01T00:00:00Z</time>
      </trkpt>
      <trkpt lat="38.49416" lon="-109.22074">
        <ele>0</ele>
        <time>1970-01-01T00:00:00Z</time>
      </trkpt>
      <trkpt lat="38.4942" lon="-109.22071">
        <ele>0</ele>
        <time>1970-01-01T00:00:00Z</time>
      </trkpt>
      <trkpt lat="38.49432" lon="-109.22052">
        <ele>0</ele>
        <time>1970-01-01T00:00:00Z</time>
      </trkpt>
      <trkpt lat="38.49458" lon="-109.22043">
        <ele>0</ele>
        <time>1970-01-01T00:00:00Z</time>
      </trkpt>
      <trkpt lat="38.4946" lon="-109.22045">
        <ele>0</ele>
        <time>1970-01-01T00:00:00Z</time>
      </trkpt>
      <trkpt lat="38.49462" lon="-109.22046">
        <ele>0</ele>
        <time>1970-01-01T00:00:00Z</time>
      </trkpt>
      <trkpt lat="38.49462" lon="-109.22043">
        <ele>0</ele>
        <time>1970-01-01T00:00:00Z</time>
      </trkpt>
      <trkpt lat="38.49468" lon="-109.22039">
        <ele>0</ele>
        <time>1970-01-01T00:00:00Z</time>
      </trkpt>
      <trkpt lat="38.49475" lon="-109.22039">
        <ele>0</ele>
        <time>1970-01-01T00:00:00Z</time>
      </trkpt>
      <trkpt lat="38.49474" lon="-109.22037">
        <ele>0</ele>
        <time>1970-01-01T00:00:00Z</time>
      </trkpt>
      <trkpt lat="38.49479" lon="-109.22035">
        <ele>0</ele>
        <time>1970-01-01T00:00:00Z</time>
      </trkpt>
      <trkpt lat="38.4949" lon="-109.22035">
        <ele>0</ele>
        <time>1970-01-01T00:00:00Z</time>
      </trkpt>
      <trkpt lat="38.49499" lon="-109.2203">
        <ele>0</ele>
        <time>1970-01-01T00:00:00Z</time>
      </trkpt>
      <trkpt lat="38.49509" lon="-109.22017">
        <ele>0</ele>
        <time>1970-01-01T00:00:00Z</time>
      </trkpt>
      <trkpt lat="38.49516" lon="-109.22">
        <ele>0</ele>
        <time>1970-01-01T00:00:00Z</time>
      </trkpt>
      <trkpt lat="38.49524" lon="-109.21992">
        <ele>0</ele>
        <time>1970-01-01T00:00:00Z</time>
      </trkpt>
      <trkpt lat="38.49524" lon="-109.2199">
        <ele>0</ele>
        <time>1970-01-01T00:00:00Z</time>
      </trkpt>
      <trkpt lat="38.49521" lon="-109.21987">
        <ele>0</ele>
        <time>1970-01-01T00:00:00Z</time>
      </trkpt>
      <trkpt lat="38.49518" lon="-109.21987">
        <ele>0</ele>
        <time>1970-01-01T00:00:00Z</time>
      </trkpt>
      <trkpt lat="38.49507" lon="-109.21996">
        <ele>0</ele>
        <time>1970-01-01T00:00:00Z</time>
      </trkpt>
      <trkpt lat="38.49501" lon="-109.21997">
        <ele>0</ele>
        <time>1970-01-01T00:00:00Z</time>
      </trkpt>
      <trkpt lat="38.49498" lon="-109.21996">
        <ele>0</ele>
        <time>1970-01-01T00:00:00Z</time>
      </trkpt>
      <trkpt lat="38.49497" lon="-109.21993">
        <ele>0</ele>
        <time>1970-01-01T00:00:00Z</time>
      </trkpt>
      <trkpt lat="38.49497" lon="-109.21984">
        <ele>0</ele>
        <time>1970-01-01T00:00:00Z</time>
      </trkpt>
      <trkpt lat="38.49505" lon="-109.21964">
        <ele>0</ele>
        <time>1970-01-01T00:00:00Z</time>
      </trkpt>
      <trkpt lat="38.49517" lon="-109.21955">
        <ele>0</ele>
        <time>1970-01-01T00:00:00Z</time>
      </trkpt>
      <trkpt lat="38.4952" lon="-109.21955">
        <ele>0</ele>
        <time>1970-01-01T00:00:00Z</time>
      </trkpt>
      <trkpt lat="38.49543" lon="-109.21967">
        <ele>0</ele>
        <time>1970-01-01T00:00:00Z</time>
      </trkpt>
      <trkpt lat="38.49547" lon="-109.21966">
        <ele>0</ele>
        <time>1970-01-01T00:00:00Z</time>
      </trkpt>
      <trkpt lat="38.49551" lon="-109.2196">
        <ele>0</ele>
        <time>1970-01-01T00:00:00Z</time>
      </trkpt>
      <trkpt lat="38.49556" lon="-109.21948">
        <ele>0</ele>
        <time>1970-01-01T00:00:00Z</time>
      </trkpt>
      <trkpt lat="38.49565" lon="-109.21937">
        <ele>0</ele>
        <time>1970-01-01T00:00:00Z</time>
      </trkpt>
      <trkpt lat="38.49572" lon="-109.21911">
        <ele>0</ele>
        <time>1970-01-01T00:00:00Z</time>
      </trkpt>
      <trkpt lat="38.49575" lon="-109.21886">
        <ele>0</ele>
        <time>1970-01-01T00:00:00Z</time>
      </trkpt>
      <trkpt lat="38.49579" lon="-109.21869">
        <ele>0</ele>
        <time>1970-01-01T00:00:00Z</time>
      </trkpt>
      <trkpt lat="38.49577" lon="-109.21849">
        <ele>0</ele>
        <time>1970-01-01T00:00:00Z</time>
      </trkpt>
      <trkpt lat="38.4957" lon="-109.21841">
        <ele>0</ele>
        <time>1970-01-01T00:00:00Z</time>
      </trkpt>
      <trkpt lat="38.49569" lon="-109.21834">
        <ele>0</ele>
        <time>1970-01-01T00:00:00Z</time>
      </trkpt>
      <trkpt lat="38.49574" lon="-109.21827">
        <ele>0</ele>
        <time>1970-01-01T00:00:00Z</time>
      </trkpt>
      <trkpt lat="38.49581" lon="-109.21827">
        <ele>0</ele>
        <time>1970-01-01T00:00:00Z</time>
      </trkpt>
      <trkpt lat="38.49585" lon="-109.2183">
        <ele>0</ele>
        <time>1970-01-01T00:00:00Z</time>
      </trkpt>
      <trkpt lat="38.4959" lon="-109.21831">
        <ele>0</ele>
        <time>1970-01-01T00:00:00Z</time>
      </trkpt>
      <trkpt lat="38.49597" lon="-109.21826">
        <ele>0</ele>
        <time>1970-01-01T00:00:00Z</time>
      </trkpt>
      <trkpt lat="38.49597" lon="-109.2182">
        <ele>0</ele>
        <time>1970-01-01T00:00:00Z</time>
      </trkpt>
      <trkpt lat="38.49588" lon="-109.21803">
        <ele>0</ele>
        <time>1970-01-01T00:00:00Z</time>
      </trkpt>
      <trkpt lat="38.4959" lon="-109.21796">
        <ele>0</ele>
        <time>1970-01-01T00:00:00Z</time>
      </trkpt>
      <trkpt lat="38.49597" lon="-109.21791">
        <ele>0</ele>
        <time>1970-01-01T00:00:00Z</time>
      </trkpt>
      <trkpt lat="38.496" lon="-109.21783">
        <ele>0</ele>
        <time>1970-01-01T00:00:00Z</time>
      </trkpt>
      <trkpt lat="38.496" lon="-109.21773">
        <ele>0</ele>
        <time>1970-01-01T00:00:00Z</time>
      </trkpt>
      <trkpt lat="38.49605" lon="-109.21767">
        <ele>0</ele>
        <time>1970-01-01T00:00:00Z</time>
      </trkpt>
      <trkpt lat="38.49607" lon="-109.21754">
        <ele>0</ele>
        <time>1970-01-01T00:00:00Z</time>
      </trkpt>
      <trkpt lat="38.49607" lon="-109.21748">
        <ele>0</ele>
        <time>1970-01-01T00:00:00Z</time>
      </trkpt>
      <trkpt lat="38.49604" lon="-109.21744">
        <ele>0</ele>
        <time>1970-01-01T00:00:00Z</time>
      </trkpt>
      <trkpt lat="38.49585" lon="-109.21732">
        <ele>0</ele>
        <time>1970-01-01T00:00:00Z</time>
      </trkpt>
      <trkpt lat="38.49583" lon="-109.21726">
        <ele>0</ele>
        <time>1970-01-01T00:00:00Z</time>
      </trkpt>
      <trkpt lat="38.49585" lon="-109.21724">
        <ele>0</ele>
        <time>1970-01-01T00:00:00Z</time>
      </trkpt>
      <trkpt lat="38.49599" lon="-109.21724">
        <ele>0</ele>
        <time>1970-01-01T00:00:00Z</time>
      </trkpt>
      <trkpt lat="38.49602" lon="-109.21722">
        <ele>0</ele>
        <time>1970-01-01T00:00:00Z</time>
      </trkpt>
      <trkpt lat="38.49608" lon="-109.21725">
        <ele>0</ele>
        <time>1970-01-01T00:00:00Z</time>
      </trkpt>
      <trkpt lat="38.49617" lon="-109.21723">
        <ele>0</ele>
        <time>1970-01-01T00:00:00Z</time>
      </trkpt>
      <trkpt lat="38.4962" lon="-109.21725">
        <ele>0</ele>
        <time>1970-01-01T00:00:00Z</time>
      </trkpt>
      <trkpt lat="38.49644" lon="-109.21719">
        <ele>0</ele>
        <time>1970-01-01T00:00:00Z</time>
      </trkpt>
      <trkpt lat="38.49654" lon="-109.21717">
        <ele>0</ele>
        <time>1970-01-01T00:00:00Z</time>
      </trkpt>
      <trkpt lat="38.49654" lon="-109.2172">
        <ele>0</ele>
        <time>1970-01-01T00:00:00Z</time>
      </trkpt>
      <trkpt lat="38.49661" lon="-109.21718">
        <ele>0</ele>
        <time>1970-01-01T00:00:00Z</time>
      </trkpt>
      <trkpt lat="38.49665" lon="-109.21724">
        <ele>0</ele>
        <time>1970-01-01T00:00:00Z</time>
      </trkpt>
      <trkpt lat="38.49664" lon="-109.21727">
        <ele>0</ele>
        <time>1970-01-01T00:00:00Z</time>
      </trkpt>
      <trkpt lat="38.49666" lon="-109.21721">
        <ele>0</ele>
        <time>1970-01-01T00:00:00Z</time>
      </trkpt>
      <trkpt lat="38.49666" lon="-109.21724">
        <ele>0</ele>
        <time>1970-01-01T00:00:00Z</time>
      </trkpt>
      <trkpt lat="38.49674" lon="-109.21732">
        <ele>0</ele>
        <time>1970-01-01T00:00:00Z</time>
      </trkpt>
      <trkpt lat="38.49679" lon="-109.21731">
        <ele>0</ele>
        <time>1970-01-01T00:00:00Z</time>
      </trkpt>
      <trkpt lat="38.49681" lon="-109.21728">
        <ele>0</ele>
        <time>1970-01-01T00:00:00Z</time>
      </trkpt>
      <trkpt lat="38.4968" lon="-109.21726">
        <ele>0</ele>
        <time>1970-01-01T00:00:00Z</time>
      </trkpt>
      <trkpt lat="38.49682" lon="-109.21734">
        <ele>0</ele>
        <time>1970-01-01T00:00:00Z</time>
      </trkpt>
      <trkpt lat="38.49682" lon="-109.21727">
        <ele>0</ele>
        <time>1970-01-01T00:00:00Z</time>
      </trkpt>
      <trkpt lat="38.49679" lon="-109.21727">
        <ele>0</ele>
        <time>1970-01-01T00:00:00Z</time>
      </trkpt>
      <trkpt lat="38.4968" lon="-109.2173">
        <ele>0</ele>
        <time>1970-01-01T00:00:00Z</time>
      </trkpt>
      <trkpt lat="38.49682" lon="-109.21728">
        <ele>0</ele>
        <time>1970-01-01T00:00:00Z</time>
      </trkpt>
      <trkpt lat="38.49683" lon="-109.21729">
        <ele>0</ele>
        <time>1970-01-01T00:00:00Z</time>
      </trkpt>
      <trkpt lat="38.49684" lon="-109.21727">
        <ele>0</ele>
        <time>1970-01-01T00:00:00Z</time>
      </trkpt>
      <trkpt lat="38.49684" lon="-109.21729">
        <ele>0</ele>
        <time>1970-01-01T00:00:00Z</time>
      </trkpt>
      <trkpt lat="38.49693" lon="-109.21715">
        <ele>0</ele>
        <time>1970-01-01T00:00:00Z</time>
      </trkpt>
      <trkpt lat="38.49699" lon="-109.21712">
        <ele>0</ele>
        <time>1970-01-01T00:00:00Z</time>
      </trkpt>
      <trkpt lat="38.49702" lon="-109.21713">
        <ele>0</ele>
        <time>1970-01-01T00:00:00Z</time>
      </trkpt>
      <trkpt lat="38.49715" lon="-109.21726">
        <ele>0</ele>
        <time>1970-01-01T00:00:00Z</time>
      </trkpt>
      <trkpt lat="38.49717" lon="-109.21726">
        <ele>0</ele>
        <time>1970-01-01T00:00:00Z</time>
      </trkpt>
      <trkpt lat="38.49717" lon="-109.21731">
        <ele>0</ele>
        <time>1970-01-01T00:00:00Z</time>
      </trkpt>
      <trkpt lat="38.4972" lon="-109.21735">
        <ele>0</ele>
        <time>1970-01-01T00:00:00Z</time>
      </trkpt>
      <trkpt lat="38.49725" lon="-109.21735">
        <ele>0</ele>
        <time>1970-01-01T00:00:00Z</time>
      </trkpt>
      <trkpt lat="38.49759" lon="-109.21714">
        <ele>0</ele>
        <time>1970-01-01T00:00:00Z</time>
      </trkpt>
      <trkpt lat="38.49768" lon="-109.21715">
        <ele>0</ele>
        <time>1970-01-01T00:00:00Z</time>
      </trkpt>
      <trkpt lat="38.49777" lon="-109.2171">
        <ele>0</ele>
        <time>1970-01-01T00:00:00Z</time>
      </trkpt>
      <trkpt lat="38.49783" lon="-109.21713">
        <ele>0</ele>
        <time>1970-01-01T00:00:00Z</time>
      </trkpt>
      <trkpt lat="38.49789" lon="-109.21713">
        <ele>0</ele>
        <time>1970-01-01T00:00:00Z</time>
      </trkpt>
      <trkpt lat="38.49795" lon="-109.2171">
        <ele>0</ele>
        <time>1970-01-01T00:00:00Z</time>
      </trkpt>
      <trkpt lat="38.49801" lon="-109.21717">
        <ele>0</ele>
        <time>1970-01-01T00:00:00Z</time>
      </trkpt>
      <trkpt lat="38.49814" lon="-109.21718">
        <ele>0</ele>
        <time>1970-01-01T00:00:00Z</time>
      </trkpt>
      <trkpt lat="38.49815" lon="-109.21717">
        <ele>0</ele>
        <time>1970-01-01T00:00:00Z</time>
      </trkpt>
      <trkpt lat="38.49821" lon="-109.21722">
        <ele>0</ele>
        <time>1970-01-01T00:00:00Z</time>
      </trkpt>
      <trkpt lat="38.49827" lon="-109.2172">
        <ele>0</ele>
        <time>1970-01-01T00:00:00Z</time>
      </trkpt>
      <trkpt lat="38.49829" lon="-109.21721">
        <ele>0</ele>
        <time>1970-01-01T00:00:00Z</time>
      </trkpt>
      <trkpt lat="38.49834" lon="-109.21719">
        <ele>0</ele>
        <time>1970-01-01T00:00:00Z</time>
      </trkpt>
      <trkpt lat="38.4985" lon="-109.21722">
        <ele>0</ele>
        <time>1970-01-01T00:00:00Z</time>
      </trkpt>
      <trkpt lat="38.49854" lon="-109.21725">
        <ele>0</ele>
        <time>1970-01-01T00:00:00Z</time>
      </trkpt>
      <trkpt lat="38.49861" lon="-109.21727">
        <ele>0</ele>
        <time>1970-01-01T00:00:00Z</time>
      </trkpt>
      <trkpt lat="38.49867" lon="-109.21731">
        <ele>0</ele>
        <time>1970-01-01T00:00:00Z</time>
      </trkpt>
      <trkpt lat="38.49877" lon="-109.21732">
        <ele>0</ele>
        <time>1970-01-01T00:00:00Z</time>
      </trkpt>
      <trkpt lat="38.4988" lon="-109.21734">
        <ele>0</ele>
        <time>1970-01-01T00:00:00Z</time>
      </trkpt>
      <trkpt lat="38.49886" lon="-109.21743">
        <ele>0</ele>
        <time>1970-01-01T00:00:00Z</time>
      </trkpt>
      <trkpt lat="38.49892" lon="-109.21742">
        <ele>0</ele>
        <time>1970-01-01T00:00:00Z</time>
      </trkpt>
      <trkpt lat="38.49902" lon="-109.21746">
        <ele>0</ele>
        <time>1970-01-01T00:00:00Z</time>
      </trkpt>
      <trkpt lat="38.49906" lon="-109.21745">
        <ele>0</ele>
        <time>1970-01-01T00:00:00Z</time>
      </trkpt>
      <trkpt lat="38.49912" lon="-109.21749">
        <ele>0</ele>
        <time>1970-01-01T00:00:00Z</time>
      </trkpt>
      <trkpt lat="38.49924" lon="-109.21746">
        <ele>0</ele>
        <time>1970-01-01T00:00:00Z</time>
      </trkpt>
      <trkpt lat="38.49926" lon="-109.21745">
        <ele>0</ele>
        <time>1970-01-01T00:00:00Z</time>
      </trkpt>
      <trkpt lat="38.49925" lon="-109.21746">
        <ele>0</ele>
        <time>1970-01-01T00:00:00Z</time>
      </trkpt>
      <trkpt lat="38.49926" lon="-109.21748">
        <ele>0</ele>
        <time>1970-01-01T00:00:00Z</time>
      </trkpt>
      <trkpt lat="38.49924" lon="-109.21748">
        <ele>0</ele>
        <time>1970-01-01T00:00:00Z</time>
      </trkpt>
      <trkpt lat="38.49938" lon="-109.21747">
        <ele>0</ele>
        <time>1970-01-01T00:00:00Z</time>
      </trkpt>
      <trkpt lat="38.49946" lon="-109.21744">
        <ele>0</ele>
        <time>1970-01-01T00:00:00Z</time>
      </trkpt>
      <trkpt lat="38.49948" lon="-109.21745">
        <ele>0</ele>
        <time>1970-01-01T00:00:00Z</time>
      </trkpt>
      <trkpt lat="38.49952" lon="-109.21744">
        <ele>0</ele>
        <time>1970-01-01T00:00:00Z</time>
      </trkpt>
      <trkpt lat="38.49965" lon="-109.21745">
        <ele>0</ele>
        <time>1970-01-01T00:00:00Z</time>
      </trkpt>
      <trkpt lat="38.49962" lon="-109.21743">
        <ele>0</ele>
        <time>1970-01-01T00:00:00Z</time>
      </trkpt>
      <trkpt lat="38.49964" lon="-109.21746">
        <ele>0</ele>
        <time>1970-01-01T00:00:00Z</time>
      </trkpt>
      <trkpt lat="38.49966" lon="-109.21745">
        <ele>0</ele>
        <time>1970-01-01T00:00:00Z</time>
      </trkpt>
      <trkpt lat="38.49964" lon="-109.21746">
        <ele>0</ele>
        <time>1970-01-01T00:00:00Z</time>
      </trkpt>
      <trkpt lat="38.49966" lon="-109.21747">
        <ele>0</ele>
        <time>1970-01-01T00:00:00Z</time>
      </trkpt>
      <trkpt lat="38.49963" lon="-109.21743">
        <ele>0</ele>
        <time>1970-01-01T00:00:00Z</time>
      </trkpt>
      <trkpt lat="38.49963" lon="-109.21745">
        <ele>0</ele>
        <time>1970-01-01T00:00:00Z</time>
      </trkpt>
      <trkpt lat="38.49962" lon="-109.21744">
        <ele>0</ele>
        <time>1970-01-01T00:00:00Z</time>
      </trkpt>
      <trkpt lat="38.49961" lon="-109.21742">
        <ele>0</ele>
        <time>1970-01-01T00:00:00Z</time>
      </trkpt>
      <trkpt lat="38.49961" lon="-109.21746">
        <ele>0</ele>
        <time>1970-01-01T00:00:00Z</time>
      </trkpt>
      <trkpt lat="38.49961" lon="-109.21741">
        <ele>0</ele>
        <time>1970-01-01T00:00:00Z</time>
      </trkpt>
      <trkpt lat="38.49964" lon="-109.21742">
        <ele>0</ele>
        <time>1970-01-01T00:00:00Z</time>
      </trkpt>
      <trkpt lat="38.49965" lon="-109.21747">
        <ele>0</ele>
        <time>1970-01-01T00:00:00Z</time>
      </trkpt>
      <trkpt lat="38.49979" lon="-109.21744">
        <ele>0</ele>
        <time>1970-01-01T00:00:00Z</time>
      </trkpt>
      <trkpt lat="38.49988" lon="-109.21745">
        <ele>0</ele>
        <time>1970-01-01T00:00:00Z</time>
      </trkpt>
      <trkpt lat="38.49998" lon="-109.2175">
        <ele>0</ele>
        <time>1970-01-01T00:00:00Z</time>
      </trkpt>
      <trkpt lat="38.50001" lon="-109.21752">
        <ele>0</ele>
        <time>1970-01-01T00:00:00Z</time>
      </trkpt>
      <trkpt lat="38.50009" lon="-109.21754">
        <ele>0</ele>
        <time>1970-01-01T00:00:00Z</time>
      </trkpt>
      <trkpt lat="38.50029" lon="-109.2177">
        <ele>0</ele>
        <time>1970-01-01T00:00:00Z</time>
      </trkpt>
      <trkpt lat="38.50033" lon="-109.2177">
        <ele>0</ele>
        <time>1970-01-01T00:00:00Z</time>
      </trkpt>
      <trkpt lat="38.5004" lon="-109.21775">
        <ele>0</ele>
        <time>1970-01-01T00:00:00Z</time>
      </trkpt>
      <trkpt lat="38.50042" lon="-109.21774">
        <ele>0</ele>
        <time>1970-01-01T00:00:00Z</time>
      </trkpt>
      <trkpt lat="38.50045" lon="-109.21778">
        <ele>0</ele>
        <time>1970-01-01T00:00:00Z</time>
      </trkpt>
      <trkpt lat="38.50049" lon="-109.21778">
        <ele>0</ele>
        <time>1970-01-01T00:00:00Z</time>
      </trkpt>
      <trkpt lat="38.5005" lon="-109.21776">
        <ele>0</ele>
        <time>1970-01-01T00:00:00Z</time>
      </trkpt>
      <trkpt lat="38.50053" lon="-109.21778">
        <ele>0</ele>
        <time>1970-01-01T00:00:00Z</time>
      </trkpt>
      <trkpt lat="38.50054" lon="-109.21781">
        <ele>0</ele>
        <time>1970-01-01T00:00:00Z</time>
      </trkpt>
      <trkpt lat="38.50061" lon="-109.21786">
        <ele>0</ele>
        <time>1970-01-01T00:00:00Z</time>
      </trkpt>
      <trkpt lat="38.50066" lon="-109.21787">
        <ele>0</ele>
        <time>1970-01-01T00:00:00Z</time>
      </trkpt>
      <trkpt lat="38.50069" lon="-109.21796">
        <ele>0</ele>
        <time>1970-01-01T00:00:00Z</time>
      </trkpt>
      <trkpt lat="38.50074" lon="-109.21799">
        <ele>0</ele>
        <time>1970-01-01T00:00:00Z</time>
      </trkpt>
      <trkpt lat="38.50076" lon="-109.21797">
        <ele>0</ele>
        <time>1970-01-01T00:00:00Z</time>
      </trkpt>
      <trkpt lat="38.50078" lon="-109.21797">
        <ele>0</ele>
        <time>1970-01-01T00:00:00Z</time>
      </trkpt>
      <trkpt lat="38.50081" lon="-109.21801">
        <ele>0</ele>
        <time>1970-01-01T00:00:00Z</time>
      </trkpt>
      <trkpt lat="38.50087" lon="-109.21804">
        <ele>0</ele>
        <time>1970-01-01T00:00:00Z</time>
      </trkpt>
      <trkpt lat="38.50088" lon="-109.21806">
        <ele>0</ele>
        <time>1970-01-01T00:00:00Z</time>
      </trkpt>
      <trkpt lat="38.50091" lon="-109.21807">
        <ele>0</ele>
        <time>1970-01-01T00:00:00Z</time>
      </trkpt>
      <trkpt lat="38.50093" lon="-109.21812">
        <ele>0</ele>
        <time>1970-01-01T00:00:00Z</time>
      </trkpt>
      <trkpt lat="38.50099" lon="-109.21815">
        <ele>0</ele>
        <time>1970-01-01T00:00:00Z</time>
      </trkpt>
      <trkpt lat="38.50098" lon="-109.21817">
        <ele>0</ele>
        <time>1970-01-01T00:00:00Z</time>
      </trkpt>
      <trkpt lat="38.501" lon="-109.21818">
        <ele>0</ele>
        <time>1970-01-01T00:00:00Z</time>
      </trkpt>
      <trkpt lat="38.50099" lon="-109.21823">
        <ele>0</ele>
        <time>1970-01-01T00:00:00Z</time>
      </trkpt>
      <trkpt lat="38.50102" lon="-109.21819">
        <ele>0</ele>
        <time>1970-01-01T00:00:00Z</time>
      </trkpt>
      <trkpt lat="38.50101" lon="-109.21816">
        <ele>0</ele>
        <time>1970-01-01T00:00:00Z</time>
      </trkpt>
      <trkpt lat="38.50099" lon="-109.2182">
        <ele>0</ele>
        <time>1970-01-01T00:00:00Z</time>
      </trkpt>
      <trkpt lat="38.50102" lon="-109.2182">
        <ele>0</ele>
        <time>1970-01-01T00:00:00Z</time>
      </trkpt>
      <trkpt lat="38.50111" lon="-109.21831">
        <ele>0</ele>
        <time>1970-01-01T00:00:00Z</time>
      </trkpt>
      <trkpt lat="38.50116" lon="-109.21842">
        <ele>0</ele>
        <time>1970-01-01T00:00:00Z</time>
      </trkpt>
      <trkpt lat="38.50122" lon="-109.21846">
        <ele>0</ele>
        <time>1970-01-01T00:00:00Z</time>
      </trkpt>
      <trkpt lat="38.5013" lon="-109.21857">
        <ele>0</ele>
        <time>1970-01-01T00:00:00Z</time>
      </trkpt>
      <trkpt lat="38.50132" lon="-109.21856">
        <ele>0</ele>
        <time>1970-01-01T00:00:00Z</time>
      </trkpt>
      <trkpt lat="38.50132" lon="-109.21859">
        <ele>0</ele>
        <time>1970-01-01T00:00:00Z</time>
      </trkpt>
      <trkpt lat="38.50137" lon="-109.21863">
        <ele>0</ele>
        <time>1970-01-01T00:00:00Z</time>
      </trkpt>
      <trkpt lat="38.50138" lon="-109.21866">
        <ele>0</ele>
        <time>1970-01-01T00:00:00Z</time>
      </trkpt>
      <trkpt lat="38.5014" lon="-109.21865">
        <ele>0</ele>
        <time>1970-01-01T00:00:00Z</time>
      </trkpt>
      <trkpt lat="38.50142" lon="-109.2187">
        <ele>0</ele>
        <time>1970-01-01T00:00:00Z</time>
      </trkpt>
      <trkpt lat="38.50146" lon="-109.21874">
        <ele>0</ele>
        <time>1970-01-01T00:00:00Z</time>
      </trkpt>
      <trkpt lat="38.50151" lon="-109.21883">
        <ele>0</ele>
        <time>1970-01-01T00:00:00Z</time>
      </trkpt>
      <trkpt lat="38.50156" lon="-109.21881">
        <ele>0</ele>
        <time>1970-01-01T00:00:00Z</time>
      </trkpt>
      <trkpt lat="38.50151" lon="-109.21886">
        <ele>0</ele>
        <time>1970-01-01T00:00:00Z</time>
      </trkpt>
      <trkpt lat="38.50157" lon="-109.2189">
        <ele>0</ele>
        <time>1970-01-01T00:00:00Z</time>
      </trkpt>
      <trkpt lat="38.50158" lon="-109.21896">
        <ele>0</ele>
        <time>1970-01-01T00:00:00Z</time>
      </trkpt>
      <trkpt lat="38.50167" lon="-109.21907">
        <ele>0</ele>
        <time>1970-01-01T00:00:00Z</time>
      </trkpt>
      <trkpt lat="38.50164" lon="-109.21903">
        <ele>0</ele>
        <time>1970-01-01T00:00:00Z</time>
      </trkpt>
      <trkpt lat="38.50165" lon="-109.21909">
        <ele>0</ele>
        <time>1970-01-01T00:00:00Z</time>
      </trkpt>
      <trkpt lat="38.50169" lon="-109.21908">
        <ele>0</ele>
        <time>1970-01-01T00:00:00Z</time>
      </trkpt>
      <trkpt lat="38.50175" lon="-109.21915">
        <ele>0</ele>
        <time>1970-01-01T00:00:00Z</time>
      </trkpt>
      <trkpt lat="38.50175" lon="-109.21917">
        <ele>0</ele>
        <time>1970-01-01T00:00:00Z</time>
      </trkpt>
      <trkpt lat="38.50177" lon="-109.21915">
        <ele>0</ele>
        <time>1970-01-01T00:00:00Z</time>
      </trkpt>
      <trkpt lat="38.50177" lon="-109.21918">
        <ele>0</ele>
        <time>1970-01-01T00:00:00Z</time>
      </trkpt>
      <trkpt lat="38.50178" lon="-109.21913">
        <ele>0</ele>
        <time>1970-01-01T00:00:00Z</time>
      </trkpt>
      <trkpt lat="38.50177" lon="-109.21915">
        <ele>0</ele>
        <time>1970-01-01T00:00:00Z</time>
      </trkpt>
      <trkpt lat="38.50175" lon="-109.21914">
        <ele>0</ele>
        <time>1970-01-01T00:00:00Z</time>
      </trkpt>
      <trkpt lat="38.50176" lon="-109.21916">
        <ele>0</ele>
        <time>1970-01-01T00:00:00Z</time>
      </trkpt>
      <trkpt lat="38.50184" lon="-109.21924">
        <ele>0</ele>
        <time>1970-01-01T00:00:00Z</time>
      </trkpt>
      <trkpt lat="38.50187" lon="-109.2193">
        <ele>0</ele>
        <time>1970-01-01T00:00:00Z</time>
      </trkpt>
      <trkpt lat="38.50203" lon="-109.21941">
        <ele>0</ele>
        <time>1970-01-01T00:00:00Z</time>
      </trkpt>
      <trkpt lat="38.50212" lon="-109.21958">
        <ele>0</ele>
        <time>1970-01-01T00:00:00Z</time>
      </trkpt>
      <trkpt lat="38.50218" lon="-109.21965">
        <ele>0</ele>
        <time>1970-01-01T00:00:00Z</time>
      </trkpt>
      <trkpt lat="38.50219" lon="-109.2197">
        <ele>0</ele>
        <time>1970-01-01T00:00:00Z</time>
      </trkpt>
      <trkpt lat="38.50211" lon="-109.21972">
        <ele>0</ele>
        <time>1970-01-01T00:00:00Z</time>
      </trkpt>
      <trkpt lat="38.50208" lon="-109.21971">
        <ele>0</ele>
        <time>1970-01-01T00:00:00Z</time>
      </trkpt>
      <trkpt lat="38.5021" lon="-109.21972">
        <ele>0</ele>
        <time>1970-01-01T00:00:00Z</time>
      </trkpt>
      <trkpt lat="38.50209" lon="-109.21976">
        <ele>0</ele>
        <time>1970-01-01T00:00:00Z</time>
      </trkpt>
      <trkpt lat="38.50211" lon="-109.21979">
        <ele>0</ele>
        <time>1970-01-01T00:00:00Z</time>
      </trkpt>
      <trkpt lat="38.50218" lon="-109.21981">
        <ele>0</ele>
        <time>1970-01-01T00:00:00Z</time>
      </trkpt>
      <trkpt lat="38.5022" lon="-109.2199">
        <ele>0</ele>
        <time>1970-01-01T00:00:00Z</time>
      </trkpt>
      <trkpt lat="38.50215" lon="-109.22009">
        <ele>0</ele>
        <time>1970-01-01T00:00:00Z</time>
      </trkpt>
      <trkpt lat="38.50206" lon="-109.22031">
        <ele>0</ele>
        <time>1970-01-01T00:00:00Z</time>
      </trkpt>
      <trkpt lat="38.50199" lon="-109.22064">
        <ele>0</ele>
        <time>1970-01-01T00:00:00Z</time>
      </trkpt>
      <trkpt lat="38.50201" lon="-109.22074">
        <ele>0</ele>
        <time>1970-01-01T00:00:00Z</time>
      </trkpt>
      <trkpt lat="38.50204" lon="-109.22079">
        <ele>0</ele>
        <time>1970-01-01T00:00:00Z</time>
      </trkpt>
      <trkpt lat="38.50206" lon="-109.2209">
        <ele>0</ele>
        <time>1970-01-01T00:00:00Z</time>
      </trkpt>
      <trkpt lat="38.50206" lon="-109.22105">
        <ele>0</ele>
        <time>1970-01-01T00:00:00Z</time>
      </trkpt>
      <trkpt lat="38.5021" lon="-109.22109">
        <ele>0</ele>
        <time>1970-01-01T00:00:00Z</time>
      </trkpt>
      <trkpt lat="38.50217" lon="-109.22105">
        <ele>0</ele>
        <time>1970-01-01T00:00:00Z</time>
      </trkpt>
      <trkpt lat="38.5022" lon="-109.22098">
        <ele>0</ele>
        <time>1970-01-01T00:00:00Z</time>
      </trkpt>
      <trkpt lat="38.50222" lon="-109.22088">
        <ele>0</ele>
        <time>1970-01-01T00:00:00Z</time>
      </trkpt>
      <trkpt lat="38.50224" lon="-109.22085">
        <ele>0</ele>
        <time>1970-01-01T00:00:00Z</time>
      </trkpt>
      <trkpt lat="38.50227" lon="-109.22088">
        <ele>0</ele>
        <time>1970-01-01T00:00:00Z</time>
      </trkpt>
      <trkpt lat="38.50226" lon="-109.22098">
        <ele>0</ele>
        <time>1970-01-01T00:00:00Z</time>
      </trkpt>
      <trkpt lat="38.50228" lon="-109.22107">
        <ele>0</ele>
        <time>1970-01-01T00:00:00Z</time>
      </trkpt>
      <trkpt lat="38.50227" lon="-109.22114">
        <ele>0</ele>
        <time>1970-01-01T00:00:00Z</time>
      </trkpt>
      <trkpt lat="38.5023" lon="-109.22129">
        <ele>0</ele>
        <time>1970-01-01T00:00:00Z</time>
      </trkpt>
      <trkpt lat="38.50233" lon="-109.22132">
        <ele>0</ele>
        <time>1970-01-01T00:00:00Z</time>
      </trkpt>
      <trkpt lat="38.50236" lon="-109.22129">
        <ele>0</ele>
        <time>1970-01-01T00:00:00Z</time>
      </trkpt>
      <trkpt lat="38.5024" lon="-109.22119">
        <ele>0</ele>
        <time>1970-01-01T00:00:00Z</time>
      </trkpt>
      <trkpt lat="38.50239" lon="-109.22112">
        <ele>0</ele>
        <time>1970-01-01T00:00:00Z</time>
      </trkpt>
      <trkpt lat="38.50242" lon="-109.221">
        <ele>0</ele>
        <time>1970-01-01T00:00:00Z</time>
      </trkpt>
      <trkpt lat="38.50242" lon="-109.22087">
        <ele>0</ele>
        <time>1970-01-01T00:00:00Z</time>
      </trkpt>
      <trkpt lat="38.50245" lon="-109.22087">
        <ele>0</ele>
        <time>1970-01-01T00:00:00Z</time>
      </trkpt>
      <trkpt lat="38.50246" lon="-109.22096">
        <ele>0</ele>
        <time>1970-01-01T00:00:00Z</time>
      </trkpt>
      <trkpt lat="38.50246" lon="-109.22093">
        <ele>0</ele>
        <time>1970-01-01T00:00:00Z</time>
      </trkpt>
      <trkpt lat="38.50245" lon="-109.22096">
        <ele>0</ele>
        <time>1970-01-01T00:00:00Z</time>
      </trkpt>
      <trkpt lat="38.50246" lon="-109.22098">
        <ele>0</ele>
        <time>1970-01-01T00:00:00Z</time>
      </trkpt>
      <trkpt lat="38.50247" lon="-109.22098">
        <ele>0</ele>
        <time>1970-01-01T00:00:00Z</time>
      </trkpt>
      <trkpt lat="38.50246" lon="-109.22097">
        <ele>0</ele>
        <time>1970-01-01T00:00:00Z</time>
      </trkpt>
      <trkpt lat="38.50254" lon="-109.22118">
        <ele>0</ele>
        <time>1970-01-01T00:00:00Z</time>
      </trkpt>
      <trkpt lat="38.50254" lon="-109.22129">
        <ele>0</ele>
        <time>1970-01-01T00:00:00Z</time>
      </trkpt>
      <trkpt lat="38.50258" lon="-109.22135">
        <ele>0</ele>
        <time>1970-01-01T00:00:00Z</time>
      </trkpt>
      <trkpt lat="38.50262" lon="-109.22154">
        <ele>0</ele>
        <time>1970-01-01T00:00:00Z</time>
      </trkpt>
      <trkpt lat="38.50268" lon="-109.22166">
        <ele>0</ele>
        <time>1970-01-01T00:00:00Z</time>
      </trkpt>
      <trkpt lat="38.5027" lon="-109.22175">
        <ele>0</ele>
        <time>1970-01-01T00:00:00Z</time>
      </trkpt>
      <trkpt lat="38.50286" lon="-109.22188">
        <ele>0</ele>
        <time>1970-01-01T00:00:00Z</time>
      </trkpt>
      <trkpt lat="38.50295" lon="-109.22193">
        <ele>0</ele>
        <time>1970-01-01T00:00:00Z</time>
      </trkpt>
      <trkpt lat="38.50301" lon="-109.222">
        <ele>0</ele>
        <time>1970-01-01T00:00:00Z</time>
      </trkpt>
      <trkpt lat="38.50302" lon="-109.22206">
        <ele>0</ele>
        <time>1970-01-01T00:00:00Z</time>
      </trkpt>
      <trkpt lat="38.50306" lon="-109.22216">
        <ele>0</ele>
        <time>1970-01-01T00:00:00Z</time>
      </trkpt>
      <trkpt lat="38.5031" lon="-109.22236">
        <ele>0</ele>
        <time>1970-01-01T00:00:00Z</time>
      </trkpt>
      <trkpt lat="38.50315" lon="-109.22245">
        <ele>0</ele>
        <time>1970-01-01T00:00:00Z</time>
      </trkpt>
      <trkpt lat="38.50322" lon="-109.2225">
        <ele>0</ele>
        <time>1970-01-01T00:00:00Z</time>
      </trkpt>
      <trkpt lat="38.50327" lon="-109.22262">
        <ele>0</ele>
        <time>1970-01-01T00:00:00Z</time>
      </trkpt>
      <trkpt lat="38.50327" lon="-109.22266">
        <ele>0</ele>
        <time>1970-01-01T00:00:00Z</time>
      </trkpt>
      <trkpt lat="38.50319" lon="-109.22285">
        <ele>0</ele>
        <time>1970-01-01T00:00:00Z</time>
      </trkpt>
      <trkpt lat="38.50312" lon="-109.22296">
        <ele>0</ele>
        <time>1970-01-01T00:00:00Z</time>
      </trkpt>
      <trkpt lat="38.50302" lon="-109.22319">
        <ele>0</ele>
        <time>1970-01-01T00:00:00Z</time>
      </trkpt>
      <trkpt lat="38.50296" lon="-109.22328">
        <ele>0</ele>
        <time>1970-01-01T00:00:00Z</time>
      </trkpt>
      <trkpt lat="38.50278" lon="-109.22366">
        <ele>0</ele>
        <time>1970-01-01T00:00:00Z</time>
      </trkpt>
      <trkpt lat="38.50278" lon="-109.22363">
        <ele>0</ele>
        <time>1970-01-01T00:00:00Z</time>
      </trkpt>
      <trkpt lat="38.50276" lon="-109.22363">
        <ele>0</ele>
        <time>1970-01-01T00:00:00Z</time>
      </trkpt>
      <trkpt lat="38.50276" lon="-109.22365">
        <ele>0</ele>
        <time>1970-01-01T00:00:00Z</time>
      </trkpt>
      <trkpt lat="38.50278" lon="-109.22364">
        <ele>0</ele>
        <time>1970-01-01T00:00:00Z</time>
      </trkpt>
      <trkpt lat="38.50279" lon="-109.22361">
        <ele>0</ele>
        <time>1970-01-01T00:00:00Z</time>
      </trkpt>
      <trkpt lat="38.50278" lon="-109.22363">
        <ele>0</ele>
        <time>1970-01-01T00:00:00Z</time>
      </trkpt>
      <trkpt lat="38.50276" lon="-109.22364">
        <ele>0</ele>
        <time>1970-01-01T00:00:00Z</time>
      </trkpt>
      <trkpt lat="38.50278" lon="-109.22362">
        <ele>0</ele>
        <time>1970-01-01T00:00:00Z</time>
      </trkpt>
      <trkpt lat="38.50277" lon="-109.22364">
        <ele>0</ele>
        <time>1970-01-01T00:00:00Z</time>
      </trkpt>
      <trkpt lat="38.50278" lon="-109.22362">
        <ele>0</ele>
        <time>1970-01-01T00:00:00Z</time>
      </trkpt>
      <trkpt lat="38.50277" lon="-109.22365">
        <ele>0</ele>
        <time>1970-01-01T00:00:00Z</time>
      </trkpt>
      <trkpt lat="38.50278" lon="-109.22363">
        <ele>0</ele>
        <time>1970-01-01T00:00:00Z</time>
      </trkpt>
      <trkpt lat="38.50279" lon="-109.22365">
        <ele>0</ele>
        <time>1970-01-01T00:00:00Z</time>
      </trkpt>
      <trkpt lat="38.50278" lon="-109.22367">
        <ele>0</ele>
        <time>1970-01-01T00:00:00Z</time>
      </trkpt>
      <trkpt lat="38.50276" lon="-109.22367">
        <ele>0</ele>
        <time>1970-01-01T00:00:00Z</time>
      </trkpt>
      <trkpt lat="38.50276" lon="-109.2237">
        <ele>0</ele>
        <time>1970-01-01T00:00:00Z</time>
      </trkpt>
      <trkpt lat="38.50266" lon="-109.2238">
        <ele>0</ele>
        <time>1970-01-01T00:00:00Z</time>
      </trkpt>
      <trkpt lat="38.50261" lon="-109.22383">
        <ele>0</ele>
        <time>1970-01-01T00:00:00Z</time>
      </trkpt>
      <trkpt lat="38.50254" lon="-109.22395">
        <ele>0</ele>
        <time>1970-01-01T00:00:00Z</time>
      </trkpt>
      <trkpt lat="38.50252" lon="-109.22396">
        <ele>0</ele>
        <time>1970-01-01T00:00:00Z</time>
      </trkpt>
      <trkpt lat="38.50241" lon="-109.22408">
        <ele>0</ele>
        <time>1970-01-01T00:00:00Z</time>
      </trkpt>
      <trkpt lat="38.50234" lon="-109.22412">
        <ele>0</ele>
        <time>1970-01-01T00:00:00Z</time>
      </trkpt>
      <trkpt lat="38.50231" lon="-109.22416">
        <ele>0</ele>
        <time>1970-01-01T00:00:00Z</time>
      </trkpt>
      <trkpt lat="38.50232" lon="-109.22419">
        <ele>0</ele>
        <time>1970-01-01T00:00:00Z</time>
      </trkpt>
      <trkpt lat="38.50235" lon="-109.22419">
        <ele>0</ele>
        <time>1970-01-01T00:00:00Z</time>
      </trkpt>
      <trkpt lat="38.50238" lon="-109.22415">
        <ele>0</ele>
        <time>1970-01-01T00:00:00Z</time>
      </trkpt>
      <trkpt lat="38.5025" lon="-109.22416">
        <ele>0</ele>
        <time>1970-01-01T00:00:00Z</time>
      </trkpt>
      <trkpt lat="38.5026" lon="-109.22411">
        <ele>0</ele>
        <time>1970-01-01T00:00:00Z</time>
      </trkpt>
      <trkpt lat="38.50268" lon="-109.22403">
        <ele>0</ele>
        <time>1970-01-01T00:00:00Z</time>
      </trkpt>
      <trkpt lat="38.5027" lon="-109.22402">
        <ele>0</ele>
        <time>1970-01-01T00:00:00Z</time>
      </trkpt>
      <trkpt lat="38.50272" lon="-109.22403">
        <ele>0</ele>
        <time>1970-01-01T00:00:00Z</time>
      </trkpt>
      <trkpt lat="38.50273" lon="-109.22406">
        <ele>0</ele>
        <time>1970-01-01T00:00:00Z</time>
      </trkpt>
      <trkpt lat="38.50269" lon="-109.22409">
        <ele>0</ele>
        <time>1970-01-01T00:00:00Z</time>
      </trkpt>
      <trkpt lat="38.50267" lon="-109.2241">
        <ele>0</ele>
        <time>1970-01-01T00:00:00Z</time>
      </trkpt>
      <trkpt lat="38.50262" lon="-109.22417">
        <ele>0</ele>
        <time>1970-01-01T00:00:00Z</time>
      </trkpt>
      <trkpt lat="38.50259" lon="-109.22429">
        <ele>0</ele>
        <time>1970-01-01T00:00:00Z</time>
      </trkpt>
      <trkpt lat="38.5025" lon="-109.22439">
        <ele>0</ele>
        <time>1970-01-01T00:00:00Z</time>
      </trkpt>
      <trkpt lat="38.50242" lon="-109.22455">
        <ele>0</ele>
        <time>1970-01-01T00:00:00Z</time>
      </trkpt>
      <trkpt lat="38.50242" lon="-109.22466">
        <ele>0</ele>
        <time>1970-01-01T00:00:00Z</time>
      </trkpt>
      <trkpt lat="38.50246" lon="-109.22464">
        <ele>0</ele>
        <time>1970-01-01T00:00:00Z</time>
      </trkpt>
      <trkpt lat="38.50255" lon="-109.22453">
        <ele>0</ele>
        <time>1970-01-01T00:00:00Z</time>
      </trkpt>
      <trkpt lat="38.50259" lon="-109.22453">
        <ele>0</ele>
        <time>1970-01-01T00:00:00Z</time>
      </trkpt>
      <trkpt lat="38.5026" lon="-109.22455">
        <ele>0</ele>
        <time>1970-01-01T00:00:00Z</time>
      </trkpt>
      <trkpt lat="38.50257" lon="-109.2246">
        <ele>0</ele>
        <time>1970-01-01T00:00:00Z</time>
      </trkpt>
      <trkpt lat="38.50247" lon="-109.22468">
        <ele>0</ele>
        <time>1970-01-01T00:00:00Z</time>
      </trkpt>
      <trkpt lat="38.50246" lon="-109.22472">
        <ele>0</ele>
        <time>1970-01-01T00:00:00Z</time>
      </trkpt>
      <trkpt lat="38.50247" lon="-109.22475">
        <ele>0</ele>
        <time>1970-01-01T00:00:00Z</time>
      </trkpt>
      <trkpt lat="38.50251" lon="-109.22475">
        <ele>0</ele>
        <time>1970-01-01T00:00:00Z</time>
      </trkpt>
      <trkpt lat="38.50259" lon="-109.2247">
        <ele>0</ele>
        <time>1970-01-01T00:00:00Z</time>
      </trkpt>
      <trkpt lat="38.50279" lon="-109.22447">
        <ele>0</ele>
        <time>1970-01-01T00:00:00Z</time>
      </trkpt>
      <trkpt lat="38.50286" lon="-109.22441">
        <ele>0</ele>
        <time>1970-01-01T00:00:00Z</time>
      </trkpt>
      <trkpt lat="38.50288" lon="-109.22442">
        <ele>0</ele>
        <time>1970-01-01T00:00:00Z</time>
      </trkpt>
      <trkpt lat="38.50287" lon="-109.22446">
        <ele>0</ele>
        <time>1970-01-01T00:00:00Z</time>
      </trkpt>
      <trkpt lat="38.50284" lon="-109.22447">
        <ele>0</ele>
        <time>1970-01-01T00:00:00Z</time>
      </trkpt>
      <trkpt lat="38.50286" lon="-109.22451">
        <ele>0</ele>
        <time>1970-01-01T00:00:00Z</time>
      </trkpt>
      <trkpt lat="38.50283" lon="-109.22452">
        <ele>0</ele>
        <time>1970-01-01T00:00:00Z</time>
      </trkpt>
      <trkpt lat="38.50284" lon="-109.22454">
        <ele>0</ele>
        <time>1970-01-01T00:00:00Z</time>
      </trkpt>
      <trkpt lat="38.50285" lon="-109.22462">
        <ele>0</ele>
        <time>1970-01-01T00:00:00Z</time>
      </trkpt>
      <trkpt lat="38.50283" lon="-109.22464">
        <ele>0</ele>
        <time>1970-01-01T00:00:00Z</time>
      </trkpt>
      <trkpt lat="38.50281" lon="-109.22482">
        <ele>0</ele>
        <time>1970-01-01T00:00:00Z</time>
      </trkpt>
      <trkpt lat="38.50278" lon="-109.22486">
        <ele>0</ele>
        <time>1970-01-01T00:00:00Z</time>
      </trkpt>
      <trkpt lat="38.50277" lon="-109.22493">
        <ele>0</ele>
        <time>1970-01-01T00:00:00Z</time>
      </trkpt>
      <trkpt lat="38.50275" lon="-109.22496">
        <ele>0</ele>
        <time>1970-01-01T00:00:00Z</time>
      </trkpt>
      <trkpt lat="38.50275" lon="-109.22502">
        <ele>0</ele>
        <time>1970-01-01T00:00:00Z</time>
      </trkpt>
      <trkpt lat="38.50278" lon="-109.22506">
        <ele>0</ele>
        <time>1970-01-01T00:00:00Z</time>
      </trkpt>
      <trkpt lat="38.50277" lon="-109.22509">
        <ele>0</ele>
        <time>1970-01-01T00:00:00Z</time>
      </trkpt>
      <trkpt lat="38.5028" lon="-109.22521">
        <ele>0</ele>
        <time>1970-01-01T00:00:00Z</time>
      </trkpt>
      <trkpt lat="38.50277" lon="-109.2253">
        <ele>0</ele>
        <time>1970-01-01T00:00:00Z</time>
      </trkpt>
      <trkpt lat="38.50277" lon="-109.22551">
        <ele>0</ele>
        <time>1970-01-01T00:00:00Z</time>
      </trkpt>
      <trkpt lat="38.50285" lon="-109.22583">
        <ele>0</ele>
        <time>1970-01-01T00:00:00Z</time>
      </trkpt>
      <trkpt lat="38.50285" lon="-109.22586">
        <ele>0</ele>
        <time>1970-01-01T00:00:00Z</time>
      </trkpt>
      <trkpt lat="38.50287" lon="-109.22588">
        <ele>0</ele>
        <time>1970-01-01T00:00:00Z</time>
      </trkpt>
      <trkpt lat="38.50286" lon="-109.22593">
        <ele>0</ele>
        <time>1970-01-01T00:00:00Z</time>
      </trkpt>
      <trkpt lat="38.50287" lon="-109.22594">
        <ele>0</ele>
        <time>1970-01-01T00:00:00Z</time>
      </trkpt>
      <trkpt lat="38.50287" lon="-109.22601">
        <ele>0</ele>
        <time>1970-01-01T00:00:00Z</time>
      </trkpt>
      <trkpt lat="38.50285" lon="-109.22615">
        <ele>0</ele>
        <time>1970-01-01T00:00:00Z</time>
      </trkpt>
      <trkpt lat="38.50287" lon="-109.22619">
        <ele>0</ele>
        <time>1970-01-01T00:00:00Z</time>
      </trkpt>
      <trkpt lat="38.50289" lon="-109.22618">
        <ele>0</ele>
        <time>1970-01-01T00:00:00Z</time>
      </trkpt>
      <trkpt lat="38.50286" lon="-109.22628">
        <ele>0</ele>
        <time>1970-01-01T00:00:00Z</time>
      </trkpt>
      <trkpt lat="38.50284" lon="-109.2263">
        <ele>0</ele>
        <time>1970-01-01T00:00:00Z</time>
      </trkpt>
      <trkpt lat="38.50282" lon="-109.22625">
        <ele>0</ele>
        <time>1970-01-01T00:00:00Z</time>
      </trkpt>
      <trkpt lat="38.50279" lon="-109.22625">
        <ele>0</ele>
        <time>1970-01-01T00:00:00Z</time>
      </trkpt>
      <trkpt lat="38.5027" lon="-109.22619">
        <ele>0</ele>
        <time>1970-01-01T00:00:00Z</time>
      </trkpt>
      <trkpt lat="38.50268" lon="-109.22619">
        <ele>0</ele>
        <time>1970-01-01T00:00:00Z</time>
      </trkpt>
      <trkpt lat="38.50254" lon="-109.22611">
        <ele>0</ele>
        <time>1970-01-01T00:00:00Z</time>
      </trkpt>
      <trkpt lat="38.50252" lon="-109.22603">
        <ele>0</ele>
        <time>1970-01-01T00:00:00Z</time>
      </trkpt>
      <trkpt lat="38.50248" lon="-109.226">
        <ele>0</ele>
        <time>1970-01-01T00:00:00Z</time>
      </trkpt>
      <trkpt lat="38.50245" lon="-109.22601">
        <ele>0</ele>
        <time>1970-01-01T00:00:00Z</time>
      </trkpt>
      <trkpt lat="38.50248" lon="-109.22609">
        <ele>0</ele>
        <time>1970-01-01T00:00:00Z</time>
      </trkpt>
      <trkpt lat="38.50248" lon="-109.22612">
        <ele>0</ele>
        <time>1970-01-01T00:00:00Z</time>
      </trkpt>
      <trkpt lat="38.50261" lon="-109.22633">
        <ele>0</ele>
        <time>1970-01-01T00:00:00Z</time>
      </trkpt>
      <trkpt lat="38.50263" lon="-109.22634">
        <ele>0</ele>
        <time>1970-01-01T00:00:00Z</time>
      </trkpt>
      <trkpt lat="38.50269" lon="-109.22649">
        <ele>0</ele>
        <time>1970-01-01T00:00:00Z</time>
      </trkpt>
      <trkpt lat="38.50272" lon="-109.2265">
        <ele>0</ele>
        <time>1970-01-01T00:00:00Z</time>
      </trkpt>
      <trkpt lat="38.50271" lon="-109.22655">
        <ele>0</ele>
        <time>1970-01-01T00:00:00Z</time>
      </trkpt>
      <trkpt lat="38.50277" lon="-109.22668">
        <ele>0</ele>
        <time>1970-01-01T00:00:00Z</time>
      </trkpt>
      <trkpt lat="38.50294" lon="-109.22686">
        <ele>0</ele>
        <time>1970-01-01T00:00:00Z</time>
      </trkpt>
      <trkpt lat="38.50306" lon="-109.22703">
        <ele>0</ele>
        <time>1970-01-01T00:00:00Z</time>
      </trkpt>
      <trkpt lat="38.50314" lon="-109.22718">
        <ele>0</ele>
        <time>1970-01-01T00:00:00Z</time>
      </trkpt>
      <trkpt lat="38.50327" lon="-109.22735">
        <ele>0</ele>
        <time>1970-01-01T00:00:00Z</time>
      </trkpt>
      <trkpt lat="38.50329" lon="-109.22742">
        <ele>0</ele>
        <time>1970-01-01T00:00:00Z</time>
      </trkpt>
      <trkpt lat="38.50333" lon="-109.22748">
        <ele>0</ele>
        <time>1970-01-01T00:00:00Z</time>
      </trkpt>
      <trkpt lat="38.50346" lon="-109.22754">
        <ele>0</ele>
        <time>1970-01-01T00:00:00Z</time>
      </trkpt>
      <trkpt lat="38.50345" lon="-109.22756">
        <ele>0</ele>
        <time>1970-01-01T00:00:00Z</time>
      </trkpt>
      <trkpt lat="38.50339" lon="-109.22755">
        <ele>0</ele>
        <time>1970-01-01T00:00:00Z</time>
      </trkpt>
      <trkpt lat="38.50342" lon="-109.22758">
        <ele>0</ele>
        <time>1970-01-01T00:00:00Z</time>
      </trkpt>
      <trkpt lat="38.50343" lon="-109.22756">
        <ele>0</ele>
        <time>1970-01-01T00:00:00Z</time>
      </trkpt>
      <trkpt lat="38.50339" lon="-109.22754">
        <ele>0</ele>
        <time>1970-01-01T00:00:00Z</time>
      </trkpt>
      <trkpt lat="38.50339" lon="-109.22756">
        <ele>0</ele>
        <time>1970-01-01T00:00:00Z</time>
      </trkpt>
      <trkpt lat="38.50339" lon="-109.22754">
        <ele>0</ele>
        <time>1970-01-01T00:00:00Z</time>
      </trkpt>
      <trkpt lat="38.50341" lon="-109.2275">
        <ele>0</ele>
        <time>1970-01-01T00:00:00Z</time>
      </trkpt>
      <trkpt lat="38.50338" lon="-109.22752">
        <ele>0</ele>
        <time>1970-01-01T00:00:00Z</time>
      </trkpt>
      <trkpt lat="38.50341" lon="-109.22754">
        <ele>0</ele>
        <time>1970-01-01T00:00:00Z</time>
      </trkpt>
      <trkpt lat="38.5034" lon="-109.22753">
        <ele>0</ele>
        <time>1970-01-01T00:00:00Z</time>
      </trkpt>
      <trkpt lat="38.50339" lon="-109.22754">
        <ele>0</ele>
        <time>1970-01-01T00:00:00Z</time>
      </trkpt>
      <trkpt lat="38.50341" lon="-109.22754">
        <ele>0</ele>
        <time>1970-01-01T00:00:00Z</time>
      </trkpt>
      <trkpt lat="38.50341" lon="-109.22752">
        <ele>0</ele>
        <time>1970-01-01T00:00:00Z</time>
      </trkpt>
      <trkpt lat="38.50341" lon="-109.22754">
        <ele>0</ele>
        <time>1970-01-01T00:00:00Z</time>
      </trkpt>
      <trkpt lat="38.50339" lon="-109.2275">
        <ele>0</ele>
        <time>1970-01-01T00:00:00Z</time>
      </trkpt>
      <trkpt lat="38.50337" lon="-109.22754">
        <ele>0</ele>
        <time>1970-01-01T00:00:00Z</time>
      </trkpt>
      <trkpt lat="38.50339" lon="-109.22754">
        <ele>0</ele>
        <time>1970-01-01T00:00:00Z</time>
      </trkpt>
      <trkpt lat="38.50337" lon="-109.22754">
        <ele>0</ele>
        <time>1970-01-01T00:00:00Z</time>
      </trkpt>
      <trkpt lat="38.50339" lon="-109.22753">
        <ele>0</ele>
        <time>1970-01-01T00:00:00Z</time>
      </trkpt>
      <trkpt lat="38.50335" lon="-109.22752">
        <ele>0</ele>
        <time>1970-01-01T00:00:00Z</time>
      </trkpt>
      <trkpt lat="38.50334" lon="-109.2275">
        <ele>0</ele>
        <time>1970-01-01T00:00:00Z</time>
      </trkpt>
      <trkpt lat="38.50334" lon="-109.22755">
        <ele>0</ele>
        <time>1970-01-01T00:00:00Z</time>
      </trkpt>
      <trkpt lat="38.50338" lon="-109.22755">
        <ele>0</ele>
        <time>1970-01-01T00:00:00Z</time>
      </trkpt>
      <trkpt lat="38.50339" lon="-109.22753">
        <ele>0</ele>
        <time>1970-01-01T00:00:00Z</time>
      </trkpt>
      <trkpt lat="38.50337" lon="-109.22755">
        <ele>0</ele>
        <time>1970-01-01T00:00:00Z</time>
      </trkpt>
      <trkpt lat="38.50336" lon="-109.22753">
        <ele>0</ele>
        <time>1970-01-01T00:00:00Z</time>
      </trkpt>
      <trkpt lat="38.50337" lon="-109.22755">
        <ele>0</ele>
        <time>1970-01-01T00:00:00Z</time>
      </trkpt>
      <trkpt lat="38.50339" lon="-109.22754">
        <ele>0</ele>
        <time>1970-01-01T00:00:00Z</time>
      </trkpt>
      <trkpt lat="38.50336" lon="-109.22758">
        <ele>0</ele>
        <time>1970-01-01T00:00:00Z</time>
      </trkpt>
      <trkpt lat="38.50334" lon="-109.22758">
        <ele>0</ele>
        <time>1970-01-01T00:00:00Z</time>
      </trkpt>
      <trkpt lat="38.50338" lon="-109.22756">
        <ele>0</ele>
        <time>1970-01-01T00:00:00Z</time>
      </trkpt>
      <trkpt lat="38.5034" lon="-109.22752">
        <ele>0</ele>
        <time>1970-01-01T00:00:00Z</time>
      </trkpt>
      <trkpt lat="38.50336" lon="-109.22751">
        <ele>0</ele>
        <time>1970-01-01T00:00:00Z</time>
      </trkpt>
      <trkpt lat="38.50333" lon="-109.22756">
        <ele>0</ele>
        <time>1970-01-01T00:00:00Z</time>
      </trkpt>
      <trkpt lat="38.50335" lon="-109.22757">
        <ele>0</ele>
        <time>1970-01-01T00:00:00Z</time>
      </trkpt>
      <trkpt lat="38.50337" lon="-109.22755">
        <ele>0</ele>
        <time>1970-01-01T00:00:00Z</time>
      </trkpt>
      <trkpt lat="38.50339" lon="-109.22754">
        <ele>0</ele>
        <time>1970-01-01T00:00:00Z</time>
      </trkpt>
      <trkpt lat="38.50334" lon="-109.22753">
        <ele>0</ele>
        <time>1970-01-01T00:00:00Z</time>
      </trkpt>
      <trkpt lat="38.50336" lon="-109.22752">
        <ele>0</ele>
        <time>1970-01-01T00:00:00Z</time>
      </trkpt>
      <trkpt lat="38.5034" lon="-109.22753">
        <ele>0</ele>
        <time>1970-01-01T00:00:00Z</time>
      </trkpt>
      <trkpt lat="38.50338" lon="-109.22753">
        <ele>0</ele>
        <time>1970-01-01T00:00:00Z</time>
      </trkpt>
      <trkpt lat="38.50336" lon="-109.22752">
        <ele>0</ele>
        <time>1970-01-01T00:00:00Z</time>
      </trkpt>
      <trkpt lat="38.50335" lon="-109.22753">
        <ele>0</ele>
        <time>1970-01-01T00:00:00Z</time>
      </trkpt>
      <trkpt lat="38.50337" lon="-109.22753">
        <ele>0</ele>
        <time>1970-01-01T00:00:00Z</time>
      </trkpt>
      <trkpt lat="38.50336" lon="-109.22755">
        <ele>0</ele>
        <time>1970-01-01T00:00:00Z</time>
      </trkpt>
      <trkpt lat="38.50337" lon="-109.22751">
        <ele>0</ele>
        <time>1970-01-01T00:00:00Z</time>
      </trkpt>
      <trkpt lat="38.50338" lon="-109.22752">
        <ele>0</ele>
        <time>1970-01-01T00:00:00Z</time>
      </trkpt>
      <trkpt lat="38.5034" lon="-109.22751">
        <ele>0</ele>
        <time>1970-01-01T00:00:00Z</time>
      </trkpt>
      <trkpt lat="38.50339" lon="-109.22749">
        <ele>0</ele>
        <time>1970-01-01T00:00:00Z</time>
      </trkpt>
      <trkpt lat="38.50343" lon="-109.22754">
        <ele>0</ele>
        <time>1970-01-01T00:00:00Z</time>
      </trkpt>
      <trkpt lat="38.50349" lon="-109.22755">
        <ele>0</ele>
        <time>1970-01-01T00:00:00Z</time>
      </trkpt>
      <trkpt lat="38.50353" lon="-109.22758">
        <ele>0</ele>
        <time>1970-01-01T00:00:00Z</time>
      </trkpt>
      <trkpt lat="38.50351" lon="-109.22757">
        <ele>0</ele>
        <time>1970-01-01T00:00:00Z</time>
      </trkpt>
      <trkpt lat="38.50349" lon="-109.22758">
        <ele>0</ele>
        <time>1970-01-01T00:00:00Z</time>
      </trkpt>
      <trkpt lat="38.50351" lon="-109.22759">
        <ele>0</ele>
        <time>1970-01-01T00:00:00Z</time>
      </trkpt>
      <trkpt lat="38.50354" lon="-109.22756">
        <ele>0</ele>
        <time>1970-01-01T00:00:00Z</time>
      </trkpt>
      <trkpt lat="38.50352" lon="-109.22757">
        <ele>0</ele>
        <time>1970-01-01T00:00:00Z</time>
      </trkpt>
      <trkpt lat="38.50352" lon="-109.22759">
        <ele>0</ele>
        <time>1970-01-01T00:00:00Z</time>
      </trkpt>
      <trkpt lat="38.50351" lon="-109.22757">
        <ele>0</ele>
        <time>1970-01-01T00:00:00Z</time>
      </trkpt>
      <trkpt lat="38.50353" lon="-109.22758">
        <ele>0</ele>
        <time>1970-01-01T00:00:00Z</time>
      </trkpt>
      <trkpt lat="38.50352" lon="-109.22759">
        <ele>0</ele>
        <time>1970-01-01T00:00:00Z</time>
      </trkpt>
      <trkpt lat="38.50353" lon="-109.22761">
        <ele>0</ele>
        <time>1970-01-01T00:00:00Z</time>
      </trkpt>
      <trkpt lat="38.50368" lon="-109.22771">
        <ele>0</ele>
        <time>1970-01-01T00:00:00Z</time>
      </trkpt>
      <trkpt lat="38.50374" lon="-109.22781">
        <ele>0</ele>
        <time>1970-01-01T00:00:00Z</time>
      </trkpt>
      <trkpt lat="38.50382" lon="-109.2279">
        <ele>0</ele>
        <time>1970-01-01T00:00:00Z</time>
      </trkpt>
      <trkpt lat="38.50385" lon="-109.22799">
        <ele>0</ele>
        <time>1970-01-01T00:00:00Z</time>
      </trkpt>
      <trkpt lat="38.50392" lon="-109.22808">
        <ele>0</ele>
        <time>1970-01-01T00:00:00Z</time>
      </trkpt>
      <trkpt lat="38.50407" lon="-109.22841">
        <ele>0</ele>
        <time>1970-01-01T00:00:00Z</time>
      </trkpt>
      <trkpt lat="38.50413" lon="-109.22845">
        <ele>0</ele>
        <time>1970-01-01T00:00:00Z</time>
      </trkpt>
      <trkpt lat="38.50406" lon="-109.22851">
        <ele>0</ele>
        <time>1970-01-01T00:00:00Z</time>
      </trkpt>
      <trkpt lat="38.50386" lon="-109.22856">
        <ele>0</ele>
        <time>1970-01-01T00:00:00Z</time>
      </trkpt>
      <trkpt lat="38.50362" lon="-109.22873">
        <ele>0</ele>
        <time>1970-01-01T00:00:00Z</time>
      </trkpt>
      <trkpt lat="38.50358" lon="-109.22889">
        <ele>0</ele>
        <time>1970-01-01T00:00:00Z</time>
      </trkpt>
      <trkpt lat="38.5036" lon="-109.22896">
        <ele>0</ele>
        <time>1970-01-01T00:00:00Z</time>
      </trkpt>
      <trkpt lat="38.50364" lon="-109.229">
        <ele>0</ele>
        <time>1970-01-01T00:00:00Z</time>
      </trkpt>
      <trkpt lat="38.5037" lon="-109.22903">
        <ele>0</ele>
        <time>1970-01-01T00:00:00Z</time>
      </trkpt>
      <trkpt lat="38.50383" lon="-109.22906">
        <ele>0</ele>
        <time>1970-01-01T00:00:00Z</time>
      </trkpt>
      <trkpt lat="38.50391" lon="-109.22911">
        <ele>0</ele>
        <time>1970-01-01T00:00:00Z</time>
      </trkpt>
      <trkpt lat="38.50394" lon="-109.22914">
        <ele>0</ele>
        <time>1970-01-01T00:00:00Z</time>
      </trkpt>
      <trkpt lat="38.50398" lon="-109.22925">
        <ele>0</ele>
        <time>1970-01-01T00:00:00Z</time>
      </trkpt>
      <trkpt lat="38.50398" lon="-109.22929">
        <ele>0</ele>
        <time>1970-01-01T00:00:00Z</time>
      </trkpt>
      <trkpt lat="38.5039" lon="-109.22943">
        <ele>0</ele>
        <time>1970-01-01T00:00:00Z</time>
      </trkpt>
      <trkpt lat="38.50387" lon="-109.22966">
        <ele>0</ele>
        <time>1970-01-01T00:00:00Z</time>
      </trkpt>
      <trkpt lat="38.50376" lon="-109.22989">
        <ele>0</ele>
        <time>1970-01-01T00:00:00Z</time>
      </trkpt>
      <trkpt lat="38.50379" lon="-109.23002">
        <ele>0</ele>
        <time>1970-01-01T00:00:00Z</time>
      </trkpt>
      <trkpt lat="38.50379" lon="-109.23018">
        <ele>0</ele>
        <time>1970-01-01T00:00:00Z</time>
      </trkpt>
      <trkpt lat="38.50377" lon="-109.23017">
        <ele>0</ele>
        <time>1970-01-01T00:00:00Z</time>
      </trkpt>
      <trkpt lat="38.5038" lon="-109.23015">
        <ele>0</ele>
        <time>1970-01-01T00:00:00Z</time>
      </trkpt>
      <trkpt lat="38.50383" lon="-109.2302">
        <ele>0</ele>
        <time>1970-01-01T00:00:00Z</time>
      </trkpt>
      <trkpt lat="38.50386" lon="-109.2302">
        <ele>0</ele>
        <time>1970-01-01T00:00:00Z</time>
      </trkpt>
      <trkpt lat="38.5039" lon="-109.23018">
        <ele>0</ele>
        <time>1970-01-01T00:00:00Z</time>
      </trkpt>
      <trkpt lat="38.50392" lon="-109.2302">
        <ele>0</ele>
        <time>1970-01-01T00:00:00Z</time>
      </trkpt>
      <trkpt lat="38.50391" lon="-109.23022">
        <ele>0</ele>
        <time>1970-01-01T00:00:00Z</time>
      </trkpt>
      <trkpt lat="38.50392" lon="-109.23019">
        <ele>0</ele>
        <time>1970-01-01T00:00:00Z</time>
      </trkpt>
      <trkpt lat="38.50395" lon="-109.23018">
        <ele>0</ele>
        <time>1970-01-01T00:00:00Z</time>
      </trkpt>
      <trkpt lat="38.50397" lon="-109.23016">
        <ele>0</ele>
        <time>1970-01-01T00:00:00Z</time>
      </trkpt>
      <trkpt lat="38.50405" lon="-109.23016">
        <ele>0</ele>
        <time>1970-01-01T00:00:00Z</time>
      </trkpt>
      <trkpt lat="38.50413" lon="-109.23012">
        <ele>0</ele>
        <time>1970-01-01T00:00:00Z</time>
      </trkpt>
      <trkpt lat="38.50428" lon="-109.23014">
        <ele>0</ele>
        <time>1970-01-01T00:00:00Z</time>
      </trkpt>
      <trkpt lat="38.50435" lon="-109.23013">
        <ele>0</ele>
        <time>1970-01-01T00:00:00Z</time>
      </trkpt>
      <trkpt lat="38.50439" lon="-109.23023">
        <ele>0</ele>
        <time>1970-01-01T00:00:00Z</time>
      </trkpt>
      <trkpt lat="38.50441" lon="-109.23023">
        <ele>0</ele>
        <time>1970-01-01T00:00:00Z</time>
      </trkpt>
      <trkpt lat="38.50444" lon="-109.23017">
        <ele>0</ele>
        <time>1970-01-01T00:00:00Z</time>
      </trkpt>
      <trkpt lat="38.50448" lon="-109.23016">
        <ele>0</ele>
        <time>1970-01-01T00:00:00Z</time>
      </trkpt>
      <trkpt lat="38.50453" lon="-109.2302">
        <ele>0</ele>
        <time>1970-01-01T00:00:00Z</time>
      </trkpt>
      <trkpt lat="38.50463" lon="-109.23021">
        <ele>0</ele>
        <time>1970-01-01T00:00:00Z</time>
      </trkpt>
      <trkpt lat="38.50472" lon="-109.23026">
        <ele>0</ele>
        <time>1970-01-01T00:00:00Z</time>
      </trkpt>
      <trkpt lat="38.50479" lon="-109.23038">
        <ele>0</ele>
        <time>1970-01-01T00:00:00Z</time>
      </trkpt>
      <trkpt lat="38.50488" lon="-109.23044">
        <ele>0</ele>
        <time>1970-01-01T00:00:00Z</time>
      </trkpt>
      <trkpt lat="38.50503" lon="-109.23048">
        <ele>0</ele>
        <time>1970-01-01T00:00:00Z</time>
      </trkpt>
      <trkpt lat="38.50506" lon="-109.23054">
        <ele>0</ele>
        <time>1970-01-01T00:00:00Z</time>
      </trkpt>
      <trkpt lat="38.5052" lon="-109.23062">
        <ele>0</ele>
        <time>1970-01-01T00:00:00Z</time>
      </trkpt>
      <trkpt lat="38.50525" lon="-109.23067">
        <ele>0</ele>
        <time>1970-01-01T00:00:00Z</time>
      </trkpt>
      <trkpt lat="38.50533" lon="-109.2307">
        <ele>0</ele>
        <time>1970-01-01T00:00:00Z</time>
      </trkpt>
      <trkpt lat="38.50535" lon="-109.23072">
        <ele>0</ele>
        <time>1970-01-01T00:00:00Z</time>
      </trkpt>
      <trkpt lat="38.50545" lon="-109.23074">
        <ele>0</ele>
        <time>1970-01-01T00:00:00Z</time>
      </trkpt>
      <trkpt lat="38.50547" lon="-109.23076">
        <ele>0</ele>
        <time>1970-01-01T00:00:00Z</time>
      </trkpt>
      <trkpt lat="38.50529" lon="-109.23079">
        <ele>0</ele>
        <time>1970-01-01T00:00:00Z</time>
      </trkpt>
      <trkpt lat="38.50514" lon="-109.23087">
        <ele>0</ele>
        <time>1970-01-01T00:00:00Z</time>
      </trkpt>
      <trkpt lat="38.50514" lon="-109.23084">
        <ele>0</ele>
        <time>1970-01-01T00:00:00Z</time>
      </trkpt>
      <trkpt lat="38.50514" lon="-109.23087">
        <ele>0</ele>
        <time>1970-01-01T00:00:00Z</time>
      </trkpt>
      <trkpt lat="38.50517" lon="-109.23089">
        <ele>0</ele>
        <time>1970-01-01T00:00:00Z</time>
      </trkpt>
      <trkpt lat="38.50516" lon="-109.23086">
        <ele>0</ele>
        <time>1970-01-01T00:00:00Z</time>
      </trkpt>
      <trkpt lat="38.50519" lon="-109.23084">
        <ele>0</ele>
        <time>1970-01-01T00:00:00Z</time>
      </trkpt>
      <trkpt lat="38.50516" lon="-109.23088">
        <ele>0</ele>
        <time>1970-01-01T00:00:00Z</time>
      </trkpt>
      <trkpt lat="38.50514" lon="-109.23088">
        <ele>0</ele>
        <time>1970-01-01T00:00:00Z</time>
      </trkpt>
      <trkpt lat="38.50517" lon="-109.23087">
        <ele>0</ele>
        <time>1970-01-01T00:00:00Z</time>
      </trkpt>
      <trkpt lat="38.50517" lon="-109.23084">
        <ele>0</ele>
        <time>1970-01-01T00:00:00Z</time>
      </trkpt>
      <trkpt lat="38.50527" lon="-109.23099">
        <ele>0</ele>
        <time>1970-01-01T00:00:00Z</time>
      </trkpt>
      <trkpt lat="38.50538" lon="-109.23105">
        <ele>0</ele>
        <time>1970-01-01T00:00:00Z</time>
      </trkpt>
      <trkpt lat="38.50547" lon="-109.23107">
        <ele>0</ele>
        <time>1970-01-01T00:00:00Z</time>
      </trkpt>
      <trkpt lat="38.50549" lon="-109.23113">
        <ele>0</ele>
        <time>1970-01-01T00:00:00Z</time>
      </trkpt>
      <trkpt lat="38.50551" lon="-109.23112">
        <ele>0</ele>
        <time>1970-01-01T00:00:00Z</time>
      </trkpt>
      <trkpt lat="38.50552" lon="-109.23118">
        <ele>0</ele>
        <time>1970-01-01T00:00:00Z</time>
      </trkpt>
      <trkpt lat="38.50556" lon="-109.23118">
        <ele>0</ele>
        <time>1970-01-01T00:00:00Z</time>
      </trkpt>
      <trkpt lat="38.50556" lon="-109.2312">
        <ele>0</ele>
        <time>1970-01-01T00:00:00Z</time>
      </trkpt>
      <trkpt lat="38.50555" lon="-109.23117">
        <ele>0</ele>
        <time>1970-01-01T00:00:00Z</time>
      </trkpt>
      <trkpt lat="38.50556" lon="-109.2312">
        <ele>0</ele>
        <time>1970-01-01T00:00:00Z</time>
      </trkpt>
      <trkpt lat="38.50558" lon="-109.23117">
        <ele>0</ele>
        <time>1970-01-01T00:00:00Z</time>
      </trkpt>
      <trkpt lat="38.50563" lon="-109.23121">
        <ele>0</ele>
        <time>1970-01-01T00:00:00Z</time>
      </trkpt>
      <trkpt lat="38.50576" lon="-109.23126">
        <ele>0</ele>
        <time>1970-01-01T00:00:00Z</time>
      </trkpt>
      <trkpt lat="38.50593" lon="-109.23128">
        <ele>0</ele>
        <time>1970-01-01T00:00:00Z</time>
      </trkpt>
      <trkpt lat="38.50592" lon="-109.2313">
        <ele>0</ele>
        <time>1970-01-01T00:00:00Z</time>
      </trkpt>
      <trkpt lat="38.50588" lon="-109.23129">
        <ele>0</ele>
        <time>1970-01-01T00:00:00Z</time>
      </trkpt>
      <trkpt lat="38.50584" lon="-109.2313">
        <ele>0</ele>
        <time>1970-01-01T00:00:00Z</time>
      </trkpt>
      <trkpt lat="38.50584" lon="-109.23134">
        <ele>0</ele>
        <time>1970-01-01T00:00:00Z</time>
      </trkpt>
      <trkpt lat="38.50581" lon="-109.23132">
        <ele>0</ele>
        <time>1970-01-01T00:00:00Z</time>
      </trkpt>
      <trkpt lat="38.5058" lon="-109.23137">
        <ele>0</ele>
        <time>1970-01-01T00:00:00Z</time>
      </trkpt>
      <trkpt lat="38.50579" lon="-109.23135">
        <ele>0</ele>
        <time>1970-01-01T00:00:00Z</time>
      </trkpt>
      <trkpt lat="38.50574" lon="-109.23142">
        <ele>0</ele>
        <time>1970-01-01T00:00:00Z</time>
      </trkpt>
      <trkpt lat="38.50562" lon="-109.23146">
        <ele>0</ele>
        <time>1970-01-01T00:00:00Z</time>
      </trkpt>
      <trkpt lat="38.50553" lon="-109.23154">
        <ele>0</ele>
        <time>1970-01-01T00:00:00Z</time>
      </trkpt>
      <trkpt lat="38.50551" lon="-109.2316">
        <ele>0</ele>
        <time>1970-01-01T00:00:00Z</time>
      </trkpt>
      <trkpt lat="38.50548" lon="-109.2316">
        <ele>0</ele>
        <time>1970-01-01T00:00:00Z</time>
      </trkpt>
      <trkpt lat="38.50551" lon="-109.23159">
        <ele>0</ele>
        <time>1970-01-01T00:00:00Z</time>
      </trkpt>
      <trkpt lat="38.50551" lon="-109.23161">
        <ele>0</ele>
        <time>1970-01-01T00:00:00Z</time>
      </trkpt>
      <trkpt lat="38.50553" lon="-109.2316">
        <ele>0</ele>
        <time>1970-01-01T00:00:00Z</time>
      </trkpt>
      <trkpt lat="38.5055" lon="-109.23156">
        <ele>0</ele>
        <time>1970-01-01T00:00:00Z</time>
      </trkpt>
      <trkpt lat="38.50553" lon="-109.2316">
        <ele>0</ele>
        <time>1970-01-01T00:00:00Z</time>
      </trkpt>
      <trkpt lat="38.5055" lon="-109.23159">
        <ele>0</ele>
        <time>1970-01-01T00:00:00Z</time>
      </trkpt>
      <trkpt lat="38.50552" lon="-109.23159">
        <ele>0</ele>
        <time>1970-01-01T00:00:00Z</time>
      </trkpt>
      <trkpt lat="38.50554" lon="-109.23162">
        <ele>0</ele>
        <time>1970-01-01T00:00:00Z</time>
      </trkpt>
      <trkpt lat="38.50559" lon="-109.23162">
        <ele>0</ele>
        <time>1970-01-01T00:00:00Z</time>
      </trkpt>
      <trkpt lat="38.50559" lon="-109.23165">
        <ele>0</ele>
        <time>1970-01-01T00:00:00Z</time>
      </trkpt>
      <trkpt lat="38.50561" lon="-109.23167">
        <ele>0</ele>
        <time>1970-01-01T00:00:00Z</time>
      </trkpt>
      <trkpt lat="38.50557" lon="-109.23163">
        <ele>0</ele>
        <time>1970-01-01T00:00:00Z</time>
      </trkpt>
      <trkpt lat="38.50572" lon="-109.23166">
        <ele>0</ele>
        <time>1970-01-01T00:00:00Z</time>
      </trkpt>
      <trkpt lat="38.50578" lon="-109.23165">
        <ele>0</ele>
        <time>1970-01-01T00:00:00Z</time>
      </trkpt>
      <trkpt lat="38.50601" lon="-109.23168">
        <ele>0</ele>
        <time>1970-01-01T00:00:00Z</time>
      </trkpt>
      <trkpt lat="38.50618" lon="-109.23172">
        <ele>0</ele>
        <time>1970-01-01T00:00:00Z</time>
      </trkpt>
      <trkpt lat="38.50627" lon="-109.23171">
        <ele>0</ele>
        <time>1970-01-01T00:00:00Z</time>
      </trkpt>
      <trkpt lat="38.50631" lon="-109.23173">
        <ele>0</ele>
        <time>1970-01-01T00:00:00Z</time>
      </trkpt>
      <trkpt lat="38.50632" lon="-109.23176">
        <ele>0</ele>
        <time>1970-01-01T00:00:00Z</time>
      </trkpt>
      <trkpt lat="38.50632" lon="-109.23184">
        <ele>0</ele>
        <time>1970-01-01T00:00:00Z</time>
      </trkpt>
      <trkpt lat="38.50639" lon="-109.23185">
        <ele>0</ele>
        <time>1970-01-01T00:00:00Z</time>
      </trkpt>
      <trkpt lat="38.50645" lon="-109.23184">
        <ele>0</ele>
        <time>1970-01-01T00:00:00Z</time>
      </trkpt>
      <trkpt lat="38.50646" lon="-109.23187">
        <ele>0</ele>
        <time>1970-01-01T00:00:00Z</time>
      </trkpt>
      <trkpt lat="38.50648" lon="-109.23187">
        <ele>0</ele>
        <time>1970-01-01T00:00:00Z</time>
      </trkpt>
      <trkpt lat="38.50646" lon="-109.23189">
        <ele>0</ele>
        <time>1970-01-01T00:00:00Z</time>
      </trkpt>
      <trkpt lat="38.50647" lon="-109.232">
        <ele>0</ele>
        <time>1970-01-01T00:00:00Z</time>
      </trkpt>
      <trkpt lat="38.50648" lon="-109.23197">
        <ele>0</ele>
        <time>1970-01-01T00:00:00Z</time>
      </trkpt>
      <trkpt lat="38.50645" lon="-109.23197">
        <ele>0</ele>
        <time>1970-01-01T00:00:00Z</time>
      </trkpt>
      <trkpt lat="38.50658" lon="-109.232">
        <ele>0</ele>
        <time>1970-01-01T00:00:00Z</time>
      </trkpt>
      <trkpt lat="38.5066" lon="-109.23202">
        <ele>0</ele>
        <time>1970-01-01T00:00:00Z</time>
      </trkpt>
      <trkpt lat="38.50657" lon="-109.23205">
        <ele>0</ele>
        <time>1970-01-01T00:00:00Z</time>
      </trkpt>
      <trkpt lat="38.50657" lon="-109.23209">
        <ele>0</ele>
        <time>1970-01-01T00:00:00Z</time>
      </trkpt>
      <trkpt lat="38.50663" lon="-109.23209">
        <ele>0</ele>
        <time>1970-01-01T00:00:00Z</time>
      </trkpt>
      <trkpt lat="38.50665" lon="-109.23211">
        <ele>0</ele>
        <time>1970-01-01T00:00:00Z</time>
      </trkpt>
      <trkpt lat="38.50665" lon="-109.23218">
        <ele>0</ele>
        <time>1970-01-01T00:00:00Z</time>
      </trkpt>
      <trkpt lat="38.50662" lon="-109.23218">
        <ele>0</ele>
        <time>1970-01-01T00:00:00Z</time>
      </trkpt>
      <trkpt lat="38.50661" lon="-109.23221">
        <ele>0</ele>
        <time>1970-01-01T00:00:00Z</time>
      </trkpt>
      <trkpt lat="38.50664" lon="-109.23221">
        <ele>0</ele>
        <time>1970-01-01T00:00:00Z</time>
      </trkpt>
      <trkpt lat="38.50662" lon="-109.23225">
        <ele>0</ele>
        <time>1970-01-01T00:00:00Z</time>
      </trkpt>
      <trkpt lat="38.50666" lon="-109.23227">
        <ele>0</ele>
        <time>1970-01-01T00:00:00Z</time>
      </trkpt>
      <trkpt lat="38.50666" lon="-109.23233">
        <ele>0</ele>
        <time>1970-01-01T00:00:00Z</time>
      </trkpt>
      <trkpt lat="38.50673" lon="-109.23247">
        <ele>0</ele>
        <time>1970-01-01T00:00:00Z</time>
      </trkpt>
      <trkpt lat="38.50675" lon="-109.2325">
        <ele>0</ele>
        <time>1970-01-01T00:00:00Z</time>
      </trkpt>
      <trkpt lat="38.50685" lon="-109.23255">
        <ele>0</ele>
        <time>1970-01-01T00:00:00Z</time>
      </trkpt>
      <trkpt lat="38.50685" lon="-109.2326">
        <ele>0</ele>
        <time>1970-01-01T00:00:00Z</time>
      </trkpt>
      <trkpt lat="38.50683" lon="-109.2326">
        <ele>0</ele>
        <time>1970-01-01T00:00:00Z</time>
      </trkpt>
      <trkpt lat="38.50679" lon="-109.23268">
        <ele>0</ele>
        <time>1970-01-01T00:00:00Z</time>
      </trkpt>
      <trkpt lat="38.50679" lon="-109.23274">
        <ele>0</ele>
        <time>1970-01-01T00:00:00Z</time>
      </trkpt>
      <trkpt lat="38.5068" lon="-109.23277">
        <ele>0</ele>
        <time>1970-01-01T00:00:00Z</time>
      </trkpt>
      <trkpt lat="38.50683" lon="-109.23277">
        <ele>0</ele>
        <time>1970-01-01T00:00:00Z</time>
      </trkpt>
      <trkpt lat="38.50685" lon="-109.2328">
        <ele>0</ele>
        <time>1970-01-01T00:00:00Z</time>
      </trkpt>
      <trkpt lat="38.5069" lon="-109.23295">
        <ele>0</ele>
        <time>1970-01-01T00:00:00Z</time>
      </trkpt>
      <trkpt lat="38.50694" lon="-109.23295">
        <ele>0</ele>
        <time>1970-01-01T00:00:00Z</time>
      </trkpt>
      <trkpt lat="38.50737" lon="-109.23312">
        <ele>0</ele>
        <time>1970-01-01T00:00:00Z</time>
      </trkpt>
      <trkpt lat="38.5075" lon="-109.23325">
        <ele>0</ele>
        <time>1970-01-01T00:00:00Z</time>
      </trkpt>
      <trkpt lat="38.50767" lon="-109.23338">
        <ele>0</ele>
        <time>1970-01-01T00:00:00Z</time>
      </trkpt>
      <trkpt lat="38.50773" lon="-109.23348">
        <ele>0</ele>
        <time>1970-01-01T00:00:00Z</time>
      </trkpt>
      <trkpt lat="38.50779" lon="-109.23366">
        <ele>0</ele>
        <time>1970-01-01T00:00:00Z</time>
      </trkpt>
      <trkpt lat="38.50775" lon="-109.23397">
        <ele>0</ele>
        <time>1970-01-01T00:00:00Z</time>
      </trkpt>
      <trkpt lat="38.50776" lon="-109.23413">
        <ele>0</ele>
        <time>1970-01-01T00:00:00Z</time>
      </trkpt>
      <trkpt lat="38.50779" lon="-109.23428">
        <ele>0</ele>
        <time>1970-01-01T00:00:00Z</time>
      </trkpt>
      <trkpt lat="38.50774" lon="-109.2345">
        <ele>0</ele>
        <time>1970-01-01T00:00:00Z</time>
      </trkpt>
      <trkpt lat="38.50772" lon="-109.23454">
        <ele>0</ele>
        <time>1970-01-01T00:00:00Z</time>
      </trkpt>
      <trkpt lat="38.50775" lon="-109.23466">
        <ele>0</ele>
        <time>1970-01-01T00:00:00Z</time>
      </trkpt>
      <trkpt lat="38.50779" lon="-109.23474">
        <ele>0</ele>
        <time>1970-01-01T00:00:00Z</time>
      </trkpt>
      <trkpt lat="38.50791" lon="-109.23484">
        <ele>0</ele>
        <time>1970-01-01T00:00:00Z</time>
      </trkpt>
      <trkpt lat="38.50796" lon="-109.23493">
        <ele>0</ele>
        <time>1970-01-01T00:00:00Z</time>
      </trkpt>
      <trkpt lat="38.50797" lon="-109.23498">
        <ele>0</ele>
        <time>1970-01-01T00:00:00Z</time>
      </trkpt>
      <trkpt lat="38.50795" lon="-109.23512">
        <ele>0</ele>
        <time>1970-01-01T00:00:00Z</time>
      </trkpt>
      <trkpt lat="38.50803" lon="-109.23522">
        <ele>0</ele>
        <time>1970-01-01T00:00:00Z</time>
      </trkpt>
      <trkpt lat="38.50806" lon="-109.2353">
        <ele>0</ele>
        <time>1970-01-01T00:00:00Z</time>
      </trkpt>
      <trkpt lat="38.50811" lon="-109.23534">
        <ele>0</ele>
        <time>1970-01-01T00:00:00Z</time>
      </trkpt>
      <trkpt lat="38.50812" lon="-109.23548">
        <ele>0</ele>
        <time>1970-01-01T00:00:00Z</time>
      </trkpt>
      <trkpt lat="38.5082" lon="-109.23563">
        <ele>0</ele>
        <time>1970-01-01T00:00:00Z</time>
      </trkpt>
      <trkpt lat="38.50824" lon="-109.23577">
        <ele>0</ele>
        <time>1970-01-01T00:00:00Z</time>
      </trkpt>
      <trkpt lat="38.50845" lon="-109.23591">
        <ele>0</ele>
        <time>1970-01-01T00:00:00Z</time>
      </trkpt>
      <trkpt lat="38.50849" lon="-109.236">
        <ele>0</ele>
        <time>1970-01-01T00:00:00Z</time>
      </trkpt>
      <trkpt lat="38.50855" lon="-109.23609">
        <ele>0</ele>
        <time>1970-01-01T00:00:00Z</time>
      </trkpt>
      <trkpt lat="38.50856" lon="-109.2362">
        <ele>0</ele>
        <time>1970-01-01T00:00:00Z</time>
      </trkpt>
      <trkpt lat="38.50867" lon="-109.23641">
        <ele>0</ele>
        <time>1970-01-01T00:00:00Z</time>
      </trkpt>
      <trkpt lat="38.50875" lon="-109.2365">
        <ele>0</ele>
        <time>1970-01-01T00:00:00Z</time>
      </trkpt>
      <trkpt lat="38.50884" lon="-109.23653">
        <ele>0</ele>
        <time>1970-01-01T00:00:00Z</time>
      </trkpt>
      <trkpt lat="38.50889" lon="-109.2367">
        <ele>0</ele>
        <time>1970-01-01T00:00:00Z</time>
      </trkpt>
      <trkpt lat="38.50902" lon="-109.23687">
        <ele>0</ele>
        <time>1970-01-01T00:00:00Z</time>
      </trkpt>
      <trkpt lat="38.50907" lon="-109.237">
        <ele>0</ele>
        <time>1970-01-01T00:00:00Z</time>
      </trkpt>
      <trkpt lat="38.50922" lon="-109.23723">
        <ele>0</ele>
        <time>1970-01-01T00:00:00Z</time>
      </trkpt>
      <trkpt lat="38.5094" lon="-109.23772">
        <ele>0</ele>
        <time>1970-01-01T00:00:00Z</time>
      </trkpt>
      <trkpt lat="38.50942" lon="-109.23781">
        <ele>0</ele>
        <time>1970-01-01T00:00:00Z</time>
      </trkpt>
      <trkpt lat="38.50938" lon="-109.23796">
        <ele>0</ele>
        <time>1970-01-01T00:00:00Z</time>
      </trkpt>
      <trkpt lat="38.50936" lon="-109.23798">
        <ele>0</ele>
        <time>1970-01-01T00:00:00Z</time>
      </trkpt>
      <trkpt lat="38.50929" lon="-109.23799">
        <ele>0</ele>
        <time>1970-01-01T00:00:00Z</time>
      </trkpt>
      <trkpt lat="38.50924" lon="-109.23805">
        <ele>0</ele>
        <time>1970-01-01T00:00:00Z</time>
      </trkpt>
      <trkpt lat="38.50925" lon="-109.2381">
        <ele>0</ele>
        <time>1970-01-01T00:00:00Z</time>
      </trkpt>
      <trkpt lat="38.50923" lon="-109.23852">
        <ele>0</ele>
        <time>1970-01-01T00:00:00Z</time>
      </trkpt>
      <trkpt lat="38.50931" lon="-109.23859">
        <ele>0</ele>
        <time>1970-01-01T00:00:00Z</time>
      </trkpt>
      <trkpt lat="38.50938" lon="-109.23858">
        <ele>0</ele>
        <time>1970-01-01T00:00:00Z</time>
      </trkpt>
      <trkpt lat="38.50942" lon="-109.23861">
        <ele>0</ele>
        <time>1970-01-01T00:00:00Z</time>
      </trkpt>
      <trkpt lat="38.50949" lon="-109.23873">
        <ele>0</ele>
        <time>1970-01-01T00:00:00Z</time>
      </trkpt>
      <trkpt lat="38.50956" lon="-109.2388">
        <ele>0</ele>
        <time>1970-01-01T00:00:00Z</time>
      </trkpt>
      <trkpt lat="38.50966" lon="-109.23899">
        <ele>0</ele>
        <time>1970-01-01T00:00:00Z</time>
      </trkpt>
      <trkpt lat="38.50979" lon="-109.23906">
        <ele>0</ele>
        <time>1970-01-01T00:00:00Z</time>
      </trkpt>
      <trkpt lat="38.5099" lon="-109.23917">
        <ele>0</ele>
        <time>1970-01-01T00:00:00Z</time>
      </trkpt>
      <trkpt lat="38.51005" lon="-109.23938">
        <ele>0</ele>
        <time>1970-01-01T00:00:00Z</time>
      </trkpt>
      <trkpt lat="38.51013" lon="-109.23944">
        <ele>0</ele>
        <time>1970-01-01T00:00:00Z</time>
      </trkpt>
      <trkpt lat="38.51023" lon="-109.23957">
        <ele>0</ele>
        <time>1970-01-01T00:00:00Z</time>
      </trkpt>
      <trkpt lat="38.51025" lon="-109.2397">
        <ele>0</ele>
        <time>1970-01-01T00:00:00Z</time>
      </trkpt>
      <trkpt lat="38.5103" lon="-109.2398">
        <ele>0</ele>
        <time>1970-01-01T00:00:00Z</time>
      </trkpt>
      <trkpt lat="38.51034" lon="-109.23996">
        <ele>0</ele>
        <time>1970-01-01T00:00:00Z</time>
      </trkpt>
      <trkpt lat="38.51033" lon="-109.24008">
        <ele>0</ele>
        <time>1970-01-01T00:00:00Z</time>
      </trkpt>
      <trkpt lat="38.51045" lon="-109.24029">
        <ele>0</ele>
        <time>1970-01-01T00:00:00Z</time>
      </trkpt>
      <trkpt lat="38.51051" lon="-109.24063">
        <ele>0</ele>
        <time>1970-01-01T00:00:00Z</time>
      </trkpt>
      <trkpt lat="38.51064" lon="-109.24086">
        <ele>0</ele>
        <time>1970-01-01T00:00:00Z</time>
      </trkpt>
      <trkpt lat="38.51072" lon="-109.24098">
        <ele>0</ele>
        <time>1970-01-01T00:00:00Z</time>
      </trkpt>
      <trkpt lat="38.51079" lon="-109.2412">
        <ele>0</ele>
        <time>1970-01-01T00:00:00Z</time>
      </trkpt>
      <trkpt lat="38.51087" lon="-109.24128">
        <ele>0</ele>
        <time>1970-01-01T00:00:00Z</time>
      </trkpt>
      <trkpt lat="38.51087" lon="-109.24125">
        <ele>0</ele>
        <time>1970-01-01T00:00:00Z</time>
      </trkpt>
      <trkpt lat="38.51089" lon="-109.24129">
        <ele>0</ele>
        <time>1970-01-01T00:00:00Z</time>
      </trkpt>
      <trkpt lat="38.51093" lon="-109.24148">
        <ele>0</ele>
        <time>1970-01-01T00:00:00Z</time>
      </trkpt>
      <trkpt lat="38.51087" lon="-109.24157">
        <ele>0</ele>
        <time>1970-01-01T00:00:00Z</time>
      </trkpt>
      <trkpt lat="38.51093" lon="-109.24169">
        <ele>0</ele>
        <time>1970-01-01T00:00:00Z</time>
      </trkpt>
      <trkpt lat="38.51094" lon="-109.24179">
        <ele>0</ele>
        <time>1970-01-01T00:00:00Z</time>
      </trkpt>
      <trkpt lat="38.51095" lon="-109.24183">
        <ele>0</ele>
        <time>1970-01-01T00:00:00Z</time>
      </trkpt>
      <trkpt lat="38.51109" lon="-109.24198">
        <ele>0</ele>
        <time>1970-01-01T00:00:00Z</time>
      </trkpt>
      <trkpt lat="38.51112" lon="-109.24206">
        <ele>0</ele>
        <time>1970-01-01T00:00:00Z</time>
      </trkpt>
      <trkpt lat="38.51124" lon="-109.24228">
        <ele>0</ele>
        <time>1970-01-01T00:00:00Z</time>
      </trkpt>
      <trkpt lat="38.51132" lon="-109.24248">
        <ele>0</ele>
        <time>1970-01-01T00:00:00Z</time>
      </trkpt>
      <trkpt lat="38.51138" lon="-109.24272">
        <ele>0</ele>
        <time>1970-01-01T00:00:00Z</time>
      </trkpt>
      <trkpt lat="38.51139" lon="-109.24291">
        <ele>0</ele>
        <time>1970-01-01T00:00:00Z</time>
      </trkpt>
      <trkpt lat="38.51147" lon="-109.24311">
        <ele>0</ele>
        <time>1970-01-01T00:00:00Z</time>
      </trkpt>
      <trkpt lat="38.51151" lon="-109.24331">
        <ele>0</ele>
        <time>1970-01-01T00:00:00Z</time>
      </trkpt>
      <trkpt lat="38.51152" lon="-109.24343">
        <ele>0</ele>
        <time>1970-01-01T00:00:00Z</time>
      </trkpt>
      <trkpt lat="38.51149" lon="-109.24362">
        <ele>0</ele>
        <time>1970-01-01T00:00:00Z</time>
      </trkpt>
      <trkpt lat="38.51153" lon="-109.24375">
        <ele>0</ele>
        <time>1970-01-01T00:00:00Z</time>
      </trkpt>
      <trkpt lat="38.51155" lon="-109.24388">
        <ele>0</ele>
        <time>1970-01-01T00:00:00Z</time>
      </trkpt>
      <trkpt lat="38.51154" lon="-109.24396">
        <ele>0</ele>
        <time>1970-01-01T00:00:00Z</time>
      </trkpt>
      <trkpt lat="38.51172" lon="-109.24437">
        <ele>0</ele>
        <time>1970-01-01T00:00:00Z</time>
      </trkpt>
      <trkpt lat="38.51173" lon="-109.24451">
        <ele>0</ele>
        <time>1970-01-01T00:00:00Z</time>
      </trkpt>
      <trkpt lat="38.51179" lon="-109.24467">
        <ele>0</ele>
        <time>1970-01-01T00:00:00Z</time>
      </trkpt>
      <trkpt lat="38.5118" lon="-109.24477">
        <ele>0</ele>
        <time>1970-01-01T00:00:00Z</time>
      </trkpt>
      <trkpt lat="38.51184" lon="-109.24487">
        <ele>0</ele>
        <time>1970-01-01T00:00:00Z</time>
      </trkpt>
      <trkpt lat="38.51187" lon="-109.24508">
        <ele>0</ele>
        <time>1970-01-01T00:00:00Z</time>
      </trkpt>
      <trkpt lat="38.51186" lon="-109.24531">
        <ele>0</ele>
        <time>1970-01-01T00:00:00Z</time>
      </trkpt>
      <trkpt lat="38.51191" lon="-109.24544">
        <ele>0</ele>
        <time>1970-01-01T00:00:00Z</time>
      </trkpt>
      <trkpt lat="38.51189" lon="-109.24556">
        <ele>0</ele>
        <time>1970-01-01T00:00:00Z</time>
      </trkpt>
      <trkpt lat="38.51193" lon="-109.24568">
        <ele>0</ele>
        <time>1970-01-01T00:00:00Z</time>
      </trkpt>
      <trkpt lat="38.51191" lon="-109.24574">
        <ele>0</ele>
        <time>1970-01-01T00:00:00Z</time>
      </trkpt>
      <trkpt lat="38.51199" lon="-109.246">
        <ele>0</ele>
        <time>1970-01-01T00:00:00Z</time>
      </trkpt>
      <trkpt lat="38.51206" lon="-109.24616">
        <ele>0</ele>
        <time>1970-01-01T00:00:00Z</time>
      </trkpt>
      <trkpt lat="38.51205" lon="-109.24621">
        <ele>0</ele>
        <time>1970-01-01T00:00:00Z</time>
      </trkpt>
      <trkpt lat="38.5121" lon="-109.24637">
        <ele>0</ele>
        <time>1970-01-01T00:00:00Z</time>
      </trkpt>
      <trkpt lat="38.51209" lon="-109.24653">
        <ele>0</ele>
        <time>1970-01-01T00:00:00Z</time>
      </trkpt>
      <trkpt lat="38.5122" lon="-109.2468">
        <ele>0</ele>
        <time>1970-01-01T00:00:00Z</time>
      </trkpt>
      <trkpt lat="38.51221" lon="-109.24697">
        <ele>0</ele>
        <time>1970-01-01T00:00:00Z</time>
      </trkpt>
      <trkpt lat="38.51228" lon="-109.24712">
        <ele>0</ele>
        <time>1970-01-01T00:00:00Z</time>
      </trkpt>
      <trkpt lat="38.51235" lon="-109.24744">
        <ele>0</ele>
        <time>1970-01-01T00:00:00Z</time>
      </trkpt>
      <trkpt lat="38.51237" lon="-109.24745">
        <ele>0</ele>
        <time>1970-01-01T00:00:00Z</time>
      </trkpt>
      <trkpt lat="38.51235" lon="-109.24744">
        <ele>0</ele>
        <time>1970-01-01T00:00:00Z</time>
      </trkpt>
      <trkpt lat="38.51237" lon="-109.24744">
        <ele>0</ele>
        <time>1970-01-01T00:00:00Z</time>
      </trkpt>
      <trkpt lat="38.51235" lon="-109.24746">
        <ele>0</ele>
        <time>1970-01-01T00:00:00Z</time>
      </trkpt>
      <trkpt lat="38.51233" lon="-109.24745">
        <ele>0</ele>
        <time>1970-01-01T00:00:00Z</time>
      </trkpt>
      <trkpt lat="38.51236" lon="-109.24743">
        <ele>0</ele>
        <time>1970-01-01T00:00:00Z</time>
      </trkpt>
      <trkpt lat="38.51235" lon="-109.24742">
        <ele>0</ele>
        <time>1970-01-01T00:00:00Z</time>
      </trkpt>
      <trkpt lat="38.51235" lon="-109.24744">
        <ele>0</ele>
        <time>1970-01-01T00:00:00Z</time>
      </trkpt>
      <trkpt lat="38.51236" lon="-109.24742">
        <ele>0</ele>
        <time>1970-01-01T00:00:00Z</time>
      </trkpt>
      <trkpt lat="38.51237" lon="-109.24745">
        <ele>0</ele>
        <time>1970-01-01T00:00:00Z</time>
      </trkpt>
      <trkpt lat="38.51235" lon="-109.24746">
        <ele>0</ele>
        <time>1970-01-01T00:00:00Z</time>
      </trkpt>
      <trkpt lat="38.51244" lon="-109.24785">
        <ele>0</ele>
        <time>1970-01-01T00:00:00Z</time>
      </trkpt>
      <trkpt lat="38.51258" lon="-109.24806">
        <ele>0</ele>
        <time>1970-01-01T00:00:00Z</time>
      </trkpt>
      <trkpt lat="38.51263" lon="-109.24825">
        <ele>0</ele>
        <time>1970-01-01T00:00:00Z</time>
      </trkpt>
      <trkpt lat="38.51265" lon="-109.24842">
        <ele>0</ele>
        <time>1970-01-01T00:00:00Z</time>
      </trkpt>
      <trkpt lat="38.51262" lon="-109.24856">
        <ele>0</ele>
        <time>1970-01-01T00:00:00Z</time>
      </trkpt>
      <trkpt lat="38.51269" lon="-109.24878">
        <ele>0</ele>
        <time>1970-01-01T00:00:00Z</time>
      </trkpt>
      <trkpt lat="38.51272" lon="-109.24912">
        <ele>0</ele>
        <time>1970-01-01T00:00:00Z</time>
      </trkpt>
      <trkpt lat="38.51267" lon="-109.24929">
        <ele>0</ele>
        <time>1970-01-01T00:00:00Z</time>
      </trkpt>
      <trkpt lat="38.51277" lon="-109.24966">
        <ele>0</ele>
        <time>1970-01-01T00:00:00Z</time>
      </trkpt>
      <trkpt lat="38.51274" lon="-109.24989">
        <ele>0</ele>
        <time>1970-01-01T00:00:00Z</time>
      </trkpt>
      <trkpt lat="38.51274" lon="-109.25004">
        <ele>0</ele>
        <time>1970-01-01T00:00:00Z</time>
      </trkpt>
      <trkpt lat="38.51269" lon="-109.25007">
        <ele>0</ele>
        <time>1970-01-01T00:00:00Z</time>
      </trkpt>
      <trkpt lat="38.51269" lon="-109.25017">
        <ele>0</ele>
        <time>1970-01-01T00:00:00Z</time>
      </trkpt>
      <trkpt lat="38.51267" lon="-109.25024">
        <ele>0</ele>
        <time>1970-01-01T00:00:00Z</time>
      </trkpt>
      <trkpt lat="38.5124" lon="-109.25071">
        <ele>0</ele>
        <time>1970-01-01T00:00:00Z</time>
      </trkpt>
      <trkpt lat="38.51226" lon="-109.25087">
        <ele>0</ele>
        <time>1970-01-01T00:00:00Z</time>
      </trkpt>
      <trkpt lat="38.5121" lon="-109.25094">
        <ele>0</ele>
        <time>1970-01-01T00:00:00Z</time>
      </trkpt>
      <trkpt lat="38.51192" lon="-109.25109">
        <ele>0</ele>
        <time>1970-01-01T00:00:00Z</time>
      </trkpt>
      <trkpt lat="38.51177" lon="-109.25118">
        <ele>0</ele>
        <time>1970-01-01T00:00:00Z</time>
      </trkpt>
      <trkpt lat="38.51169" lon="-109.25134">
        <ele>0</ele>
        <time>1970-01-01T00:00:00Z</time>
      </trkpt>
      <trkpt lat="38.51166" lon="-109.25151">
        <ele>0</ele>
        <time>1970-01-01T00:00:00Z</time>
      </trkpt>
      <trkpt lat="38.5117" lon="-109.25185">
        <ele>0</ele>
        <time>1970-01-01T00:00:00Z</time>
      </trkpt>
      <trkpt lat="38.51174" lon="-109.25192">
        <ele>0</ele>
        <time>1970-01-01T00:00:00Z</time>
      </trkpt>
      <trkpt lat="38.51191" lon="-109.25204">
        <ele>0</ele>
        <time>1970-01-01T00:00:00Z</time>
      </trkpt>
      <trkpt lat="38.51183" lon="-109.25212">
        <ele>0</ele>
        <time>1970-01-01T00:00:00Z</time>
      </trkpt>
      <trkpt lat="38.51166" lon="-109.25217">
        <ele>0</ele>
        <time>1970-01-01T00:00:00Z</time>
      </trkpt>
      <trkpt lat="38.51159" lon="-109.2522">
        <ele>0</ele>
        <time>1970-01-01T00:00:00Z</time>
      </trkpt>
      <trkpt lat="38.51151" lon="-109.25227">
        <ele>0</ele>
        <time>1970-01-01T00:00:00Z</time>
      </trkpt>
      <trkpt lat="38.51147" lon="-109.25231">
        <ele>0</ele>
        <time>1970-01-01T00:00:00Z</time>
      </trkpt>
      <trkpt lat="38.51137" lon="-109.25254">
        <ele>0</ele>
        <time>1970-01-01T00:00:00Z</time>
      </trkpt>
      <trkpt lat="38.51122" lon="-109.25268">
        <ele>0</ele>
        <time>1970-01-01T00:00:00Z</time>
      </trkpt>
      <trkpt lat="38.51111" lon="-109.25273">
        <ele>0</ele>
        <time>1970-01-01T00:00:00Z</time>
      </trkpt>
      <trkpt lat="38.51098" lon="-109.25299">
        <ele>0</ele>
        <time>1970-01-01T00:00:00Z</time>
      </trkpt>
      <trkpt lat="38.5109" lon="-109.25306">
        <ele>0</ele>
        <time>1970-01-01T00:00:00Z</time>
      </trkpt>
      <trkpt lat="38.51084" lon="-109.25313">
        <ele>0</ele>
        <time>1970-01-01T00:00:00Z</time>
      </trkpt>
      <trkpt lat="38.5107" lon="-109.25323">
        <ele>0</ele>
        <time>1970-01-01T00:00:00Z</time>
      </trkpt>
      <trkpt lat="38.51064" lon="-109.25331">
        <ele>0</ele>
        <time>1970-01-01T00:00:00Z</time>
      </trkpt>
      <trkpt lat="38.51047" lon="-109.2534">
        <ele>0</ele>
        <time>1970-01-01T00:00:00Z</time>
      </trkpt>
      <trkpt lat="38.51038" lon="-109.2535">
        <ele>0</ele>
        <time>1970-01-01T00:00:00Z</time>
      </trkpt>
      <trkpt lat="38.51029" lon="-109.25356">
        <ele>0</ele>
        <time>1970-01-01T00:00:00Z</time>
      </trkpt>
      <trkpt lat="38.51025" lon="-109.25361">
        <ele>0</ele>
        <time>1970-01-01T00:00:00Z</time>
      </trkpt>
      <trkpt lat="38.51023" lon="-109.25367">
        <ele>0</ele>
        <time>1970-01-01T00:00:00Z</time>
      </trkpt>
      <trkpt lat="38.51018" lon="-109.25372">
        <ele>0</ele>
        <time>1970-01-01T00:00:00Z</time>
      </trkpt>
      <trkpt lat="38.51011" lon="-109.25387">
        <ele>0</ele>
        <time>1970-01-01T00:00:00Z</time>
      </trkpt>
      <trkpt lat="38.51006" lon="-109.25392">
        <ele>0</ele>
        <time>1970-01-01T00:00:00Z</time>
      </trkpt>
      <trkpt lat="38.51001" lon="-109.25401">
        <ele>0</ele>
        <time>1970-01-01T00:00:00Z</time>
      </trkpt>
      <trkpt lat="38.50992" lon="-109.25428">
        <ele>0</ele>
        <time>1970-01-01T00:00:00Z</time>
      </trkpt>
      <trkpt lat="38.50982" lon="-109.25445">
        <ele>0</ele>
        <time>1970-01-01T00:00:00Z</time>
      </trkpt>
      <trkpt lat="38.50967" lon="-109.25478">
        <ele>0</ele>
        <time>1970-01-01T00:00:00Z</time>
      </trkpt>
      <trkpt lat="38.50945" lon="-109.25514">
        <ele>0</ele>
        <time>1970-01-01T00:00:00Z</time>
      </trkpt>
      <trkpt lat="38.50941" lon="-109.25526">
        <ele>0</ele>
        <time>1970-01-01T00:00:00Z</time>
      </trkpt>
      <trkpt lat="38.50945" lon="-109.25542">
        <ele>0</ele>
        <time>1970-01-01T00:00:00Z</time>
      </trkpt>
      <trkpt lat="38.50942" lon="-109.25548">
        <ele>0</ele>
        <time>1970-01-01T00:00:00Z</time>
      </trkpt>
      <trkpt lat="38.50938" lon="-109.2555">
        <ele>0</ele>
        <time>1970-01-01T00:00:00Z</time>
      </trkpt>
      <trkpt lat="38.50935" lon="-109.25567">
        <ele>0</ele>
        <time>1970-01-01T00:00:00Z</time>
      </trkpt>
      <trkpt lat="38.50931" lon="-109.2558">
        <ele>0</ele>
        <time>1970-01-01T00:00:00Z</time>
      </trkpt>
      <trkpt lat="38.50929" lon="-109.25604">
        <ele>0</ele>
        <time>1970-01-01T00:00:00Z</time>
      </trkpt>
      <trkpt lat="38.50923" lon="-109.25626">
        <ele>0</ele>
        <time>1970-01-01T00:00:00Z</time>
      </trkpt>
      <trkpt lat="38.50923" lon="-109.25635">
        <ele>0</ele>
        <time>1970-01-01T00:00:00Z</time>
      </trkpt>
      <trkpt lat="38.50925" lon="-109.25667">
        <ele>0</ele>
        <time>1970-01-01T00:00:00Z</time>
      </trkpt>
      <trkpt lat="38.50922" lon="-109.25686">
        <ele>0</ele>
        <time>1970-01-01T00:00:00Z</time>
      </trkpt>
      <trkpt lat="38.50925" lon="-109.25703">
        <ele>0</ele>
        <time>1970-01-01T00:00:00Z</time>
      </trkpt>
      <trkpt lat="38.50921" lon="-109.25714">
        <ele>0</ele>
        <time>1970-01-01T00:00:00Z</time>
      </trkpt>
      <trkpt lat="38.50919" lon="-109.25724">
        <ele>0</ele>
        <time>1970-01-01T00:00:00Z</time>
      </trkpt>
      <trkpt lat="38.50918" lon="-109.25744">
        <ele>0</ele>
        <time>1970-01-01T00:00:00Z</time>
      </trkpt>
      <trkpt lat="38.50922" lon="-109.25767">
        <ele>0</ele>
        <time>1970-01-01T00:00:00Z</time>
      </trkpt>
      <trkpt lat="38.50925" lon="-109.25774">
        <ele>0</ele>
        <time>1970-01-01T00:00:00Z</time>
      </trkpt>
      <trkpt lat="38.50926" lon="-109.25793">
        <ele>0</ele>
        <time>1970-01-01T00:00:00Z</time>
      </trkpt>
      <trkpt lat="38.50934" lon="-109.25808">
        <ele>0</ele>
        <time>1970-01-01T00:00:00Z</time>
      </trkpt>
      <trkpt lat="38.50948" lon="-109.25858">
        <ele>0</ele>
        <time>1970-01-01T00:00:00Z</time>
      </trkpt>
      <trkpt lat="38.50948" lon="-109.2587">
        <ele>0</ele>
        <time>1970-01-01T00:00:00Z</time>
      </trkpt>
      <trkpt lat="38.50942" lon="-109.25892">
        <ele>0</ele>
        <time>1970-01-01T00:00:00Z</time>
      </trkpt>
      <trkpt lat="38.50935" lon="-109.25911">
        <ele>0</ele>
        <time>1970-01-01T00:00:00Z</time>
      </trkpt>
      <trkpt lat="38.50932" lon="-109.25927">
        <ele>0</ele>
        <time>1970-01-01T00:00:00Z</time>
      </trkpt>
      <trkpt lat="38.50934" lon="-109.25927">
        <ele>0</ele>
        <time>1970-01-01T00:00:00Z</time>
      </trkpt>
      <trkpt lat="38.50935" lon="-109.25965">
        <ele>0</ele>
        <time>1970-01-01T00:00:00Z</time>
      </trkpt>
      <trkpt lat="38.50939" lon="-109.25979">
        <ele>0</ele>
        <time>1970-01-01T00:00:00Z</time>
      </trkpt>
      <trkpt lat="38.50947" lon="-109.25995">
        <ele>0</ele>
        <time>1970-01-01T00:00:00Z</time>
      </trkpt>
      <trkpt lat="38.5095" lon="-109.26009">
        <ele>0</ele>
        <time>1970-01-01T00:00:00Z</time>
      </trkpt>
      <trkpt lat="38.5095" lon="-109.26032">
        <ele>0</ele>
        <time>1970-01-01T00:00:00Z</time>
      </trkpt>
      <trkpt lat="38.50948" lon="-109.26054">
        <ele>0</ele>
        <time>1970-01-01T00:00:00Z</time>
      </trkpt>
      <trkpt lat="38.50933" lon="-109.26085">
        <ele>0</ele>
        <time>1970-01-01T00:00:00Z</time>
      </trkpt>
      <trkpt lat="38.50928" lon="-109.26099">
        <ele>0</ele>
        <time>1970-01-01T00:00:00Z</time>
      </trkpt>
      <trkpt lat="38.50929" lon="-109.26117">
        <ele>0</ele>
        <time>1970-01-01T00:00:00Z</time>
      </trkpt>
      <trkpt lat="38.50934" lon="-109.26126">
        <ele>0</ele>
        <time>1970-01-01T00:00:00Z</time>
      </trkpt>
      <trkpt lat="38.50935" lon="-109.26136">
        <ele>0</ele>
        <time>1970-01-01T00:00:00Z</time>
      </trkpt>
      <trkpt lat="38.50935" lon="-109.26151">
        <ele>0</ele>
        <time>1970-01-01T00:00:00Z</time>
      </trkpt>
      <trkpt lat="38.5093" lon="-109.26164">
        <ele>0</ele>
        <time>1970-01-01T00:00:00Z</time>
      </trkpt>
      <trkpt lat="38.5093" lon="-109.2617">
        <ele>0</ele>
        <time>1970-01-01T00:00:00Z</time>
      </trkpt>
      <trkpt lat="38.50933" lon="-109.26188">
        <ele>0</ele>
        <time>1970-01-01T00:00:00Z</time>
      </trkpt>
      <trkpt lat="38.50939" lon="-109.26213">
        <ele>0</ele>
        <time>1970-01-01T00:00:00Z</time>
      </trkpt>
      <trkpt lat="38.50937" lon="-109.26236">
        <ele>0</ele>
        <time>1970-01-01T00:00:00Z</time>
      </trkpt>
      <trkpt lat="38.5093" lon="-109.26254">
        <ele>0</ele>
        <time>1970-01-01T00:00:00Z</time>
      </trkpt>
      <trkpt lat="38.50931" lon="-109.26271">
        <ele>0</ele>
        <time>1970-01-01T00:00:00Z</time>
      </trkpt>
      <trkpt lat="38.5093" lon="-109.2628">
        <ele>0</ele>
        <time>1970-01-01T00:00:00Z</time>
      </trkpt>
      <trkpt lat="38.50923" lon="-109.26289">
        <ele>0</ele>
        <time>1970-01-01T00:00:00Z</time>
      </trkpt>
      <trkpt lat="38.50921" lon="-109.26294">
        <ele>0</ele>
        <time>1970-01-01T00:00:00Z</time>
      </trkpt>
      <trkpt lat="38.50922" lon="-109.26358">
        <ele>0</ele>
        <time>1970-01-01T00:00:00Z</time>
      </trkpt>
      <trkpt lat="38.50909" lon="-109.26394">
        <ele>0</ele>
        <time>1970-01-01T00:00:00Z</time>
      </trkpt>
      <trkpt lat="38.50906" lon="-109.26416">
        <ele>0</ele>
        <time>1970-01-01T00:00:00Z</time>
      </trkpt>
      <trkpt lat="38.50901" lon="-109.26426">
        <ele>0</ele>
        <time>1970-01-01T00:00:00Z</time>
      </trkpt>
      <trkpt lat="38.50874" lon="-109.26466">
        <ele>0</ele>
        <time>1970-01-01T00:00:00Z</time>
      </trkpt>
      <trkpt lat="38.50871" lon="-109.26483">
        <ele>0</ele>
        <time>1970-01-01T00:00:00Z</time>
      </trkpt>
      <trkpt lat="38.50864" lon="-109.26501">
        <ele>0</ele>
        <time>1970-01-01T00:00:00Z</time>
      </trkpt>
      <trkpt lat="38.50854" lon="-109.26533">
        <ele>0</ele>
        <time>1970-01-01T00:00:00Z</time>
      </trkpt>
      <trkpt lat="38.5085" lon="-109.26542">
        <ele>0</ele>
        <time>1970-01-01T00:00:00Z</time>
      </trkpt>
      <trkpt lat="38.50851" lon="-109.26544">
        <ele>0</ele>
        <time>1970-01-01T00:00:00Z</time>
      </trkpt>
      <trkpt lat="38.50851" lon="-109.26561">
        <ele>0</ele>
        <time>1970-01-01T00:00:00Z</time>
      </trkpt>
      <trkpt lat="38.50845" lon="-109.26571">
        <ele>0</ele>
        <time>1970-01-01T00:00:00Z</time>
      </trkpt>
      <trkpt lat="38.50841" lon="-109.26588">
        <ele>0</ele>
        <time>1970-01-01T00:00:00Z</time>
      </trkpt>
      <trkpt lat="38.50843" lon="-109.26617">
        <ele>0</ele>
        <time>1970-01-01T00:00:00Z</time>
      </trkpt>
      <trkpt lat="38.50842" lon="-109.26633">
        <ele>0</ele>
        <time>1970-01-01T00:00:00Z</time>
      </trkpt>
      <trkpt lat="38.50842" lon="-109.26697">
        <ele>0</ele>
        <time>1970-01-01T00:00:00Z</time>
      </trkpt>
      <trkpt lat="38.50846" lon="-109.26705">
        <ele>0</ele>
        <time>1970-01-01T00:00:00Z</time>
      </trkpt>
      <trkpt lat="38.50852" lon="-109.2671">
        <ele>0</ele>
        <time>1970-01-01T00:00:00Z</time>
      </trkpt>
      <trkpt lat="38.50858" lon="-109.2672">
        <ele>0</ele>
        <time>1970-01-01T00:00:00Z</time>
      </trkpt>
      <trkpt lat="38.50865" lon="-109.26739">
        <ele>0</ele>
        <time>1970-01-01T00:00:00Z</time>
      </trkpt>
      <trkpt lat="38.50875" lon="-109.2676">
        <ele>0</ele>
        <time>1970-01-01T00:00:00Z</time>
      </trkpt>
      <trkpt lat="38.50882" lon="-109.2679">
        <ele>0</ele>
        <time>1970-01-01T00:00:00Z</time>
      </trkpt>
      <trkpt lat="38.50874" lon="-109.26822">
        <ele>0</ele>
        <time>1970-01-01T00:00:00Z</time>
      </trkpt>
      <trkpt lat="38.50866" lon="-109.26838">
        <ele>0</ele>
        <time>1970-01-01T00:00:00Z</time>
      </trkpt>
      <trkpt lat="38.50857" lon="-109.26875">
        <ele>0</ele>
        <time>1970-01-01T00:00:00Z</time>
      </trkpt>
      <trkpt lat="38.50858" lon="-109.2689">
        <ele>0</ele>
        <time>1970-01-01T00:00:00Z</time>
      </trkpt>
      <trkpt lat="38.50855" lon="-109.26899">
        <ele>0</ele>
        <time>1970-01-01T00:00:00Z</time>
      </trkpt>
      <trkpt lat="38.50854" lon="-109.26913">
        <ele>0</ele>
        <time>1970-01-01T00:00:00Z</time>
      </trkpt>
      <trkpt lat="38.5086" lon="-109.26937">
        <ele>0</ele>
        <time>1970-01-01T00:00:00Z</time>
      </trkpt>
      <trkpt lat="38.50878" lon="-109.26964">
        <ele>0</ele>
        <time>1970-01-01T00:00:00Z</time>
      </trkpt>
      <trkpt lat="38.50888" lon="-109.26974">
        <ele>0</ele>
        <time>1970-01-01T00:00:00Z</time>
      </trkpt>
      <trkpt lat="38.50897" lon="-109.26974">
        <ele>0</ele>
        <time>1970-01-01T00:00:00Z</time>
      </trkpt>
      <trkpt lat="38.50905" lon="-109.2697">
        <ele>0</ele>
        <time>1970-01-01T00:00:00Z</time>
      </trkpt>
      <trkpt lat="38.50912" lon="-109.26968">
        <ele>0</ele>
        <time>1970-01-01T00:00:00Z</time>
      </trkpt>
      <trkpt lat="38.50932" lon="-109.26971">
        <ele>0</ele>
        <time>1970-01-01T00:00:00Z</time>
      </trkpt>
      <trkpt lat="38.5094" lon="-109.26975">
        <ele>0</ele>
        <time>1970-01-01T00:00:00Z</time>
      </trkpt>
      <trkpt lat="38.50956" lon="-109.26987">
        <ele>0</ele>
        <time>1970-01-01T00:00:00Z</time>
      </trkpt>
      <trkpt lat="38.50977" lon="-109.27">
        <ele>0</ele>
        <time>1970-01-01T00:00:00Z</time>
      </trkpt>
      <trkpt lat="38.51018" lon="-109.27002">
        <ele>0</ele>
        <time>1970-01-01T00:00:00Z</time>
      </trkpt>
      <trkpt lat="38.51053" lon="-109.27021">
        <ele>0</ele>
        <time>1970-01-01T00:00:00Z</time>
      </trkpt>
      <trkpt lat="38.51059" lon="-109.27023">
        <ele>0</ele>
        <time>1970-01-01T00:00:00Z</time>
      </trkpt>
      <trkpt lat="38.5107" lon="-109.2703">
        <ele>0</ele>
        <time>1970-01-01T00:00:00Z</time>
      </trkpt>
      <trkpt lat="38.51078" lon="-109.27032">
        <ele>0</ele>
        <time>1970-01-01T00:00:00Z</time>
      </trkpt>
      <trkpt lat="38.51088" lon="-109.27039">
        <ele>0</ele>
        <time>1970-01-01T00:00:00Z</time>
      </trkpt>
      <trkpt lat="38.51096" lon="-109.27039">
        <ele>0</ele>
        <time>1970-01-01T00:00:00Z</time>
      </trkpt>
      <trkpt lat="38.51102" lon="-109.27042">
        <ele>0</ele>
        <time>1970-01-01T00:00:00Z</time>
      </trkpt>
      <trkpt lat="38.5111" lon="-109.27052">
        <ele>0</ele>
        <time>1970-01-01T00:00:00Z</time>
      </trkpt>
      <trkpt lat="38.51113" lon="-109.27061">
        <ele>0</ele>
        <time>1970-01-01T00:00:00Z</time>
      </trkpt>
      <trkpt lat="38.5114" lon="-109.27099">
        <ele>0</ele>
        <time>1970-01-01T00:00:00Z</time>
      </trkpt>
      <trkpt lat="38.51146" lon="-109.27135">
        <ele>0</ele>
        <time>1970-01-01T00:00:00Z</time>
      </trkpt>
      <trkpt lat="38.51156" lon="-109.27151">
        <ele>0</ele>
        <time>1970-01-01T00:00:00Z</time>
      </trkpt>
      <trkpt lat="38.51163" lon="-109.27167">
        <ele>0</ele>
        <time>1970-01-01T00:00:00Z</time>
      </trkpt>
      <trkpt lat="38.51176" lon="-109.27187">
        <ele>0</ele>
        <time>1970-01-01T00:00:00Z</time>
      </trkpt>
      <trkpt lat="38.51185" lon="-109.27209">
        <ele>0</ele>
        <time>1970-01-01T00:00:00Z</time>
      </trkpt>
      <trkpt lat="38.51191" lon="-109.27214">
        <ele>0</ele>
        <time>1970-01-01T00:00:00Z</time>
      </trkpt>
      <trkpt lat="38.51194" lon="-109.27218">
        <ele>0</ele>
        <time>1970-01-01T00:00:00Z</time>
      </trkpt>
      <trkpt lat="38.51196" lon="-109.27241">
        <ele>0</ele>
        <time>1970-01-01T00:00:00Z</time>
      </trkpt>
      <trkpt lat="38.51204" lon="-109.2725">
        <ele>0</ele>
        <time>1970-01-01T00:00:00Z</time>
      </trkpt>
      <trkpt lat="38.51213" lon="-109.27253">
        <ele>0</ele>
        <time>1970-01-01T00:00:00Z</time>
      </trkpt>
      <trkpt lat="38.51214" lon="-109.27251">
        <ele>0</ele>
        <time>1970-01-01T00:00:00Z</time>
      </trkpt>
      <trkpt lat="38.5122" lon="-109.27258">
        <ele>0</ele>
        <time>1970-01-01T00:00:00Z</time>
      </trkpt>
      <trkpt lat="38.51224" lon="-109.2726">
        <ele>0</ele>
        <time>1970-01-01T00:00:00Z</time>
      </trkpt>
      <trkpt lat="38.51244" lon="-109.27259">
        <ele>0</ele>
        <time>1970-01-01T00:00:00Z</time>
      </trkpt>
      <trkpt lat="38.51275" lon="-109.27254">
        <ele>0</ele>
        <time>1970-01-01T00:00:00Z</time>
      </trkpt>
      <trkpt lat="38.51301" lon="-109.27234">
        <ele>0</ele>
        <time>1970-01-01T00:00:00Z</time>
      </trkpt>
      <trkpt lat="38.51307" lon="-109.27225">
        <ele>0</ele>
        <time>1970-01-01T00:00:00Z</time>
      </trkpt>
      <trkpt lat="38.51343" lon="-109.27208">
        <ele>0</ele>
        <time>1970-01-01T00:00:00Z</time>
      </trkpt>
      <trkpt lat="38.5135" lon="-109.27208">
        <ele>0</ele>
        <time>1970-01-01T00:00:00Z</time>
      </trkpt>
      <trkpt lat="38.51358" lon="-109.27205">
        <ele>0</ele>
        <time>1970-01-01T00:00:00Z</time>
      </trkpt>
      <trkpt lat="38.5139" lon="-109.27186">
        <ele>0</ele>
        <time>1970-01-01T00:00:00Z</time>
      </trkpt>
      <trkpt lat="38.51413" lon="-109.27168">
        <ele>0</ele>
        <time>1970-01-01T00:00:00Z</time>
      </trkpt>
      <trkpt lat="38.51432" lon="-109.27158">
        <ele>0</ele>
        <time>1970-01-01T00:00:00Z</time>
      </trkpt>
      <trkpt lat="38.51446" lon="-109.27155">
        <ele>0</ele>
        <time>1970-01-01T00:00:00Z</time>
      </trkpt>
      <trkpt lat="38.51469" lon="-109.27168">
        <ele>0</ele>
        <time>1970-01-01T00:00:00Z</time>
      </trkpt>
      <trkpt lat="38.51483" lon="-109.27191">
        <ele>0</ele>
        <time>1970-01-01T00:00:00Z</time>
      </trkpt>
      <trkpt lat="38.51486" lon="-109.2721">
        <ele>0</ele>
        <time>1970-01-01T00:00:00Z</time>
      </trkpt>
      <trkpt lat="38.51486" lon="-109.27229">
        <ele>0</ele>
        <time>1970-01-01T00:00:00Z</time>
      </trkpt>
      <trkpt lat="38.5149" lon="-109.27242">
        <ele>0</ele>
        <time>1970-01-01T00:00:00Z</time>
      </trkpt>
      <trkpt lat="38.51514" lon="-109.27269">
        <ele>0</ele>
        <time>1970-01-01T00:00:00Z</time>
      </trkpt>
      <trkpt lat="38.51526" lon="-109.27285">
        <ele>0</ele>
        <time>1970-01-01T00:00:00Z</time>
      </trkpt>
      <trkpt lat="38.51542" lon="-109.27288">
        <ele>0</ele>
        <time>1970-01-01T00:00:00Z</time>
      </trkpt>
      <trkpt lat="38.5155" lon="-109.27286">
        <ele>0</ele>
        <time>1970-01-01T00:00:00Z</time>
      </trkpt>
      <trkpt lat="38.51555" lon="-109.27282">
        <ele>0</ele>
        <time>1970-01-01T00:00:00Z</time>
      </trkpt>
      <trkpt lat="38.5156" lon="-109.27283">
        <ele>0</ele>
        <time>1970-01-01T00:00:00Z</time>
      </trkpt>
      <trkpt lat="38.51584" lon="-109.2731">
        <ele>0</ele>
        <time>1970-01-01T00:00:00Z</time>
      </trkpt>
      <trkpt lat="38.51598" lon="-109.27331">
        <ele>0</ele>
        <time>1970-01-01T00:00:00Z</time>
      </trkpt>
      <trkpt lat="38.51616" lon="-109.27343">
        <ele>0</ele>
        <time>1970-01-01T00:00:00Z</time>
      </trkpt>
      <trkpt lat="38.51629" lon="-109.27357">
        <ele>0</ele>
        <time>1970-01-01T00:00:00Z</time>
      </trkpt>
      <trkpt lat="38.51642" lon="-109.27367">
        <ele>0</ele>
        <time>1970-01-01T00:00:00Z</time>
      </trkpt>
      <trkpt lat="38.51641" lon="-109.27369">
        <ele>0</ele>
        <time>1970-01-01T00:00:00Z</time>
      </trkpt>
      <trkpt lat="38.51639" lon="-109.27364">
        <ele>0</ele>
        <time>1970-01-01T00:00:00Z</time>
      </trkpt>
      <trkpt lat="38.51639" lon="-109.27368">
        <ele>0</ele>
        <time>1970-01-01T00:00:00Z</time>
      </trkpt>
      <trkpt lat="38.51638" lon="-109.27366">
        <ele>0</ele>
        <time>1970-01-01T00:00:00Z</time>
      </trkpt>
      <trkpt lat="38.51639" lon="-109.27364">
        <ele>0</ele>
        <time>1970-01-01T00:00:00Z</time>
      </trkpt>
      <trkpt lat="38.51641" lon="-109.27366">
        <ele>0</ele>
        <time>1970-01-01T00:00:00Z</time>
      </trkpt>
      <trkpt lat="38.51647" lon="-109.27382">
        <ele>0</ele>
        <time>1970-01-01T00:00:00Z</time>
      </trkpt>
      <trkpt lat="38.5166" lon="-109.27395">
        <ele>0</ele>
        <time>1970-01-01T00:00:00Z</time>
      </trkpt>
      <trkpt lat="38.51664" lon="-109.27402">
        <ele>0</ele>
        <time>1970-01-01T00:00:00Z</time>
      </trkpt>
      <trkpt lat="38.51665" lon="-109.27411">
        <ele>0</ele>
        <time>1970-01-01T00:00:00Z</time>
      </trkpt>
      <trkpt lat="38.51662" lon="-109.27422">
        <ele>0</ele>
        <time>1970-01-01T00:00:00Z</time>
      </trkpt>
      <trkpt lat="38.51662" lon="-109.27433">
        <ele>0</ele>
        <time>1970-01-01T00:00:00Z</time>
      </trkpt>
      <trkpt lat="38.51675" lon="-109.2745">
        <ele>0</ele>
        <time>1970-01-01T00:00:00Z</time>
      </trkpt>
      <trkpt lat="38.5168" lon="-109.27459">
        <ele>0</ele>
        <time>1970-01-01T00:00:00Z</time>
      </trkpt>
      <trkpt lat="38.51682" lon="-109.27469">
        <ele>0</ele>
        <time>1970-01-01T00:00:00Z</time>
      </trkpt>
      <trkpt lat="38.51694" lon="-109.27487">
        <ele>0</ele>
        <time>1970-01-01T00:00:00Z</time>
      </trkpt>
      <trkpt lat="38.517" lon="-109.27502">
        <ele>0</ele>
        <time>1970-01-01T00:00:00Z</time>
      </trkpt>
      <trkpt lat="38.51724" lon="-109.27542">
        <ele>0</ele>
        <time>1970-01-01T00:00:00Z</time>
      </trkpt>
      <trkpt lat="38.51736" lon="-109.27556">
        <ele>0</ele>
        <time>1970-01-01T00:00:00Z</time>
      </trkpt>
      <trkpt lat="38.51745" lon="-109.27561">
        <ele>0</ele>
        <time>1970-01-01T00:00:00Z</time>
      </trkpt>
      <trkpt lat="38.51755" lon="-109.2757">
        <ele>0</ele>
        <time>1970-01-01T00:00:00Z</time>
      </trkpt>
      <trkpt lat="38.51756" lon="-109.27584">
        <ele>0</ele>
        <time>1970-01-01T00:00:00Z</time>
      </trkpt>
      <trkpt lat="38.5175" lon="-109.27599">
        <ele>0</ele>
        <time>1970-01-01T00:00:00Z</time>
      </trkpt>
      <trkpt lat="38.51731" lon="-109.27633">
        <ele>0</ele>
        <time>1970-01-01T00:00:00Z</time>
      </trkpt>
      <trkpt lat="38.51724" lon="-109.27641">
        <ele>0</ele>
        <time>1970-01-01T00:00:00Z</time>
      </trkpt>
      <trkpt lat="38.51714" lon="-109.27665">
        <ele>0</ele>
        <time>1970-01-01T00:00:00Z</time>
      </trkpt>
      <trkpt lat="38.51704" lon="-109.27685">
        <ele>0</ele>
        <time>1970-01-01T00:00:00Z</time>
      </trkpt>
      <trkpt lat="38.517" lon="-109.27691">
        <ele>0</ele>
        <time>1970-01-01T00:00:00Z</time>
      </trkpt>
      <trkpt lat="38.51692" lon="-109.27697">
        <ele>0</ele>
        <time>1970-01-01T00:00:00Z</time>
      </trkpt>
      <trkpt lat="38.51688" lon="-109.27703">
        <ele>0</ele>
        <time>1970-01-01T00:00:00Z</time>
      </trkpt>
      <trkpt lat="38.51681" lon="-109.27721">
        <ele>0</ele>
        <time>1970-01-01T00:00:00Z</time>
      </trkpt>
      <trkpt lat="38.5168" lon="-109.27773">
        <ele>0</ele>
        <time>1970-01-01T00:00:00Z</time>
      </trkpt>
      <trkpt lat="38.51678" lon="-109.27783">
        <ele>0</ele>
        <time>1970-01-01T00:00:00Z</time>
      </trkpt>
      <trkpt lat="38.51675" lon="-109.27791">
        <ele>0</ele>
        <time>1970-01-01T00:00:00Z</time>
      </trkpt>
      <trkpt lat="38.51675" lon="-109.27794">
        <ele>0</ele>
        <time>1970-01-01T00:00:00Z</time>
      </trkpt>
      <trkpt lat="38.51697" lon="-109.278">
        <ele>0</ele>
        <time>1970-01-01T00:00:00Z</time>
      </trkpt>
      <trkpt lat="38.51741" lon="-109.27821">
        <ele>0</ele>
        <time>1970-01-01T00:00:00Z</time>
      </trkpt>
      <trkpt lat="38.51752" lon="-109.2783">
        <ele>0</ele>
        <time>1970-01-01T00:00:00Z</time>
      </trkpt>
      <trkpt lat="38.51763" lon="-109.27836">
        <ele>0</ele>
        <time>1970-01-01T00:00:00Z</time>
      </trkpt>
      <trkpt lat="38.51774" lon="-109.2784">
        <ele>0</ele>
        <time>1970-01-01T00:00:00Z</time>
      </trkpt>
      <trkpt lat="38.51826" lon="-109.27874">
        <ele>0</ele>
        <time>1970-01-01T00:00:00Z</time>
      </trkpt>
      <trkpt lat="38.51874" lon="-109.27898">
        <ele>0</ele>
        <time>1970-01-01T00:00:00Z</time>
      </trkpt>
      <trkpt lat="38.51888" lon="-109.279">
        <ele>0</ele>
        <time>1970-01-01T00:00:00Z</time>
      </trkpt>
      <trkpt lat="38.51901" lon="-109.27895">
        <ele>0</ele>
        <time>1970-01-01T00:00:00Z</time>
      </trkpt>
      <trkpt lat="38.51917" lon="-109.27893">
        <ele>0</ele>
        <time>1970-01-01T00:00:00Z</time>
      </trkpt>
      <trkpt lat="38.51928" lon="-109.27894">
        <ele>0</ele>
        <time>1970-01-01T00:00:00Z</time>
      </trkpt>
      <trkpt lat="38.51952" lon="-109.27887">
        <ele>0</ele>
        <time>1970-01-01T00:00:00Z</time>
      </trkpt>
      <trkpt lat="38.51997" lon="-109.2786">
        <ele>0</ele>
        <time>1970-01-01T00:00:00Z</time>
      </trkpt>
      <trkpt lat="38.52011" lon="-109.27856">
        <ele>0</ele>
        <time>1970-01-01T00:00:00Z</time>
      </trkpt>
      <trkpt lat="38.52023" lon="-109.27854">
        <ele>0</ele>
        <time>1970-01-01T00:00:00Z</time>
      </trkpt>
      <trkpt lat="38.52035" lon="-109.27856">
        <ele>0</ele>
        <time>1970-01-01T00:00:00Z</time>
      </trkpt>
      <trkpt lat="38.52043" lon="-109.2786">
        <ele>0</ele>
        <time>1970-01-01T00:00:00Z</time>
      </trkpt>
      <trkpt lat="38.52059" lon="-109.27873">
        <ele>0</ele>
        <time>1970-01-01T00:00:00Z</time>
      </trkpt>
      <trkpt lat="38.52072" lon="-109.27889">
        <ele>0</ele>
        <time>1970-01-01T00:00:00Z</time>
      </trkpt>
      <trkpt lat="38.52082" lon="-109.27895">
        <ele>0</ele>
        <time>1970-01-01T00:00:00Z</time>
      </trkpt>
      <trkpt lat="38.52094" lon="-109.27896">
        <ele>0</ele>
        <time>1970-01-01T00:00:00Z</time>
      </trkpt>
      <trkpt lat="38.52109" lon="-109.27892">
        <ele>0</ele>
        <time>1970-01-01T00:00:00Z</time>
      </trkpt>
      <trkpt lat="38.52116" lon="-109.27888">
        <ele>0</ele>
        <time>1970-01-01T00:00:00Z</time>
      </trkpt>
      <trkpt lat="38.5213" lon="-109.27872">
        <ele>0</ele>
        <time>1970-01-01T00:00:00Z</time>
      </trkpt>
      <trkpt lat="38.52148" lon="-109.27865">
        <ele>0</ele>
        <time>1970-01-01T00:00:00Z</time>
      </trkpt>
      <trkpt lat="38.5216" lon="-109.27867">
        <ele>0</ele>
        <time>1970-01-01T00:00:00Z</time>
      </trkpt>
      <trkpt lat="38.5218" lon="-109.27876">
        <ele>0</ele>
        <time>1970-01-01T00:00:00Z</time>
      </trkpt>
      <trkpt lat="38.52186" lon="-109.27876">
        <ele>0</ele>
        <time>1970-01-01T00:00:00Z</time>
      </trkpt>
      <trkpt lat="38.5219" lon="-109.27883">
        <ele>0</ele>
        <time>1970-01-01T00:00:00Z</time>
      </trkpt>
      <trkpt lat="38.52196" lon="-109.27889">
        <ele>0</ele>
        <time>1970-01-01T00:00:00Z</time>
      </trkpt>
      <trkpt lat="38.52204" lon="-109.27893">
        <ele>0</ele>
        <time>1970-01-01T00:00:00Z</time>
      </trkpt>
      <trkpt lat="38.52209" lon="-109.27894">
        <ele>0</ele>
        <time>1970-01-01T00:00:00Z</time>
      </trkpt>
      <trkpt lat="38.52221" lon="-109.2789">
        <ele>0</ele>
        <time>1970-01-01T00:00:00Z</time>
      </trkpt>
      <trkpt lat="38.52231" lon="-109.27882">
        <ele>0</ele>
        <time>1970-01-01T00:00:00Z</time>
      </trkpt>
      <trkpt lat="38.52253" lon="-109.27856">
        <ele>0</ele>
        <time>1970-01-01T00:00:00Z</time>
      </trkpt>
      <trkpt lat="38.52271" lon="-109.27831">
        <ele>0</ele>
        <time>1970-01-01T00:00:00Z</time>
      </trkpt>
      <trkpt lat="38.52283" lon="-109.27819">
        <ele>0</ele>
        <time>1970-01-01T00:00:00Z</time>
      </trkpt>
      <trkpt lat="38.5229" lon="-109.27815">
        <ele>0</ele>
        <time>1970-01-01T00:00:00Z</time>
      </trkpt>
      <trkpt lat="38.52297" lon="-109.27815">
        <ele>0</ele>
        <time>1970-01-01T00:00:00Z</time>
      </trkpt>
      <trkpt lat="38.52319" lon="-109.27819">
        <ele>0</ele>
        <time>1970-01-01T00:00:00Z</time>
      </trkpt>
      <trkpt lat="38.52326" lon="-109.27821">
        <ele>0</ele>
        <time>1970-01-01T00:00:00Z</time>
      </trkpt>
      <trkpt lat="38.52332" lon="-109.27826">
        <ele>0</ele>
        <time>1970-01-01T00:00:00Z</time>
      </trkpt>
      <trkpt lat="38.5235" lon="-109.27845">
        <ele>0</ele>
        <time>1970-01-01T00:00:00Z</time>
      </trkpt>
      <trkpt lat="38.5239" lon="-109.27892">
        <ele>0</ele>
        <time>1970-01-01T00:00:00Z</time>
      </trkpt>
      <trkpt lat="38.52401" lon="-109.27903">
        <ele>0</ele>
        <time>1970-01-01T00:00:00Z</time>
      </trkpt>
      <trkpt lat="38.52418" lon="-109.27915">
        <ele>0</ele>
        <time>1970-01-01T00:00:00Z</time>
      </trkpt>
      <trkpt lat="38.52428" lon="-109.27925">
        <ele>0</ele>
        <time>1970-01-01T00:00:00Z</time>
      </trkpt>
      <trkpt lat="38.52444" lon="-109.27946">
        <ele>0</ele>
        <time>1970-01-01T00:00:00Z</time>
      </trkpt>
      <trkpt lat="38.52451" lon="-109.27964">
        <ele>0</ele>
        <time>1970-01-01T00:00:00Z</time>
      </trkpt>
      <trkpt lat="38.52452" lon="-109.27978">
        <ele>0</ele>
        <time>1970-01-01T00:00:00Z</time>
      </trkpt>
      <trkpt lat="38.5245" lon="-109.27984">
        <ele>0</ele>
        <time>1970-01-01T00:00:00Z</time>
      </trkpt>
      <trkpt lat="38.5244" lon="-109.27999">
        <ele>0</ele>
        <time>1970-01-01T00:00:00Z</time>
      </trkpt>
      <trkpt lat="38.5244" lon="-109.28011">
        <ele>0</ele>
        <time>1970-01-01T00:00:00Z</time>
      </trkpt>
      <trkpt lat="38.52442" lon="-109.28023">
        <ele>0</ele>
        <time>1970-01-01T00:00:00Z</time>
      </trkpt>
      <trkpt lat="38.52438" lon="-109.28055">
        <ele>0</ele>
        <time>1970-01-01T00:00:00Z</time>
      </trkpt>
      <trkpt lat="38.52444" lon="-109.28072">
        <ele>0</ele>
        <time>1970-01-01T00:00:00Z</time>
      </trkpt>
      <trkpt lat="38.52461" lon="-109.28091">
        <ele>0</ele>
        <time>1970-01-01T00:00:00Z</time>
      </trkpt>
      <trkpt lat="38.52474" lon="-109.28102">
        <ele>0</ele>
        <time>1970-01-01T00:00:00Z</time>
      </trkpt>
      <trkpt lat="38.52489" lon="-109.28108">
        <ele>0</ele>
        <time>1970-01-01T00:00:00Z</time>
      </trkpt>
      <trkpt lat="38.52515" lon="-109.28123">
        <ele>0</ele>
        <time>1970-01-01T00:00:00Z</time>
      </trkpt>
      <trkpt lat="38.52532" lon="-109.28136">
        <ele>0</ele>
        <time>1970-01-01T00:00:00Z</time>
      </trkpt>
      <trkpt lat="38.52543" lon="-109.28148">
        <ele>0</ele>
        <time>1970-01-01T00:00:00Z</time>
      </trkpt>
      <trkpt lat="38.52553" lon="-109.28154">
        <ele>0</ele>
        <time>1970-01-01T00:00:00Z</time>
      </trkpt>
      <trkpt lat="38.52554" lon="-109.28152">
        <ele>0</ele>
        <time>1970-01-01T00:00:00Z</time>
      </trkpt>
      <trkpt lat="38.52552" lon="-109.28152">
        <ele>0</ele>
        <time>1970-01-01T00:00:00Z</time>
      </trkpt>
      <trkpt lat="38.52554" lon="-109.28153">
        <ele>0</ele>
        <time>1970-01-01T00:00:00Z</time>
      </trkpt>
      <trkpt lat="38.52552" lon="-109.28155">
        <ele>0</ele>
        <time>1970-01-01T00:00:00Z</time>
      </trkpt>
      <trkpt lat="38.5255" lon="-109.28154">
        <ele>0</ele>
        <time>1970-01-01T00:00:00Z</time>
      </trkpt>
      <trkpt lat="38.52552" lon="-109.28155">
        <ele>0</ele>
        <time>1970-01-01T00:00:00Z</time>
      </trkpt>
      <trkpt lat="38.52566" lon="-109.28149">
        <ele>0</ele>
        <time>1970-01-01T00:00:00Z</time>
      </trkpt>
      <trkpt lat="38.52572" lon="-109.28141">
        <ele>0</ele>
        <time>1970-01-01T00:00:00Z</time>
      </trkpt>
      <trkpt lat="38.52574" lon="-109.28131">
        <ele>0</ele>
        <time>1970-01-01T00:00:00Z</time>
      </trkpt>
      <trkpt lat="38.52577" lon="-109.2813">
        <ele>0</ele>
        <time>1970-01-01T00:00:00Z</time>
      </trkpt>
      <trkpt lat="38.52583" lon="-109.28131">
        <ele>0</ele>
        <time>1970-01-01T00:00:00Z</time>
      </trkpt>
      <trkpt lat="38.52588" lon="-109.28129">
        <ele>0</ele>
        <time>1970-01-01T00:00:00Z</time>
      </trkpt>
      <trkpt lat="38.52595" lon="-109.28119">
        <ele>0</ele>
        <time>1970-01-01T00:00:00Z</time>
      </trkpt>
      <trkpt lat="38.52601" lon="-109.28121">
        <ele>0</ele>
        <time>1970-01-01T00:00:00Z</time>
      </trkpt>
      <trkpt lat="38.52608" lon="-109.28125">
        <ele>0</ele>
        <time>1970-01-01T00:00:00Z</time>
      </trkpt>
      <trkpt lat="38.52611" lon="-109.28126">
        <ele>0</ele>
        <time>1970-01-01T00:00:00Z</time>
      </trkpt>
      <trkpt lat="38.52612" lon="-109.28124">
        <ele>0</ele>
        <time>1970-01-01T00:00:00Z</time>
      </trkpt>
      <trkpt lat="38.5261" lon="-109.28124">
        <ele>0</ele>
        <time>1970-01-01T00:00:00Z</time>
      </trkpt>
      <trkpt lat="38.52612" lon="-109.28126">
        <ele>0</ele>
        <time>1970-01-01T00:00:00Z</time>
      </trkpt>
      <trkpt lat="38.52624" lon="-109.28128">
        <ele>0</ele>
        <time>1970-01-01T00:00:00Z</time>
      </trkpt>
      <trkpt lat="38.52631" lon="-109.28128">
        <ele>0</ele>
        <time>1970-01-01T00:00:00Z</time>
      </trkpt>
      <trkpt lat="38.52661" lon="-109.28142">
        <ele>0</ele>
        <time>1970-01-01T00:00:00Z</time>
      </trkpt>
      <trkpt lat="38.52669" lon="-109.28152">
        <ele>0</ele>
        <time>1970-01-01T00:00:00Z</time>
      </trkpt>
      <trkpt lat="38.52673" lon="-109.28165">
        <ele>0</ele>
        <time>1970-01-01T00:00:00Z</time>
      </trkpt>
      <trkpt lat="38.5268" lon="-109.28167">
        <ele>0</ele>
        <time>1970-01-01T00:00:00Z</time>
      </trkpt>
      <trkpt lat="38.52687" lon="-109.28176">
        <ele>0</ele>
        <time>1970-01-01T00:00:00Z</time>
      </trkpt>
      <trkpt lat="38.5269" lon="-109.28186">
        <ele>0</ele>
        <time>1970-01-01T00:00:00Z</time>
      </trkpt>
      <trkpt lat="38.5269" lon="-109.282">
        <ele>0</ele>
        <time>1970-01-01T00:00:00Z</time>
      </trkpt>
      <trkpt lat="38.52696" lon="-109.28204">
        <ele>0</ele>
        <time>1970-01-01T00:00:00Z</time>
      </trkpt>
      <trkpt lat="38.52701" lon="-109.28213">
        <ele>0</ele>
        <time>1970-01-01T00:00:00Z</time>
      </trkpt>
      <trkpt lat="38.5272" lon="-109.28239">
        <ele>0</ele>
        <time>1970-01-01T00:00:00Z</time>
      </trkpt>
      <trkpt lat="38.52722" lon="-109.28245">
        <ele>0</ele>
        <time>1970-01-01T00:00:00Z</time>
      </trkpt>
      <trkpt lat="38.52728" lon="-109.28249">
        <ele>0</ele>
        <time>1970-01-01T00:00:00Z</time>
      </trkpt>
      <trkpt lat="38.52735" lon="-109.28258">
        <ele>0</ele>
        <time>1970-01-01T00:00:00Z</time>
      </trkpt>
      <trkpt lat="38.52741" lon="-109.28259">
        <ele>0</ele>
        <time>1970-01-01T00:00:00Z</time>
      </trkpt>
      <trkpt lat="38.52744" lon="-109.28264">
        <ele>0</ele>
        <time>1970-01-01T00:00:00Z</time>
      </trkpt>
      <trkpt lat="38.52747" lon="-109.28264">
        <ele>0</ele>
        <time>1970-01-01T00:00:00Z</time>
      </trkpt>
      <trkpt lat="38.52752" lon="-109.28269">
        <ele>0</ele>
        <time>1970-01-01T00:00:00Z</time>
      </trkpt>
      <trkpt lat="38.52759" lon="-109.28296">
        <ele>0</ele>
        <time>1970-01-01T00:00:00Z</time>
      </trkpt>
      <trkpt lat="38.52763" lon="-109.28301">
        <ele>0</ele>
        <time>1970-01-01T00:00:00Z</time>
      </trkpt>
      <trkpt lat="38.52762" lon="-109.28312">
        <ele>0</ele>
        <time>1970-01-01T00:00:00Z</time>
      </trkpt>
      <trkpt lat="38.52765" lon="-109.28317">
        <ele>0</ele>
        <time>1970-01-01T00:00:00Z</time>
      </trkpt>
      <trkpt lat="38.52767" lon="-109.28334">
        <ele>0</ele>
        <time>1970-01-01T00:00:00Z</time>
      </trkpt>
      <trkpt lat="38.52764" lon="-109.28346">
        <ele>0</ele>
        <time>1970-01-01T00:00:00Z</time>
      </trkpt>
      <trkpt lat="38.52759" lon="-109.28353">
        <ele>0</ele>
        <time>1970-01-01T00:00:00Z</time>
      </trkpt>
      <trkpt lat="38.52755" lon="-109.28364">
        <ele>0</ele>
        <time>1970-01-01T00:00:00Z</time>
      </trkpt>
      <trkpt lat="38.5275" lon="-109.28368">
        <ele>0</ele>
        <time>1970-01-01T00:00:00Z</time>
      </trkpt>
      <trkpt lat="38.52744" lon="-109.28377">
        <ele>0</ele>
        <time>1970-01-01T00:00:00Z</time>
      </trkpt>
      <trkpt lat="38.52731" lon="-109.2839">
        <ele>0</ele>
        <time>1970-01-01T00:00:00Z</time>
      </trkpt>
      <trkpt lat="38.52728" lon="-109.28396">
        <ele>0</ele>
        <time>1970-01-01T00:00:00Z</time>
      </trkpt>
      <trkpt lat="38.52725" lon="-109.28404">
        <ele>0</ele>
        <time>1970-01-01T00:00:00Z</time>
      </trkpt>
      <trkpt lat="38.52717" lon="-109.2843">
        <ele>0</ele>
        <time>1970-01-01T00:00:00Z</time>
      </trkpt>
      <trkpt lat="38.52715" lon="-109.2845">
        <ele>0</ele>
        <time>1970-01-01T00:00:00Z</time>
      </trkpt>
      <trkpt lat="38.52717" lon="-109.28468">
        <ele>0</ele>
        <time>1970-01-01T00:00:00Z</time>
      </trkpt>
      <trkpt lat="38.52717" lon="-109.28473">
        <ele>0</ele>
        <time>1970-01-01T00:00:00Z</time>
      </trkpt>
      <trkpt lat="38.52719" lon="-109.28482">
        <ele>0</ele>
        <time>1970-01-01T00:00:00Z</time>
      </trkpt>
      <trkpt lat="38.52712" lon="-109.28497">
        <ele>0</ele>
        <time>1970-01-01T00:00:00Z</time>
      </trkpt>
      <trkpt lat="38.52703" lon="-109.2853">
        <ele>0</ele>
        <time>1970-01-01T00:00:00Z</time>
      </trkpt>
      <trkpt lat="38.52705" lon="-109.28577">
        <ele>0</ele>
        <time>1970-01-01T00:00:00Z</time>
      </trkpt>
      <trkpt lat="38.52704" lon="-109.28589">
        <ele>0</ele>
        <time>1970-01-01T00:00:00Z</time>
      </trkpt>
      <trkpt lat="38.52705" lon="-109.28598">
        <ele>0</ele>
        <time>1970-01-01T00:00:00Z</time>
      </trkpt>
      <trkpt lat="38.52704" lon="-109.28604">
        <ele>0</ele>
        <time>1970-01-01T00:00:00Z</time>
      </trkpt>
      <trkpt lat="38.52706" lon="-109.28638">
        <ele>0</ele>
        <time>1970-01-01T00:00:00Z</time>
      </trkpt>
      <trkpt lat="38.52705" lon="-109.28643">
        <ele>0</ele>
        <time>1970-01-01T00:00:00Z</time>
      </trkpt>
      <trkpt lat="38.52707" lon="-109.28647">
        <ele>0</ele>
        <time>1970-01-01T00:00:00Z</time>
      </trkpt>
      <trkpt lat="38.52708" lon="-109.28652">
        <ele>0</ele>
        <time>1970-01-01T00:00:00Z</time>
      </trkpt>
      <trkpt lat="38.52707" lon="-109.28662">
        <ele>0</ele>
        <time>1970-01-01T00:00:00Z</time>
      </trkpt>
      <trkpt lat="38.52707" lon="-109.2867">
        <ele>0</ele>
        <time>1970-01-01T00:00:00Z</time>
      </trkpt>
      <trkpt lat="38.52706" lon="-109.28678">
        <ele>0</ele>
        <time>1970-01-01T00:00:00Z</time>
      </trkpt>
      <trkpt lat="38.52703" lon="-109.28683">
        <ele>0</ele>
        <time>1970-01-01T00:00:00Z</time>
      </trkpt>
      <trkpt lat="38.52702" lon="-109.28691">
        <ele>0</ele>
        <time>1970-01-01T00:00:00Z</time>
      </trkpt>
      <trkpt lat="38.52704" lon="-109.28711">
        <ele>0</ele>
        <time>1970-01-01T00:00:00Z</time>
      </trkpt>
      <trkpt lat="38.527" lon="-109.28751">
        <ele>0</ele>
        <time>1970-01-01T00:00:00Z</time>
      </trkpt>
      <trkpt lat="38.52695" lon="-109.28759">
        <ele>0</ele>
        <time>1970-01-01T00:00:00Z</time>
      </trkpt>
      <trkpt lat="38.52694" lon="-109.28767">
        <ele>0</ele>
        <time>1970-01-01T00:00:00Z</time>
      </trkpt>
      <trkpt lat="38.52685" lon="-109.28781">
        <ele>0</ele>
        <time>1970-01-01T00:00:00Z</time>
      </trkpt>
      <trkpt lat="38.52681" lon="-109.28783">
        <ele>0</ele>
        <time>1970-01-01T00:00:00Z</time>
      </trkpt>
      <trkpt lat="38.52677" lon="-109.28782">
        <ele>0</ele>
        <time>1970-01-01T00:00:00Z</time>
      </trkpt>
      <trkpt lat="38.52678" lon="-109.28786">
        <ele>0</ele>
        <time>1970-01-01T00:00:00Z</time>
      </trkpt>
      <trkpt lat="38.5268" lon="-109.28783">
        <ele>0</ele>
        <time>1970-01-01T00:00:00Z</time>
      </trkpt>
      <trkpt lat="38.52679" lon="-109.28788">
        <ele>0</ele>
        <time>1970-01-01T00:00:00Z</time>
      </trkpt>
      <trkpt lat="38.52667" lon="-109.28811">
        <ele>0</ele>
        <time>1970-01-01T00:00:00Z</time>
      </trkpt>
      <trkpt lat="38.52659" lon="-109.28846">
        <ele>0</ele>
        <time>1970-01-01T00:00:00Z</time>
      </trkpt>
      <trkpt lat="38.52655" lon="-109.28869">
        <ele>0</ele>
        <time>1970-01-01T00:00:00Z</time>
      </trkpt>
      <trkpt lat="38.52658" lon="-109.28882">
        <ele>0</ele>
        <time>1970-01-01T00:00:00Z</time>
      </trkpt>
      <trkpt lat="38.52655" lon="-109.28892">
        <ele>0</ele>
        <time>1970-01-01T00:00:00Z</time>
      </trkpt>
      <trkpt lat="38.52646" lon="-109.28899">
        <ele>0</ele>
        <time>1970-01-01T00:00:00Z</time>
      </trkpt>
      <trkpt lat="38.52637" lon="-109.289">
        <ele>0</ele>
        <time>1970-01-01T00:00:00Z</time>
      </trkpt>
      <trkpt lat="38.52633" lon="-109.28903">
        <ele>0</ele>
        <time>1970-01-01T00:00:00Z</time>
      </trkpt>
      <trkpt lat="38.52624" lon="-109.28905">
        <ele>0</ele>
        <time>1970-01-01T00:00:00Z</time>
      </trkpt>
      <trkpt lat="38.52609" lon="-109.28922">
        <ele>0</ele>
        <time>1970-01-01T00:00:00Z</time>
      </trkpt>
      <trkpt lat="38.52605" lon="-109.28928">
        <ele>0</ele>
        <time>1970-01-01T00:00:00Z</time>
      </trkpt>
      <trkpt lat="38.52603" lon="-109.28934">
        <ele>0</ele>
        <time>1970-01-01T00:00:00Z</time>
      </trkpt>
      <trkpt lat="38.52604" lon="-109.28941">
        <ele>0</ele>
        <time>1970-01-01T00:00:00Z</time>
      </trkpt>
      <trkpt lat="38.52619" lon="-109.28973">
        <ele>0</ele>
        <time>1970-01-01T00:00:00Z</time>
      </trkpt>
      <trkpt lat="38.5262" lon="-109.28979">
        <ele>0</ele>
        <time>1970-01-01T00:00:00Z</time>
      </trkpt>
      <trkpt lat="38.52618" lon="-109.28992">
        <ele>0</ele>
        <time>1970-01-01T00:00:00Z</time>
      </trkpt>
      <trkpt lat="38.52608" lon="-109.29016">
        <ele>0</ele>
        <time>1970-01-01T00:00:00Z</time>
      </trkpt>
      <trkpt lat="38.52607" lon="-109.29037">
        <ele>0</ele>
        <time>1970-01-01T00:00:00Z</time>
      </trkpt>
      <trkpt lat="38.5261" lon="-109.29054">
        <ele>0</ele>
        <time>1970-01-01T00:00:00Z</time>
      </trkpt>
      <trkpt lat="38.52615" lon="-109.29068">
        <ele>0</ele>
        <time>1970-01-01T00:00:00Z</time>
      </trkpt>
      <trkpt lat="38.52616" lon="-109.29073">
        <ele>0</ele>
        <time>1970-01-01T00:00:00Z</time>
      </trkpt>
      <trkpt lat="38.52629" lon="-109.29099">
        <ele>0</ele>
        <time>1970-01-01T00:00:00Z</time>
      </trkpt>
      <trkpt lat="38.52633" lon="-109.29113">
        <ele>0</ele>
        <time>1970-01-01T00:00:00Z</time>
      </trkpt>
      <trkpt lat="38.52634" lon="-109.29142">
        <ele>0</ele>
        <time>1970-01-01T00:00:00Z</time>
      </trkpt>
      <trkpt lat="38.52627" lon="-109.29181">
        <ele>0</ele>
        <time>1970-01-01T00:00:00Z</time>
      </trkpt>
      <trkpt lat="38.52633" lon="-109.29214">
        <ele>0</ele>
        <time>1970-01-01T00:00:00Z</time>
      </trkpt>
      <trkpt lat="38.52634" lon="-109.2924">
        <ele>0</ele>
        <time>1970-01-01T00:00:00Z</time>
      </trkpt>
      <trkpt lat="38.52637" lon="-109.29251">
        <ele>0</ele>
        <time>1970-01-01T00:00:00Z</time>
      </trkpt>
      <trkpt lat="38.52647" lon="-109.29265">
        <ele>0</ele>
        <time>1970-01-01T00:00:00Z</time>
      </trkpt>
      <trkpt lat="38.52653" lon="-109.29292">
        <ele>0</ele>
        <time>1970-01-01T00:00:00Z</time>
      </trkpt>
      <trkpt lat="38.5265" lon="-109.293">
        <ele>0</ele>
        <time>1970-01-01T00:00:00Z</time>
      </trkpt>
      <trkpt lat="38.5265" lon="-109.29315">
        <ele>0</ele>
        <time>1970-01-01T00:00:00Z</time>
      </trkpt>
      <trkpt lat="38.52648" lon="-109.29319">
        <ele>0</ele>
        <time>1970-01-01T00:00:00Z</time>
      </trkpt>
      <trkpt lat="38.52638" lon="-109.29333">
        <ele>0</ele>
        <time>1970-01-01T00:00:00Z</time>
      </trkpt>
      <trkpt lat="38.5263" lon="-109.29334">
        <ele>0</ele>
        <time>1970-01-01T00:00:00Z</time>
      </trkpt>
      <trkpt lat="38.52626" lon="-109.29336">
        <ele>0</ele>
        <time>1970-01-01T00:00:00Z</time>
      </trkpt>
      <trkpt lat="38.52623" lon="-109.29342">
        <ele>0</ele>
        <time>1970-01-01T00:00:00Z</time>
      </trkpt>
      <trkpt lat="38.52625" lon="-109.29356">
        <ele>0</ele>
        <time>1970-01-01T00:00:00Z</time>
      </trkpt>
      <trkpt lat="38.5263" lon="-109.29369">
        <ele>0</ele>
        <time>1970-01-01T00:00:00Z</time>
      </trkpt>
      <trkpt lat="38.52635" lon="-109.2939">
        <ele>0</ele>
        <time>1970-01-01T00:00:00Z</time>
      </trkpt>
      <trkpt lat="38.52638" lon="-109.29397">
        <ele>0</ele>
        <time>1970-01-01T00:00:00Z</time>
      </trkpt>
      <trkpt lat="38.5265" lon="-109.29412">
        <ele>0</ele>
        <time>1970-01-01T00:00:00Z</time>
      </trkpt>
      <trkpt lat="38.52651" lon="-109.29419">
        <ele>0</ele>
        <time>1970-01-01T00:00:00Z</time>
      </trkpt>
      <trkpt lat="38.52648" lon="-109.29431">
        <ele>0</ele>
        <time>1970-01-01T00:00:00Z</time>
      </trkpt>
      <trkpt lat="38.5265" lon="-109.29441">
        <ele>0</ele>
        <time>1970-01-01T00:00:00Z</time>
      </trkpt>
      <trkpt lat="38.52643" lon="-109.29467">
        <ele>0</ele>
        <time>1970-01-01T00:00:00Z</time>
      </trkpt>
      <trkpt lat="38.52646" lon="-109.29477">
        <ele>0</ele>
        <time>1970-01-01T00:00:00Z</time>
      </trkpt>
      <trkpt lat="38.52651" lon="-109.29483">
        <ele>0</ele>
        <time>1970-01-01T00:00:00Z</time>
      </trkpt>
      <trkpt lat="38.52651" lon="-109.29488">
        <ele>0</ele>
        <time>1970-01-01T00:00:00Z</time>
      </trkpt>
      <trkpt lat="38.52649" lon="-109.29494">
        <ele>0</ele>
        <time>1970-01-01T00:00:00Z</time>
      </trkpt>
      <trkpt lat="38.52638" lon="-109.29505">
        <ele>0</ele>
        <time>1970-01-01T00:00:00Z</time>
      </trkpt>
      <trkpt lat="38.52636" lon="-109.2951">
        <ele>0</ele>
        <time>1970-01-01T00:00:00Z</time>
      </trkpt>
      <trkpt lat="38.52639" lon="-109.29521">
        <ele>0</ele>
        <time>1970-01-01T00:00:00Z</time>
      </trkpt>
      <trkpt lat="38.52639" lon="-109.29526">
        <ele>0</ele>
        <time>1970-01-01T00:00:00Z</time>
      </trkpt>
      <trkpt lat="38.52633" lon="-109.29536">
        <ele>0</ele>
        <time>1970-01-01T00:00:00Z</time>
      </trkpt>
      <trkpt lat="38.52623" lon="-109.2954">
        <ele>0</ele>
        <time>1970-01-01T00:00:00Z</time>
      </trkpt>
      <trkpt lat="38.52617" lon="-109.29546">
        <ele>0</ele>
        <time>1970-01-01T00:00:00Z</time>
      </trkpt>
      <trkpt lat="38.5261" lon="-109.29566">
        <ele>0</ele>
        <time>1970-01-01T00:00:00Z</time>
      </trkpt>
      <trkpt lat="38.52612" lon="-109.2958">
        <ele>0</ele>
        <time>1970-01-01T00:00:00Z</time>
      </trkpt>
      <trkpt lat="38.52614" lon="-109.29588">
        <ele>0</ele>
        <time>1970-01-01T00:00:00Z</time>
      </trkpt>
      <trkpt lat="38.52621" lon="-109.29595">
        <ele>0</ele>
        <time>1970-01-01T00:00:00Z</time>
      </trkpt>
      <trkpt lat="38.5263" lon="-109.296">
        <ele>0</ele>
        <time>1970-01-01T00:00:00Z</time>
      </trkpt>
      <trkpt lat="38.52636" lon="-109.29609">
        <ele>0</ele>
        <time>1970-01-01T00:00:00Z</time>
      </trkpt>
      <trkpt lat="38.52637" lon="-109.29615">
        <ele>0</ele>
        <time>1970-01-01T00:00:00Z</time>
      </trkpt>
      <trkpt lat="38.52636" lon="-109.2962">
        <ele>0</ele>
        <time>1970-01-01T00:00:00Z</time>
      </trkpt>
      <trkpt lat="38.5263" lon="-109.2963">
        <ele>0</ele>
        <time>1970-01-01T00:00:00Z</time>
      </trkpt>
      <trkpt lat="38.5262" lon="-109.29637">
        <ele>0</ele>
        <time>1970-01-01T00:00:00Z</time>
      </trkpt>
      <trkpt lat="38.52619" lon="-109.29642">
        <ele>0</ele>
        <time>1970-01-01T00:00:00Z</time>
      </trkpt>
      <trkpt lat="38.52622" lon="-109.29665">
        <ele>0</ele>
        <time>1970-01-01T00:00:00Z</time>
      </trkpt>
      <trkpt lat="38.52622" lon="-109.29698">
        <ele>0</ele>
        <time>1970-01-01T00:00:00Z</time>
      </trkpt>
      <trkpt lat="38.5263" lon="-109.29713">
        <ele>0</ele>
        <time>1970-01-01T00:00:00Z</time>
      </trkpt>
      <trkpt lat="38.52631" lon="-109.29719">
        <ele>0</ele>
        <time>1970-01-01T00:00:00Z</time>
      </trkpt>
      <trkpt lat="38.52631" lon="-109.29725">
        <ele>0</ele>
        <time>1970-01-01T00:00:00Z</time>
      </trkpt>
      <trkpt lat="38.52622" lon="-109.29736">
        <ele>0</ele>
        <time>1970-01-01T00:00:00Z</time>
      </trkpt>
      <trkpt lat="38.52623" lon="-109.29735">
        <ele>0</ele>
        <time>1970-01-01T00:00:00Z</time>
      </trkpt>
      <trkpt lat="38.5262" lon="-109.29749">
        <ele>0</ele>
        <time>1970-01-01T00:00:00Z</time>
      </trkpt>
      <trkpt lat="38.52621" lon="-109.2976">
        <ele>0</ele>
        <time>1970-01-01T00:00:00Z</time>
      </trkpt>
      <trkpt lat="38.52624" lon="-109.29765">
        <ele>0</ele>
        <time>1970-01-01T00:00:00Z</time>
      </trkpt>
      <trkpt lat="38.52629" lon="-109.29767">
        <ele>0</ele>
        <time>1970-01-01T00:00:00Z</time>
      </trkpt>
      <trkpt lat="38.52638" lon="-109.29764">
        <ele>0</ele>
        <time>1970-01-01T00:00:00Z</time>
      </trkpt>
      <trkpt lat="38.52643" lon="-109.29764">
        <ele>0</ele>
        <time>1970-01-01T00:00:00Z</time>
      </trkpt>
      <trkpt lat="38.52646" lon="-109.29768">
        <ele>0</ele>
        <time>1970-01-01T00:00:00Z</time>
      </trkpt>
      <trkpt lat="38.52646" lon="-109.29796">
        <ele>0</ele>
        <time>1970-01-01T00:00:00Z</time>
      </trkpt>
      <trkpt lat="38.52653" lon="-109.2981">
        <ele>0</ele>
        <time>1970-01-01T00:00:00Z</time>
      </trkpt>
      <trkpt lat="38.52655" lon="-109.29813">
        <ele>0</ele>
        <time>1970-01-01T00:00:00Z</time>
      </trkpt>
      <trkpt lat="38.52665" lon="-109.29814">
        <ele>0</ele>
        <time>1970-01-01T00:00:00Z</time>
      </trkpt>
      <trkpt lat="38.52671" lon="-109.29813">
        <ele>0</ele>
        <time>1970-01-01T00:00:00Z</time>
      </trkpt>
      <trkpt lat="38.52686" lon="-109.29803">
        <ele>0</ele>
        <time>1970-01-01T00:00:00Z</time>
      </trkpt>
      <trkpt lat="38.52694" lon="-109.29802">
        <ele>0</ele>
        <time>1970-01-01T00:00:00Z</time>
      </trkpt>
      <trkpt lat="38.52704" lon="-109.29812">
        <ele>0</ele>
        <time>1970-01-01T00:00:00Z</time>
      </trkpt>
      <trkpt lat="38.52713" lon="-109.29814">
        <ele>0</ele>
        <time>1970-01-01T00:00:00Z</time>
      </trkpt>
      <trkpt lat="38.52721" lon="-109.29833">
        <ele>0</ele>
        <time>1970-01-01T00:00:00Z</time>
      </trkpt>
      <trkpt lat="38.52723" lon="-109.29853">
        <ele>0</ele>
        <time>1970-01-01T00:00:00Z</time>
      </trkpt>
      <trkpt lat="38.52727" lon="-109.29866">
        <ele>0</ele>
        <time>1970-01-01T00:00:00Z</time>
      </trkpt>
      <trkpt lat="38.52727" lon="-109.29881">
        <ele>0</ele>
        <time>1970-01-01T00:00:00Z</time>
      </trkpt>
      <trkpt lat="38.52724" lon="-109.29899">
        <ele>0</ele>
        <time>1970-01-01T00:00:00Z</time>
      </trkpt>
      <trkpt lat="38.52726" lon="-109.29903">
        <ele>0</ele>
        <time>1970-01-01T00:00:00Z</time>
      </trkpt>
      <trkpt lat="38.5273" lon="-109.29903">
        <ele>0</ele>
        <time>1970-01-01T00:00:00Z</time>
      </trkpt>
      <trkpt lat="38.52736" lon="-109.29899">
        <ele>0</ele>
        <time>1970-01-01T00:00:00Z</time>
      </trkpt>
      <trkpt lat="38.52759" lon="-109.2987">
        <ele>0</ele>
        <time>1970-01-01T00:00:00Z</time>
      </trkpt>
      <trkpt lat="38.52763" lon="-109.2987">
        <ele>0</ele>
        <time>1970-01-01T00:00:00Z</time>
      </trkpt>
      <trkpt lat="38.52767" lon="-109.29868">
        <ele>0</ele>
        <time>1970-01-01T00:00:00Z</time>
      </trkpt>
      <trkpt lat="38.52775" lon="-109.29859">
        <ele>0</ele>
        <time>1970-01-01T00:00:00Z</time>
      </trkpt>
      <trkpt lat="38.52779" lon="-109.29859">
        <ele>0</ele>
        <time>1970-01-01T00:00:00Z</time>
      </trkpt>
      <trkpt lat="38.52783" lon="-109.29862">
        <ele>0</ele>
        <time>1970-01-01T00:00:00Z</time>
      </trkpt>
      <trkpt lat="38.52785" lon="-109.29868">
        <ele>0</ele>
        <time>1970-01-01T00:00:00Z</time>
      </trkpt>
      <trkpt lat="38.52786" lon="-109.29886">
        <ele>0</ele>
        <time>1970-01-01T00:00:00Z</time>
      </trkpt>
      <trkpt lat="38.5279" lon="-109.29895">
        <ele>0</ele>
        <time>1970-01-01T00:00:00Z</time>
      </trkpt>
      <trkpt lat="38.52787" lon="-109.29903">
        <ele>0</ele>
        <time>1970-01-01T00:00:00Z</time>
      </trkpt>
      <trkpt lat="38.52787" lon="-109.29908">
        <ele>0</ele>
        <time>1970-01-01T00:00:00Z</time>
      </trkpt>
      <trkpt lat="38.52792" lon="-109.2993">
        <ele>0</ele>
        <time>1970-01-01T00:00:00Z</time>
      </trkpt>
      <trkpt lat="38.52793" lon="-109.29941">
        <ele>0</ele>
        <time>1970-01-01T00:00:00Z</time>
      </trkpt>
      <trkpt lat="38.52792" lon="-109.29963">
        <ele>0</ele>
        <time>1970-01-01T00:00:00Z</time>
      </trkpt>
      <trkpt lat="38.52788" lon="-109.29979">
        <ele>0</ele>
        <time>1970-01-01T00:00:00Z</time>
      </trkpt>
      <trkpt lat="38.52789" lon="-109.29984">
        <ele>0</ele>
        <time>1970-01-01T00:00:00Z</time>
      </trkpt>
      <trkpt lat="38.52791" lon="-109.29987">
        <ele>0</ele>
        <time>1970-01-01T00:00:00Z</time>
      </trkpt>
      <trkpt lat="38.52794" lon="-109.29988">
        <ele>0</ele>
        <time>1970-01-01T00:00:00Z</time>
      </trkpt>
      <trkpt lat="38.52808" lon="-109.29981">
        <ele>0</ele>
        <time>1970-01-01T00:00:00Z</time>
      </trkpt>
      <trkpt lat="38.52811" lon="-109.29982">
        <ele>0</ele>
        <time>1970-01-01T00:00:00Z</time>
      </trkpt>
      <trkpt lat="38.5282" lon="-109.29988">
        <ele>0</ele>
        <time>1970-01-01T00:00:00Z</time>
      </trkpt>
      <trkpt lat="38.52831" lon="-109.29989">
        <ele>0</ele>
        <time>1970-01-01T00:00:00Z</time>
      </trkpt>
      <trkpt lat="38.52839" lon="-109.29987">
        <ele>0</ele>
        <time>1970-01-01T00:00:00Z</time>
      </trkpt>
      <trkpt lat="38.52853" lon="-109.2999">
        <ele>0</ele>
        <time>1970-01-01T00:00:00Z</time>
      </trkpt>
      <trkpt lat="38.52868" lon="-109.29986">
        <ele>0</ele>
        <time>1970-01-01T00:00:00Z</time>
      </trkpt>
      <trkpt lat="38.5287" lon="-109.29987">
        <ele>0</ele>
        <time>1970-01-01T00:00:00Z</time>
      </trkpt>
      <trkpt lat="38.52876" lon="-109.29991">
        <ele>0</ele>
        <time>1970-01-01T00:00:00Z</time>
      </trkpt>
      <trkpt lat="38.52889" lon="-109.29984">
        <ele>0</ele>
        <time>1970-01-01T00:00:00Z</time>
      </trkpt>
      <trkpt lat="38.52896" lon="-109.29982">
        <ele>0</ele>
        <time>1970-01-01T00:00:00Z</time>
      </trkpt>
      <trkpt lat="38.52906" lon="-109.29973">
        <ele>0</ele>
        <time>1970-01-01T00:00:00Z</time>
      </trkpt>
      <trkpt lat="38.52917" lon="-109.29975">
        <ele>0</ele>
        <time>1970-01-01T00:00:00Z</time>
      </trkpt>
      <trkpt lat="38.52921" lon="-109.29978">
        <ele>0</ele>
        <time>1970-01-01T00:00:00Z</time>
      </trkpt>
      <trkpt lat="38.52934" lon="-109.29977">
        <ele>0</ele>
        <time>1970-01-01T00:00:00Z</time>
      </trkpt>
      <trkpt lat="38.52944" lon="-109.29982">
        <ele>0</ele>
        <time>1970-01-01T00:00:00Z</time>
      </trkpt>
      <trkpt lat="38.52954" lon="-109.29979">
        <ele>0</ele>
        <time>1970-01-01T00:00:00Z</time>
      </trkpt>
      <trkpt lat="38.52958" lon="-109.2998">
        <ele>0</ele>
        <time>1970-01-01T00:00:00Z</time>
      </trkpt>
      <trkpt lat="38.52964" lon="-109.29991">
        <ele>0</ele>
        <time>1970-01-01T00:00:00Z</time>
      </trkpt>
      <trkpt lat="38.52966" lon="-109.3">
        <ele>0</ele>
        <time>1970-01-01T00:00:00Z</time>
      </trkpt>
      <trkpt lat="38.52959" lon="-109.30007">
        <ele>0</ele>
        <time>1970-01-01T00:00:00Z</time>
      </trkpt>
      <trkpt lat="38.52951" lon="-109.30012">
        <ele>0</ele>
        <time>1970-01-01T00:00:00Z</time>
      </trkpt>
      <trkpt lat="38.52948" lon="-109.30027">
        <ele>0</ele>
        <time>1970-01-01T00:00:00Z</time>
      </trkpt>
      <trkpt lat="38.52942" lon="-109.30043">
        <ele>0</ele>
        <time>1970-01-01T00:00:00Z</time>
      </trkpt>
      <trkpt lat="38.52942" lon="-109.30049">
        <ele>0</ele>
        <time>1970-01-01T00:00:00Z</time>
      </trkpt>
      <trkpt lat="38.52955" lon="-109.30067">
        <ele>0</ele>
        <time>1970-01-01T00:00:00Z</time>
      </trkpt>
      <trkpt lat="38.52962" lon="-109.30071">
        <ele>0</ele>
        <time>1970-01-01T00:00:00Z</time>
      </trkpt>
      <trkpt lat="38.52968" lon="-109.30071">
        <ele>0</ele>
        <time>1970-01-01T00:00:00Z</time>
      </trkpt>
      <trkpt lat="38.52966" lon="-109.30072">
        <ele>0</ele>
        <time>1970-01-01T00:00:00Z</time>
      </trkpt>
      <trkpt lat="38.52973" lon="-109.3007">
        <ele>0</ele>
        <time>1970-01-01T00:00:00Z</time>
      </trkpt>
      <trkpt lat="38.52976" lon="-109.30071">
        <ele>0</ele>
        <time>1970-01-01T00:00:00Z</time>
      </trkpt>
      <trkpt lat="38.52977" lon="-109.30075">
        <ele>0</ele>
        <time>1970-01-01T00:00:00Z</time>
      </trkpt>
      <trkpt lat="38.52977" lon="-109.30082">
        <ele>0</ele>
        <time>1970-01-01T00:00:00Z</time>
      </trkpt>
      <trkpt lat="38.5297" lon="-109.30103">
        <ele>0</ele>
        <time>1970-01-01T00:00:00Z</time>
      </trkpt>
      <trkpt lat="38.52961" lon="-109.30117">
        <ele>0</ele>
        <time>1970-01-01T00:00:00Z</time>
      </trkpt>
      <trkpt lat="38.52962" lon="-109.30127">
        <ele>0</ele>
        <time>1970-01-01T00:00:00Z</time>
      </trkpt>
      <trkpt lat="38.52966" lon="-109.30133">
        <ele>0</ele>
        <time>1970-01-01T00:00:00Z</time>
      </trkpt>
      <trkpt lat="38.52983" lon="-109.30133">
        <ele>0</ele>
        <time>1970-01-01T00:00:00Z</time>
      </trkpt>
      <trkpt lat="38.52996" lon="-109.30129">
        <ele>0</ele>
        <time>1970-01-01T00:00:00Z</time>
      </trkpt>
      <trkpt lat="38.53004" lon="-109.30125">
        <ele>0</ele>
        <time>1970-01-01T00:00:00Z</time>
      </trkpt>
      <trkpt lat="38.53013" lon="-109.30117">
        <ele>0</ele>
        <time>1970-01-01T00:00:00Z</time>
      </trkpt>
      <trkpt lat="38.5302" lon="-109.30113">
        <ele>0</ele>
        <time>1970-01-01T00:00:00Z</time>
      </trkpt>
      <trkpt lat="38.53032" lon="-109.30115">
        <ele>0</ele>
        <time>1970-01-01T00:00:00Z</time>
      </trkpt>
      <trkpt lat="38.53046" lon="-109.30111">
        <ele>0</ele>
        <time>1970-01-01T00:00:00Z</time>
      </trkpt>
      <trkpt lat="38.53061" lon="-109.30114">
        <ele>0</ele>
        <time>1970-01-01T00:00:00Z</time>
      </trkpt>
      <trkpt lat="38.53065" lon="-109.30117">
        <ele>0</ele>
        <time>1970-01-01T00:00:00Z</time>
      </trkpt>
      <trkpt lat="38.53068" lon="-109.30121">
        <ele>0</ele>
        <time>1970-01-01T00:00:00Z</time>
      </trkpt>
      <trkpt lat="38.53071" lon="-109.30138">
        <ele>0</ele>
        <time>1970-01-01T00:00:00Z</time>
      </trkpt>
      <trkpt lat="38.53075" lon="-109.30141">
        <ele>0</ele>
        <time>1970-01-01T00:00:00Z</time>
      </trkpt>
      <trkpt lat="38.53077" lon="-109.30151">
        <ele>0</ele>
        <time>1970-01-01T00:00:00Z</time>
      </trkpt>
      <trkpt lat="38.53089" lon="-109.30164">
        <ele>0</ele>
        <time>1970-01-01T00:00:00Z</time>
      </trkpt>
      <trkpt lat="38.5309" lon="-109.30168">
        <ele>0</ele>
        <time>1970-01-01T00:00:00Z</time>
      </trkpt>
      <trkpt lat="38.53088" lon="-109.30186">
        <ele>0</ele>
        <time>1970-01-01T00:00:00Z</time>
      </trkpt>
      <trkpt lat="38.5309" lon="-109.30196">
        <ele>0</ele>
        <time>1970-01-01T00:00:00Z</time>
      </trkpt>
      <trkpt lat="38.53098" lon="-109.30207">
        <ele>0</ele>
        <time>1970-01-01T00:00:00Z</time>
      </trkpt>
      <trkpt lat="38.53103" lon="-109.30216">
        <ele>0</ele>
        <time>1970-01-01T00:00:00Z</time>
      </trkpt>
      <trkpt lat="38.53113" lon="-109.30221">
        <ele>0</ele>
        <time>1970-01-01T00:00:00Z</time>
      </trkpt>
      <trkpt lat="38.53121" lon="-109.30234">
        <ele>0</ele>
        <time>1970-01-01T00:00:00Z</time>
      </trkpt>
      <trkpt lat="38.53128" lon="-109.30237">
        <ele>0</ele>
        <time>1970-01-01T00:00:00Z</time>
      </trkpt>
      <trkpt lat="38.53128" lon="-109.30244">
        <ele>0</ele>
        <time>1970-01-01T00:00:00Z</time>
      </trkpt>
      <trkpt lat="38.53124" lon="-109.30259">
        <ele>0</ele>
        <time>1970-01-01T00:00:00Z</time>
      </trkpt>
      <trkpt lat="38.53126" lon="-109.30265">
        <ele>0</ele>
        <time>1970-01-01T00:00:00Z</time>
      </trkpt>
      <trkpt lat="38.53136" lon="-109.30275">
        <ele>0</ele>
        <time>1970-01-01T00:00:00Z</time>
      </trkpt>
      <trkpt lat="38.53137" lon="-109.30277">
        <ele>0</ele>
        <time>1970-01-01T00:00:00Z</time>
      </trkpt>
      <trkpt lat="38.53131" lon="-109.30291">
        <ele>0</ele>
        <time>1970-01-01T00:00:00Z</time>
      </trkpt>
      <trkpt lat="38.53128" lon="-109.30308">
        <ele>0</ele>
        <time>1970-01-01T00:00:00Z</time>
      </trkpt>
      <trkpt lat="38.53124" lon="-109.30313">
        <ele>0</ele>
        <time>1970-01-01T00:00:00Z</time>
      </trkpt>
      <trkpt lat="38.53123" lon="-109.30319">
        <ele>0</ele>
        <time>1970-01-01T00:00:00Z</time>
      </trkpt>
      <trkpt lat="38.53125" lon="-109.30351">
        <ele>0</ele>
        <time>1970-01-01T00:00:00Z</time>
      </trkpt>
      <trkpt lat="38.53132" lon="-109.30364">
        <ele>0</ele>
        <time>1970-01-01T00:00:00Z</time>
      </trkpt>
      <trkpt lat="38.53149" lon="-109.30379">
        <ele>0</ele>
        <time>1970-01-01T00:00:00Z</time>
      </trkpt>
      <trkpt lat="38.5315" lon="-109.30389">
        <ele>0</ele>
        <time>1970-01-01T00:00:00Z</time>
      </trkpt>
      <trkpt lat="38.53157" lon="-109.30394">
        <ele>0</ele>
        <time>1970-01-01T00:00:00Z</time>
      </trkpt>
      <trkpt lat="38.5316" lon="-109.304">
        <ele>0</ele>
        <time>1970-01-01T00:00:00Z</time>
      </trkpt>
      <trkpt lat="38.53162" lon="-109.30401">
        <ele>0</ele>
        <time>1970-01-01T00:00:00Z</time>
      </trkpt>
      <trkpt lat="38.5317" lon="-109.304">
        <ele>0</ele>
        <time>1970-01-01T00:00:00Z</time>
      </trkpt>
      <trkpt lat="38.53176" lon="-109.30406">
        <ele>0</ele>
        <time>1970-01-01T00:00:00Z</time>
      </trkpt>
      <trkpt lat="38.53177" lon="-109.30409">
        <ele>0</ele>
        <time>1970-01-01T00:00:00Z</time>
      </trkpt>
      <trkpt lat="38.53171" lon="-109.30417">
        <ele>0</ele>
        <time>1970-01-01T00:00:00Z</time>
      </trkpt>
      <trkpt lat="38.53176" lon="-109.30426">
        <ele>0</ele>
        <time>1970-01-01T00:00:00Z</time>
      </trkpt>
      <trkpt lat="38.53176" lon="-109.30431">
        <ele>0</ele>
        <time>1970-01-01T00:00:00Z</time>
      </trkpt>
      <trkpt lat="38.5318" lon="-109.30435">
        <ele>0</ele>
        <time>1970-01-01T00:00:00Z</time>
      </trkpt>
      <trkpt lat="38.53185" lon="-109.30434">
        <ele>0</ele>
        <time>1970-01-01T00:00:00Z</time>
      </trkpt>
      <trkpt lat="38.53188" lon="-109.30436">
        <ele>0</ele>
        <time>1970-01-01T00:00:00Z</time>
      </trkpt>
      <trkpt lat="38.53191" lon="-109.30445">
        <ele>0</ele>
        <time>1970-01-01T00:00:00Z</time>
      </trkpt>
      <trkpt lat="38.53192" lon="-109.30456">
        <ele>0</ele>
        <time>1970-01-01T00:00:00Z</time>
      </trkpt>
      <trkpt lat="38.53194" lon="-109.30461">
        <ele>0</ele>
        <time>1970-01-01T00:00:00Z</time>
      </trkpt>
      <trkpt lat="38.53197" lon="-109.30464">
        <ele>0</ele>
        <time>1970-01-01T00:00:00Z</time>
      </trkpt>
      <trkpt lat="38.53201" lon="-109.30473">
        <ele>0</ele>
        <time>1970-01-01T00:00:00Z</time>
      </trkpt>
      <trkpt lat="38.53211" lon="-109.3048">
        <ele>0</ele>
        <time>1970-01-01T00:00:00Z</time>
      </trkpt>
      <trkpt lat="38.53214" lon="-109.30489">
        <ele>0</ele>
        <time>1970-01-01T00:00:00Z</time>
      </trkpt>
      <trkpt lat="38.53215" lon="-109.305">
        <ele>0</ele>
        <time>1970-01-01T00:00:00Z</time>
      </trkpt>
      <trkpt lat="38.53223" lon="-109.30514">
        <ele>0</ele>
        <time>1970-01-01T00:00:00Z</time>
      </trkpt>
      <trkpt lat="38.53232" lon="-109.30513">
        <ele>0</ele>
        <time>1970-01-01T00:00:00Z</time>
      </trkpt>
      <trkpt lat="38.53251" lon="-109.30505">
        <ele>0</ele>
        <time>1970-01-01T00:00:00Z</time>
      </trkpt>
      <trkpt lat="38.53256" lon="-109.30506">
        <ele>0</ele>
        <time>1970-01-01T00:00:00Z</time>
      </trkpt>
      <trkpt lat="38.53263" lon="-109.30505">
        <ele>0</ele>
        <time>1970-01-01T00:00:00Z</time>
      </trkpt>
      <trkpt lat="38.53266" lon="-109.30507">
        <ele>0</ele>
        <time>1970-01-01T00:00:00Z</time>
      </trkpt>
      <trkpt lat="38.53272" lon="-109.30535">
        <ele>0</ele>
        <time>1970-01-01T00:00:00Z</time>
      </trkpt>
      <trkpt lat="38.53273" lon="-109.30551">
        <ele>0</ele>
        <time>1970-01-01T00:00:00Z</time>
      </trkpt>
      <trkpt lat="38.53277" lon="-109.30556">
        <ele>0</ele>
        <time>1970-01-01T00:00:00Z</time>
      </trkpt>
      <trkpt lat="38.53276" lon="-109.30569">
        <ele>0</ele>
        <time>1970-01-01T00:00:00Z</time>
      </trkpt>
      <trkpt lat="38.53277" lon="-109.30573">
        <ele>0</ele>
        <time>1970-01-01T00:00:00Z</time>
      </trkpt>
      <trkpt lat="38.53284" lon="-109.30577">
        <ele>0</ele>
        <time>1970-01-01T00:00:00Z</time>
      </trkpt>
      <trkpt lat="38.53289" lon="-109.30584">
        <ele>0</ele>
        <time>1970-01-01T00:00:00Z</time>
      </trkpt>
      <trkpt lat="38.53303" lon="-109.30584">
        <ele>0</ele>
        <time>1970-01-01T00:00:00Z</time>
      </trkpt>
      <trkpt lat="38.53311" lon="-109.3058">
        <ele>0</ele>
        <time>1970-01-01T00:00:00Z</time>
      </trkpt>
      <trkpt lat="38.53314" lon="-109.30579">
        <ele>0</ele>
        <time>1970-01-01T00:00:00Z</time>
      </trkpt>
      <trkpt lat="38.53316" lon="-109.3058">
        <ele>0</ele>
        <time>1970-01-01T00:00:00Z</time>
      </trkpt>
      <trkpt lat="38.53318" lon="-109.30583">
        <ele>0</ele>
        <time>1970-01-01T00:00:00Z</time>
      </trkpt>
      <trkpt lat="38.53315" lon="-109.30592">
        <ele>0</ele>
        <time>1970-01-01T00:00:00Z</time>
      </trkpt>
      <trkpt lat="38.53314" lon="-109.306">
        <ele>0</ele>
        <time>1970-01-01T00:00:00Z</time>
      </trkpt>
      <trkpt lat="38.53311" lon="-109.30605">
        <ele>0</ele>
        <time>1970-01-01T00:00:00Z</time>
      </trkpt>
      <trkpt lat="38.53313" lon="-109.30617">
        <ele>0</ele>
        <time>1970-01-01T00:00:00Z</time>
      </trkpt>
      <trkpt lat="38.53313" lon="-109.30623">
        <ele>0</ele>
        <time>1970-01-01T00:00:00Z</time>
      </trkpt>
      <trkpt lat="38.5332" lon="-109.30625">
        <ele>0</ele>
        <time>1970-01-01T00:00:00Z</time>
      </trkpt>
      <trkpt lat="38.53322" lon="-109.30627">
        <ele>0</ele>
        <time>1970-01-01T00:00:00Z</time>
      </trkpt>
      <trkpt lat="38.53332" lon="-109.30648">
        <ele>0</ele>
        <time>1970-01-01T00:00:00Z</time>
      </trkpt>
      <trkpt lat="38.53333" lon="-109.30657">
        <ele>0</ele>
        <time>1970-01-01T00:00:00Z</time>
      </trkpt>
      <trkpt lat="38.53338" lon="-109.30661">
        <ele>0</ele>
        <time>1970-01-01T00:00:00Z</time>
      </trkpt>
      <trkpt lat="38.53349" lon="-109.30659">
        <ele>0</ele>
        <time>1970-01-01T00:00:00Z</time>
      </trkpt>
      <trkpt lat="38.53354" lon="-109.30666">
        <ele>0</ele>
        <time>1970-01-01T00:00:00Z</time>
      </trkpt>
      <trkpt lat="38.53353" lon="-109.30674">
        <ele>0</ele>
        <time>1970-01-01T00:00:00Z</time>
      </trkpt>
      <trkpt lat="38.53346" lon="-109.30684">
        <ele>0</ele>
        <time>1970-01-01T00:00:00Z</time>
      </trkpt>
      <trkpt lat="38.53345" lon="-109.30693">
        <ele>0</ele>
        <time>1970-01-01T00:00:00Z</time>
      </trkpt>
      <trkpt lat="38.53357" lon="-109.30697">
        <ele>0</ele>
        <time>1970-01-01T00:00:00Z</time>
      </trkpt>
      <trkpt lat="38.53363" lon="-109.30698">
        <ele>0</ele>
        <time>1970-01-01T00:00:00Z</time>
      </trkpt>
      <trkpt lat="38.53369" lon="-109.30705">
        <ele>0</ele>
        <time>1970-01-01T00:00:00Z</time>
      </trkpt>
      <trkpt lat="38.53371" lon="-109.30708">
        <ele>0</ele>
        <time>1970-01-01T00:00:00Z</time>
      </trkpt>
      <trkpt lat="38.53369" lon="-109.3072">
        <ele>0</ele>
        <time>1970-01-01T00:00:00Z</time>
      </trkpt>
      <trkpt lat="38.53371" lon="-109.30723">
        <ele>0</ele>
        <time>1970-01-01T00:00:00Z</time>
      </trkpt>
      <trkpt lat="38.53379" lon="-109.30723">
        <ele>0</ele>
        <time>1970-01-01T00:00:00Z</time>
      </trkpt>
      <trkpt lat="38.5338" lon="-109.30726">
        <ele>0</ele>
        <time>1970-01-01T00:00:00Z</time>
      </trkpt>
      <trkpt lat="38.53375" lon="-109.30744">
        <ele>0</ele>
        <time>1970-01-01T00:00:00Z</time>
      </trkpt>
      <trkpt lat="38.53377" lon="-109.30748">
        <ele>0</ele>
        <time>1970-01-01T00:00:00Z</time>
      </trkpt>
      <trkpt lat="38.53381" lon="-109.30748">
        <ele>0</ele>
        <time>1970-01-01T00:00:00Z</time>
      </trkpt>
      <trkpt lat="38.5339" lon="-109.30745">
        <ele>0</ele>
        <time>1970-01-01T00:00:00Z</time>
      </trkpt>
      <trkpt lat="38.53394" lon="-109.30746">
        <ele>0</ele>
        <time>1970-01-01T00:00:00Z</time>
      </trkpt>
      <trkpt lat="38.53396" lon="-109.30749">
        <ele>0</ele>
        <time>1970-01-01T00:00:00Z</time>
      </trkpt>
      <trkpt lat="38.53397" lon="-109.30758">
        <ele>0</ele>
        <time>1970-01-01T00:00:00Z</time>
      </trkpt>
      <trkpt lat="38.53412" lon="-109.30772">
        <ele>0</ele>
        <time>1970-01-01T00:00:00Z</time>
      </trkpt>
      <trkpt lat="38.53414" lon="-109.30779">
        <ele>0</ele>
        <time>1970-01-01T00:00:00Z</time>
      </trkpt>
      <trkpt lat="38.53417" lon="-109.30798">
        <ele>0</ele>
        <time>1970-01-01T00:00:00Z</time>
      </trkpt>
      <trkpt lat="38.53412" lon="-109.30809">
        <ele>0</ele>
        <time>1970-01-01T00:00:00Z</time>
      </trkpt>
      <trkpt lat="38.53413" lon="-109.30813">
        <ele>0</ele>
        <time>1970-01-01T00:00:00Z</time>
      </trkpt>
      <trkpt lat="38.5342" lon="-109.30818">
        <ele>0</ele>
        <time>1970-01-01T00:00:00Z</time>
      </trkpt>
      <trkpt lat="38.5342" lon="-109.30838">
        <ele>0</ele>
        <time>1970-01-01T00:00:00Z</time>
      </trkpt>
      <trkpt lat="38.53423" lon="-109.30849">
        <ele>0</ele>
        <time>1970-01-01T00:00:00Z</time>
      </trkpt>
      <trkpt lat="38.53426" lon="-109.30855">
        <ele>0</ele>
        <time>1970-01-01T00:00:00Z</time>
      </trkpt>
      <trkpt lat="38.53424" lon="-109.30867">
        <ele>0</ele>
        <time>1970-01-01T00:00:00Z</time>
      </trkpt>
      <trkpt lat="38.53425" lon="-109.30876">
        <ele>0</ele>
        <time>1970-01-01T00:00:00Z</time>
      </trkpt>
      <trkpt lat="38.53433" lon="-109.30891">
        <ele>0</ele>
        <time>1970-01-01T00:00:00Z</time>
      </trkpt>
      <trkpt lat="38.53432" lon="-109.30906">
        <ele>0</ele>
        <time>1970-01-01T00:00:00Z</time>
      </trkpt>
      <trkpt lat="38.53434" lon="-109.30908">
        <ele>0</ele>
        <time>1970-01-01T00:00:00Z</time>
      </trkpt>
      <trkpt lat="38.5344" lon="-109.3091">
        <ele>0</ele>
        <time>1970-01-01T00:00:00Z</time>
      </trkpt>
      <trkpt lat="38.53445" lon="-109.3092">
        <ele>0</ele>
        <time>1970-01-01T00:00:00Z</time>
      </trkpt>
      <trkpt lat="38.53443" lon="-109.30929">
        <ele>0</ele>
        <time>1970-01-01T00:00:00Z</time>
      </trkpt>
      <trkpt lat="38.53443" lon="-109.30934">
        <ele>0</ele>
        <time>1970-01-01T00:00:00Z</time>
      </trkpt>
      <trkpt lat="38.53447" lon="-109.30943">
        <ele>0</ele>
        <time>1970-01-01T00:00:00Z</time>
      </trkpt>
      <trkpt lat="38.53444" lon="-109.30952">
        <ele>0</ele>
        <time>1970-01-01T00:00:00Z</time>
      </trkpt>
      <trkpt lat="38.53444" lon="-109.30957">
        <ele>0</ele>
        <time>1970-01-01T00:00:00Z</time>
      </trkpt>
      <trkpt lat="38.53448" lon="-109.3096">
        <ele>0</ele>
        <time>1970-01-01T00:00:00Z</time>
      </trkpt>
      <trkpt lat="38.53463" lon="-109.30957">
        <ele>0</ele>
        <time>1970-01-01T00:00:00Z</time>
      </trkpt>
      <trkpt lat="38.53466" lon="-109.30959">
        <ele>0</ele>
        <time>1970-01-01T00:00:00Z</time>
      </trkpt>
      <trkpt lat="38.53472" lon="-109.30966">
        <ele>0</ele>
        <time>1970-01-01T00:00:00Z</time>
      </trkpt>
      <trkpt lat="38.53479" lon="-109.30967">
        <ele>0</ele>
        <time>1970-01-01T00:00:00Z</time>
      </trkpt>
      <trkpt lat="38.53482" lon="-109.3097">
        <ele>0</ele>
        <time>1970-01-01T00:00:00Z</time>
      </trkpt>
      <trkpt lat="38.53488" lon="-109.30988">
        <ele>0</ele>
        <time>1970-01-01T00:00:00Z</time>
      </trkpt>
      <trkpt lat="38.53501" lon="-109.30998">
        <ele>0</ele>
        <time>1970-01-01T00:00:00Z</time>
      </trkpt>
      <trkpt lat="38.53503" lon="-109.31001">
        <ele>0</ele>
        <time>1970-01-01T00:00:00Z</time>
      </trkpt>
      <trkpt lat="38.53502" lon="-109.31012">
        <ele>0</ele>
        <time>1970-01-01T00:00:00Z</time>
      </trkpt>
      <trkpt lat="38.53504" lon="-109.31022">
        <ele>0</ele>
        <time>1970-01-01T00:00:00Z</time>
      </trkpt>
      <trkpt lat="38.53501" lon="-109.31031">
        <ele>0</ele>
        <time>1970-01-01T00:00:00Z</time>
      </trkpt>
      <trkpt lat="38.53503" lon="-109.31034">
        <ele>0</ele>
        <time>1970-01-01T00:00:00Z</time>
      </trkpt>
      <trkpt lat="38.53517" lon="-109.31032">
        <ele>0</ele>
        <time>1970-01-01T00:00:00Z</time>
      </trkpt>
      <trkpt lat="38.53527" lon="-109.31027">
        <ele>0</ele>
        <time>1970-01-01T00:00:00Z</time>
      </trkpt>
      <trkpt lat="38.53531" lon="-109.31033">
        <ele>0</ele>
        <time>1970-01-01T00:00:00Z</time>
      </trkpt>
      <trkpt lat="38.53537" lon="-109.31051">
        <ele>0</ele>
        <time>1970-01-01T00:00:00Z</time>
      </trkpt>
      <trkpt lat="38.53545" lon="-109.31063">
        <ele>0</ele>
        <time>1970-01-01T00:00:00Z</time>
      </trkpt>
      <trkpt lat="38.53558" lon="-109.31069">
        <ele>0</ele>
        <time>1970-01-01T00:00:00Z</time>
      </trkpt>
      <trkpt lat="38.53565" lon="-109.31068">
        <ele>0</ele>
        <time>1970-01-01T00:00:00Z</time>
      </trkpt>
      <trkpt lat="38.53567" lon="-109.3107">
        <ele>0</ele>
        <time>1970-01-01T00:00:00Z</time>
      </trkpt>
      <trkpt lat="38.53569" lon="-109.31091">
        <ele>0</ele>
        <time>1970-01-01T00:00:00Z</time>
      </trkpt>
      <trkpt lat="38.53566" lon="-109.31101">
        <ele>0</ele>
        <time>1970-01-01T00:00:00Z</time>
      </trkpt>
      <trkpt lat="38.53567" lon="-109.31105">
        <ele>0</ele>
        <time>1970-01-01T00:00:00Z</time>
      </trkpt>
      <trkpt lat="38.53572" lon="-109.31107">
        <ele>0</ele>
        <time>1970-01-01T00:00:00Z</time>
      </trkpt>
      <trkpt lat="38.53576" lon="-109.31106">
        <ele>0</ele>
        <time>1970-01-01T00:00:00Z</time>
      </trkpt>
      <trkpt lat="38.53581" lon="-109.31094">
        <ele>0</ele>
        <time>1970-01-01T00:00:00Z</time>
      </trkpt>
      <trkpt lat="38.53588" lon="-109.31084">
        <ele>0</ele>
        <time>1970-01-01T00:00:00Z</time>
      </trkpt>
      <trkpt lat="38.53598" lon="-109.31089">
        <ele>0</ele>
        <time>1970-01-01T00:00:00Z</time>
      </trkpt>
      <trkpt lat="38.53609" lon="-109.3109">
        <ele>0</ele>
        <time>1970-01-01T00:00:00Z</time>
      </trkpt>
      <trkpt lat="38.53615" lon="-109.31093">
        <ele>0</ele>
        <time>1970-01-01T00:00:00Z</time>
      </trkpt>
      <trkpt lat="38.53617" lon="-109.31093">
        <ele>0</ele>
        <time>1970-01-01T00:00:00Z</time>
      </trkpt>
      <trkpt lat="38.53626" lon="-109.31084">
        <ele>0</ele>
        <time>1970-01-01T00:00:00Z</time>
      </trkpt>
      <trkpt lat="38.53646" lon="-109.31079">
        <ele>0</ele>
        <time>1970-01-01T00:00:00Z</time>
      </trkpt>
      <trkpt lat="38.53653" lon="-109.31074">
        <ele>0</ele>
        <time>1970-01-01T00:00:00Z</time>
      </trkpt>
      <trkpt lat="38.53668" lon="-109.31069">
        <ele>0</ele>
        <time>1970-01-01T00:00:00Z</time>
      </trkpt>
      <trkpt lat="38.53674" lon="-109.31065">
        <ele>0</ele>
        <time>1970-01-01T00:00:00Z</time>
      </trkpt>
      <trkpt lat="38.53686" lon="-109.31053">
        <ele>0</ele>
        <time>1970-01-01T00:00:00Z</time>
      </trkpt>
      <trkpt lat="38.53705" lon="-109.31046">
        <ele>0</ele>
        <time>1970-01-01T00:00:00Z</time>
      </trkpt>
      <trkpt lat="38.53712" lon="-109.31037">
        <ele>0</ele>
        <time>1970-01-01T00:00:00Z</time>
      </trkpt>
      <trkpt lat="38.53724" lon="-109.31034">
        <ele>0</ele>
        <time>1970-01-01T00:00:00Z</time>
      </trkpt>
      <trkpt lat="38.53735" lon="-109.31026">
        <ele>0</ele>
        <time>1970-01-01T00:00:00Z</time>
      </trkpt>
      <trkpt lat="38.53739" lon="-109.31028">
        <ele>0</ele>
        <time>1970-01-01T00:00:00Z</time>
      </trkpt>
      <trkpt lat="38.53748" lon="-109.31027">
        <ele>0</ele>
        <time>1970-01-01T00:00:00Z</time>
      </trkpt>
      <trkpt lat="38.53765" lon="-109.31013">
        <ele>0</ele>
        <time>1970-01-01T00:00:00Z</time>
      </trkpt>
      <trkpt lat="38.53774" lon="-109.31014">
        <ele>0</ele>
        <time>1970-01-01T00:00:00Z</time>
      </trkpt>
      <trkpt lat="38.53783" lon="-109.3101">
        <ele>0</ele>
        <time>1970-01-01T00:00:00Z</time>
      </trkpt>
      <trkpt lat="38.53789" lon="-109.31001">
        <ele>0</ele>
        <time>1970-01-01T00:00:00Z</time>
      </trkpt>
      <trkpt lat="38.53796" lon="-109.31">
        <ele>0</ele>
        <time>1970-01-01T00:00:00Z</time>
      </trkpt>
      <trkpt lat="38.53824" lon="-109.30998">
        <ele>0</ele>
        <time>1970-01-01T00:00:00Z</time>
      </trkpt>
      <trkpt lat="38.53843" lon="-109.30994">
        <ele>0</ele>
        <time>1970-01-01T00:00:00Z</time>
      </trkpt>
      <trkpt lat="38.53855" lon="-109.30996">
        <ele>0</ele>
        <time>1970-01-01T00:00:00Z</time>
      </trkpt>
      <trkpt lat="38.53866" lon="-109.31001">
        <ele>0</ele>
        <time>1970-01-01T00:00:00Z</time>
      </trkpt>
      <trkpt lat="38.53866" lon="-109.31014">
        <ele>0</ele>
        <time>1970-01-01T00:00:00Z</time>
      </trkpt>
      <trkpt lat="38.53873" lon="-109.31016">
        <ele>0</ele>
        <time>1970-01-01T00:00:00Z</time>
      </trkpt>
      <trkpt lat="38.53882" lon="-109.31029">
        <ele>0</ele>
        <time>1970-01-01T00:00:00Z</time>
      </trkpt>
      <trkpt lat="38.53887" lon="-109.31034">
        <ele>0</ele>
        <time>1970-01-01T00:00:00Z</time>
      </trkpt>
      <trkpt lat="38.53893" lon="-109.31037">
        <ele>0</ele>
        <time>1970-01-01T00:00:00Z</time>
      </trkpt>
      <trkpt lat="38.53896" lon="-109.3104">
        <ele>0</ele>
        <time>1970-01-01T00:00:00Z</time>
      </trkpt>
      <trkpt lat="38.53901" lon="-109.31046">
        <ele>0</ele>
        <time>1970-01-01T00:00:00Z</time>
      </trkpt>
      <trkpt lat="38.53901" lon="-109.3106">
        <ele>0</ele>
        <time>1970-01-01T00:00:00Z</time>
      </trkpt>
      <trkpt lat="38.53903" lon="-109.31063">
        <ele>0</ele>
        <time>1970-01-01T00:00:00Z</time>
      </trkpt>
      <trkpt lat="38.5392" lon="-109.31056">
        <ele>0</ele>
        <time>1970-01-01T00:00:00Z</time>
      </trkpt>
      <trkpt lat="38.53929" lon="-109.3106">
        <ele>0</ele>
        <time>1970-01-01T00:00:00Z</time>
      </trkpt>
      <trkpt lat="38.53934" lon="-109.31069">
        <ele>0</ele>
        <time>1970-01-01T00:00:00Z</time>
      </trkpt>
      <trkpt lat="38.53938" lon="-109.31071">
        <ele>0</ele>
        <time>1970-01-01T00:00:00Z</time>
      </trkpt>
      <trkpt lat="38.53942" lon="-109.3107">
        <ele>0</ele>
        <time>1970-01-01T00:00:00Z</time>
      </trkpt>
      <trkpt lat="38.53951" lon="-109.31062">
        <ele>0</ele>
        <time>1970-01-01T00:00:00Z</time>
      </trkpt>
      <trkpt lat="38.53953" lon="-109.31062">
        <ele>0</ele>
        <time>1970-01-01T00:00:00Z</time>
      </trkpt>
      <trkpt lat="38.53964" lon="-109.31073">
        <ele>0</ele>
        <time>1970-01-01T00:00:00Z</time>
      </trkpt>
      <trkpt lat="38.53967" lon="-109.31071">
        <ele>0</ele>
        <time>1970-01-01T00:00:00Z</time>
      </trkpt>
      <trkpt lat="38.53974" lon="-109.31072">
        <ele>0</ele>
        <time>1970-01-01T00:00:00Z</time>
      </trkpt>
      <trkpt lat="38.53982" lon="-109.31067">
        <ele>0</ele>
        <time>1970-01-01T00:00:00Z</time>
      </trkpt>
      <trkpt lat="38.54006" lon="-109.3106">
        <ele>0</ele>
        <time>1970-01-01T00:00:00Z</time>
      </trkpt>
      <trkpt lat="38.54014" lon="-109.31054">
        <ele>0</ele>
        <time>1970-01-01T00:00:00Z</time>
      </trkpt>
      <trkpt lat="38.54033" lon="-109.31044">
        <ele>0</ele>
        <time>1970-01-01T00:00:00Z</time>
      </trkpt>
      <trkpt lat="38.5405" lon="-109.31046">
        <ele>0</ele>
        <time>1970-01-01T00:00:00Z</time>
      </trkpt>
      <trkpt lat="38.54057" lon="-109.31055">
        <ele>0</ele>
        <time>1970-01-01T00:00:00Z</time>
      </trkpt>
      <trkpt lat="38.54065" lon="-109.31052">
        <ele>0</ele>
        <time>1970-01-01T00:00:00Z</time>
      </trkpt>
      <trkpt lat="38.54068" lon="-109.31054">
        <ele>0</ele>
        <time>1970-01-01T00:00:00Z</time>
      </trkpt>
      <trkpt lat="38.54074" lon="-109.31063">
        <ele>0</ele>
        <time>1970-01-01T00:00:00Z</time>
      </trkpt>
      <trkpt lat="38.54077" lon="-109.31077">
        <ele>0</ele>
        <time>1970-01-01T00:00:00Z</time>
      </trkpt>
      <trkpt lat="38.54081" lon="-109.31079">
        <ele>0</ele>
        <time>1970-01-01T00:00:00Z</time>
      </trkpt>
      <trkpt lat="38.5409" lon="-109.31077">
        <ele>0</ele>
        <time>1970-01-01T00:00:00Z</time>
      </trkpt>
      <trkpt lat="38.54094" lon="-109.31078">
        <ele>0</ele>
        <time>1970-01-01T00:00:00Z</time>
      </trkpt>
      <trkpt lat="38.54097" lon="-109.31081">
        <ele>0</ele>
        <time>1970-01-01T00:00:00Z</time>
      </trkpt>
      <trkpt lat="38.541" lon="-109.31092">
        <ele>0</ele>
        <time>1970-01-01T00:00:00Z</time>
      </trkpt>
      <trkpt lat="38.54103" lon="-109.31096">
        <ele>0</ele>
        <time>1970-01-01T00:00:00Z</time>
      </trkpt>
      <trkpt lat="38.54107" lon="-109.31095">
        <ele>0</ele>
        <time>1970-01-01T00:00:00Z</time>
      </trkpt>
      <trkpt lat="38.54111" lon="-109.31097">
        <ele>0</ele>
        <time>1970-01-01T00:00:00Z</time>
      </trkpt>
      <trkpt lat="38.54117" lon="-109.31104">
        <ele>0</ele>
        <time>1970-01-01T00:00:00Z</time>
      </trkpt>
      <trkpt lat="38.54121" lon="-109.31105">
        <ele>0</ele>
        <time>1970-01-01T00:00:00Z</time>
      </trkpt>
      <trkpt lat="38.54129" lon="-109.31098">
        <ele>0</ele>
        <time>1970-01-01T00:00:00Z</time>
      </trkpt>
      <trkpt lat="38.5414" lon="-109.31097">
        <ele>0</ele>
        <time>1970-01-01T00:00:00Z</time>
      </trkpt>
      <trkpt lat="38.54144" lon="-109.31098">
        <ele>0</ele>
        <time>1970-01-01T00:00:00Z</time>
      </trkpt>
      <trkpt lat="38.54146" lon="-109.31102">
        <ele>0</ele>
        <time>1970-01-01T00:00:00Z</time>
      </trkpt>
      <trkpt lat="38.54142" lon="-109.31112">
        <ele>0</ele>
        <time>1970-01-01T00:00:00Z</time>
      </trkpt>
      <trkpt lat="38.54142" lon="-109.31118">
        <ele>0</ele>
        <time>1970-01-01T00:00:00Z</time>
      </trkpt>
      <trkpt lat="38.54155" lon="-109.31138">
        <ele>0</ele>
        <time>1970-01-01T00:00:00Z</time>
      </trkpt>
      <trkpt lat="38.54155" lon="-109.31148">
        <ele>0</ele>
        <time>1970-01-01T00:00:00Z</time>
      </trkpt>
      <trkpt lat="38.54157" lon="-109.31153">
        <ele>0</ele>
        <time>1970-01-01T00:00:00Z</time>
      </trkpt>
      <trkpt lat="38.54168" lon="-109.3116">
        <ele>0</ele>
        <time>1970-01-01T00:00:00Z</time>
      </trkpt>
      <trkpt lat="38.54174" lon="-109.31159">
        <ele>0</ele>
        <time>1970-01-01T00:00:00Z</time>
      </trkpt>
      <trkpt lat="38.54179" lon="-109.31147">
        <ele>0</ele>
        <time>1970-01-01T00:00:00Z</time>
      </trkpt>
      <trkpt lat="38.54182" lon="-109.31144">
        <ele>0</ele>
        <time>1970-01-01T00:00:00Z</time>
      </trkpt>
      <trkpt lat="38.54186" lon="-109.31141">
        <ele>0</ele>
        <time>1970-01-01T00:00:00Z</time>
      </trkpt>
      <trkpt lat="38.54189" lon="-109.3114">
        <ele>0</ele>
        <time>1970-01-01T00:00:00Z</time>
      </trkpt>
      <trkpt lat="38.54193" lon="-109.31143">
        <ele>0</ele>
        <time>1970-01-01T00:00:00Z</time>
      </trkpt>
      <trkpt lat="38.54195" lon="-109.31149">
        <ele>0</ele>
        <time>1970-01-01T00:00:00Z</time>
      </trkpt>
      <trkpt lat="38.54196" lon="-109.31168">
        <ele>0</ele>
        <time>1970-01-01T00:00:00Z</time>
      </trkpt>
      <trkpt lat="38.54199" lon="-109.31179">
        <ele>0</ele>
        <time>1970-01-01T00:00:00Z</time>
      </trkpt>
      <trkpt lat="38.54204" lon="-109.31189">
        <ele>0</ele>
        <time>1970-01-01T00:00:00Z</time>
      </trkpt>
      <trkpt lat="38.54208" lon="-109.31193">
        <ele>0</ele>
        <time>1970-01-01T00:00:00Z</time>
      </trkpt>
      <trkpt lat="38.54236" lon="-109.31212">
        <ele>0</ele>
        <time>1970-01-01T00:00:00Z</time>
      </trkpt>
      <trkpt lat="38.54245" lon="-109.31227">
        <ele>0</ele>
        <time>1970-01-01T00:00:00Z</time>
      </trkpt>
      <trkpt lat="38.54252" lon="-109.3123">
        <ele>0</ele>
        <time>1970-01-01T00:00:00Z</time>
      </trkpt>
      <trkpt lat="38.54265" lon="-109.31242">
        <ele>0</ele>
        <time>1970-01-01T00:00:00Z</time>
      </trkpt>
      <trkpt lat="38.54273" lon="-109.31246">
        <ele>0</ele>
        <time>1970-01-01T00:00:00Z</time>
      </trkpt>
      <trkpt lat="38.54294" lon="-109.31276">
        <ele>0</ele>
        <time>1970-01-01T00:00:00Z</time>
      </trkpt>
      <trkpt lat="38.54303" lon="-109.31285">
        <ele>0</ele>
        <time>1970-01-01T00:00:00Z</time>
      </trkpt>
      <trkpt lat="38.54359" lon="-109.31322">
        <ele>0</ele>
        <time>1970-01-01T00:00:00Z</time>
      </trkpt>
      <trkpt lat="38.54388" lon="-109.31333">
        <ele>0</ele>
        <time>1970-01-01T00:00:00Z</time>
      </trkpt>
      <trkpt lat="38.54412" lon="-109.31333">
        <ele>0</ele>
        <time>1970-01-01T00:00:00Z</time>
      </trkpt>
      <trkpt lat="38.54449" lon="-109.31345">
        <ele>0</ele>
        <time>1970-01-01T00:00:00Z</time>
      </trkpt>
      <trkpt lat="38.54465" lon="-109.3136">
        <ele>0</ele>
        <time>1970-01-01T00:00:00Z</time>
      </trkpt>
      <trkpt lat="38.54491" lon="-109.31379">
        <ele>0</ele>
        <time>1970-01-01T00:00:00Z</time>
      </trkpt>
      <trkpt lat="38.54516" lon="-109.31401">
        <ele>0</ele>
        <time>1970-01-01T00:00:00Z</time>
      </trkpt>
      <trkpt lat="38.54522" lon="-109.31406">
        <ele>0</ele>
        <time>1970-01-01T00:00:00Z</time>
      </trkpt>
      <trkpt lat="38.54553" lon="-109.3142">
        <ele>0</ele>
        <time>1970-01-01T00:00:00Z</time>
      </trkpt>
      <trkpt lat="38.54561" lon="-109.31425">
        <ele>0</ele>
        <time>1970-01-01T00:00:00Z</time>
      </trkpt>
      <trkpt lat="38.54594" lon="-109.31457">
        <ele>0</ele>
        <time>1970-01-01T00:00:00Z</time>
      </trkpt>
      <trkpt lat="38.54617" lon="-109.31476">
        <ele>0</ele>
        <time>1970-01-01T00:00:00Z</time>
      </trkpt>
      <trkpt lat="38.54628" lon="-109.31492">
        <ele>0</ele>
        <time>1970-01-01T00:00:00Z</time>
      </trkpt>
      <trkpt lat="38.54636" lon="-109.3151">
        <ele>0</ele>
        <time>1970-01-01T00:00:00Z</time>
      </trkpt>
      <trkpt lat="38.54642" lon="-109.31573">
        <ele>0</ele>
        <time>1970-01-01T00:00:00Z</time>
      </trkpt>
      <trkpt lat="38.54662" lon="-109.31649">
        <ele>0</ele>
        <time>1970-01-01T00:00:00Z</time>
      </trkpt>
      <trkpt lat="38.54666" lon="-109.31671">
        <ele>0</ele>
        <time>1970-01-01T00:00:00Z</time>
      </trkpt>
      <trkpt lat="38.54669" lon="-109.31678">
        <ele>0</ele>
        <time>1970-01-01T00:00:00Z</time>
      </trkpt>
      <trkpt lat="38.54683" lon="-109.31688">
        <ele>0</ele>
        <time>1970-01-01T00:00:00Z</time>
      </trkpt>
      <trkpt lat="38.54689" lon="-109.31696">
        <ele>0</ele>
        <time>1970-01-01T00:00:00Z</time>
      </trkpt>
      <trkpt lat="38.54731" lon="-109.31782">
        <ele>0</ele>
        <time>1970-01-01T00:00:00Z</time>
      </trkpt>
      <trkpt lat="38.54737" lon="-109.31789">
        <ele>0</ele>
        <time>1970-01-01T00:00:00Z</time>
      </trkpt>
      <trkpt lat="38.54757" lon="-109.31806">
        <ele>0</ele>
        <time>1970-01-01T00:00:00Z</time>
      </trkpt>
      <trkpt lat="38.54764" lon="-109.31809">
        <ele>0</ele>
        <time>1970-01-01T00:00:00Z</time>
      </trkpt>
      <trkpt lat="38.54783" lon="-109.31802">
        <ele>0</ele>
        <time>1970-01-01T00:00:00Z</time>
      </trkpt>
      <trkpt lat="38.54804" lon="-109.31804">
        <ele>0</ele>
        <time>1970-01-01T00:00:00Z</time>
      </trkpt>
      <trkpt lat="38.54837" lon="-109.31789">
        <ele>0</ele>
        <time>1970-01-01T00:00:00Z</time>
      </trkpt>
      <trkpt lat="38.54859" lon="-109.31782">
        <ele>0</ele>
        <time>1970-01-01T00:00:00Z</time>
      </trkpt>
      <trkpt lat="38.54875" lon="-109.31774">
        <ele>0</ele>
        <time>1970-01-01T00:00:00Z</time>
      </trkpt>
      <trkpt lat="38.54933" lon="-109.31758">
        <ele>0</ele>
        <time>1970-01-01T00:00:00Z</time>
      </trkpt>
      <trkpt lat="38.5494" lon="-109.3176">
        <ele>0</ele>
        <time>1970-01-01T00:00:00Z</time>
      </trkpt>
      <trkpt lat="38.54947" lon="-109.31764">
        <ele>0</ele>
        <time>1970-01-01T00:00:00Z</time>
      </trkpt>
      <trkpt lat="38.54981" lon="-109.31811">
        <ele>0</ele>
        <time>1970-01-01T00:00:00Z</time>
      </trkpt>
      <trkpt lat="38.55" lon="-109.31828">
        <ele>0</ele>
        <time>1970-01-01T00:00:00Z</time>
      </trkpt>
      <trkpt lat="38.55022" lon="-109.31844">
        <ele>0</ele>
        <time>1970-01-01T00:00:00Z</time>
      </trkpt>
      <trkpt lat="38.55031" lon="-109.31849">
        <ele>0</ele>
        <time>1970-01-01T00:00:00Z</time>
      </trkpt>
      <trkpt lat="38.5504" lon="-109.3185">
        <ele>0</ele>
        <time>1970-01-01T00:00:00Z</time>
      </trkpt>
      <trkpt lat="38.55048" lon="-109.31846">
        <ele>0</ele>
        <time>1970-01-01T00:00:00Z</time>
      </trkpt>
      <trkpt lat="38.55054" lon="-109.31839">
        <ele>0</ele>
        <time>1970-01-01T00:00:00Z</time>
      </trkpt>
      <trkpt lat="38.55059" lon="-109.3182">
        <ele>0</ele>
        <time>1970-01-01T00:00:00Z</time>
      </trkpt>
      <trkpt lat="38.55067" lon="-109.31805">
        <ele>0</ele>
        <time>1970-01-01T00:00:00Z</time>
      </trkpt>
      <trkpt lat="38.55077" lon="-109.31795">
        <ele>0</ele>
        <time>1970-01-01T00:00:00Z</time>
      </trkpt>
      <trkpt lat="38.55122" lon="-109.31764">
        <ele>0</ele>
        <time>1970-01-01T00:00:00Z</time>
      </trkpt>
      <trkpt lat="38.55142" lon="-109.31758">
        <ele>0</ele>
        <time>1970-01-01T00:00:00Z</time>
      </trkpt>
      <trkpt lat="38.55157" lon="-109.31757">
        <ele>0</ele>
        <time>1970-01-01T00:00:00Z</time>
      </trkpt>
      <trkpt lat="38.5517" lon="-109.31753">
        <ele>0</ele>
        <time>1970-01-01T00:00:00Z</time>
      </trkpt>
      <trkpt lat="38.55181" lon="-109.31747">
        <ele>0</ele>
        <time>1970-01-01T00:00:00Z</time>
      </trkpt>
      <trkpt lat="38.55203" lon="-109.31728">
        <ele>0</ele>
        <time>1970-01-01T00:00:00Z</time>
      </trkpt>
      <trkpt lat="38.55216" lon="-109.31726">
        <ele>0</ele>
        <time>1970-01-01T00:00:00Z</time>
      </trkpt>
      <trkpt lat="38.55229" lon="-109.3172">
        <ele>0</ele>
        <time>1970-01-01T00:00:00Z</time>
      </trkpt>
      <trkpt lat="38.55235" lon="-109.31715">
        <ele>0</ele>
        <time>1970-01-01T00:00:00Z</time>
      </trkpt>
      <trkpt lat="38.55279" lon="-109.31689">
        <ele>0</ele>
        <time>1970-01-01T00:00:00Z</time>
      </trkpt>
      <trkpt lat="38.55284" lon="-109.31686">
        <ele>0</ele>
        <time>1970-01-01T00:00:00Z</time>
      </trkpt>
      <trkpt lat="38.55289" lon="-109.31686">
        <ele>0</ele>
        <time>1970-01-01T00:00:00Z</time>
      </trkpt>
      <trkpt lat="38.5531" lon="-109.31694">
        <ele>0</ele>
        <time>1970-01-01T00:00:00Z</time>
      </trkpt>
      <trkpt lat="38.55326" lon="-109.31697">
        <ele>0</ele>
        <time>1970-01-01T00:00:00Z</time>
      </trkpt>
      <trkpt lat="38.55351" lon="-109.317">
        <ele>0</ele>
        <time>1970-01-01T00:00:00Z</time>
      </trkpt>
      <trkpt lat="38.5537" lon="-109.31701">
        <ele>0</ele>
        <time>1970-01-01T00:00:00Z</time>
      </trkpt>
      <trkpt lat="38.55383" lon="-109.31704">
        <ele>0</ele>
        <time>1970-01-01T00:00:00Z</time>
      </trkpt>
      <trkpt lat="38.55492" lon="-109.31767">
        <ele>0</ele>
        <time>1970-01-01T00:00:00Z</time>
      </trkpt>
      <trkpt lat="38.55509" lon="-109.3178">
        <ele>0</ele>
        <time>1970-01-01T00:00:00Z</time>
      </trkpt>
      <trkpt lat="38.55523" lon="-109.31796">
        <ele>0</ele>
        <time>1970-01-01T00:00:00Z</time>
      </trkpt>
      <trkpt lat="38.55533" lon="-109.31812">
        <ele>0</ele>
        <time>1970-01-01T00:00:00Z</time>
      </trkpt>
      <trkpt lat="38.5554" lon="-109.31831">
        <ele>0</ele>
        <time>1970-01-01T00:00:00Z</time>
      </trkpt>
      <trkpt lat="38.5555" lon="-109.31853">
        <ele>0</ele>
        <time>1970-01-01T00:00:00Z</time>
      </trkpt>
      <trkpt lat="38.55545" lon="-109.31858">
        <ele>0</ele>
        <time>1970-01-01T00:00:00Z</time>
      </trkpt>
      <trkpt lat="38.55546" lon="-109.31865">
        <ele>0</ele>
        <time>1970-01-01T00:00:00Z</time>
      </trkpt>
      <trkpt lat="38.55542" lon="-109.31877">
        <ele>0</ele>
        <time>1970-01-01T00:00:00Z</time>
      </trkpt>
      <trkpt lat="38.55542" lon="-109.31885">
        <ele>0</ele>
        <time>1970-01-01T00:00:00Z</time>
      </trkpt>
      <trkpt lat="38.55549" lon="-109.31905">
        <ele>0</ele>
        <time>1970-01-01T00:00:00Z</time>
      </trkpt>
      <trkpt lat="38.55561" lon="-109.31926">
        <ele>0</ele>
        <time>1970-01-01T00:00:00Z</time>
      </trkpt>
      <trkpt lat="38.55574" lon="-109.31941">
        <ele>0</ele>
        <time>1970-01-01T00:00:00Z</time>
      </trkpt>
      <trkpt lat="38.55594" lon="-109.31952">
        <ele>0</ele>
        <time>1970-01-01T00:00:00Z</time>
      </trkpt>
      <trkpt lat="38.55607" lon="-109.31964">
        <ele>0</ele>
        <time>1970-01-01T00:00:00Z</time>
      </trkpt>
      <trkpt lat="38.55624" lon="-109.3199">
        <ele>0</ele>
        <time>1970-01-01T00:00:00Z</time>
      </trkpt>
      <trkpt lat="38.55653" lon="-109.32027">
        <ele>0</ele>
        <time>1970-01-01T00:00:00Z</time>
      </trkpt>
      <trkpt lat="38.55678" lon="-109.3204">
        <ele>0</ele>
        <time>1970-01-01T00:00:00Z</time>
      </trkpt>
      <trkpt lat="38.55702" lon="-109.32045">
        <ele>0</ele>
        <time>1970-01-01T00:00:00Z</time>
      </trkpt>
      <trkpt lat="38.55709" lon="-109.32049">
        <ele>0</ele>
        <time>1970-01-01T00:00:00Z</time>
      </trkpt>
      <trkpt lat="38.55717" lon="-109.32062">
        <ele>0</ele>
        <time>1970-01-01T00:00:00Z</time>
      </trkpt>
      <trkpt lat="38.55721" lon="-109.32076">
        <ele>0</ele>
        <time>1970-01-01T00:00:00Z</time>
      </trkpt>
      <trkpt lat="38.5572" lon="-109.32083">
        <ele>0</ele>
        <time>1970-01-01T00:00:00Z</time>
      </trkpt>
      <trkpt lat="38.55713" lon="-109.32096">
        <ele>0</ele>
        <time>1970-01-01T00:00:00Z</time>
      </trkpt>
      <trkpt lat="38.55712" lon="-109.32102">
        <ele>0</ele>
        <time>1970-01-01T00:00:00Z</time>
      </trkpt>
      <trkpt lat="38.55714" lon="-109.32113">
        <ele>0</ele>
        <time>1970-01-01T00:00:00Z</time>
      </trkpt>
      <trkpt lat="38.55724" lon="-109.32127">
        <ele>0</ele>
        <time>1970-01-01T00:00:00Z</time>
      </trkpt>
      <trkpt lat="38.55737" lon="-109.3214">
        <ele>0</ele>
        <time>1970-01-01T00:00:00Z</time>
      </trkpt>
      <trkpt lat="38.55753" lon="-109.3216">
        <ele>0</ele>
        <time>1970-01-01T00:00:00Z</time>
      </trkpt>
      <trkpt lat="38.55783" lon="-109.32176">
        <ele>0</ele>
        <time>1970-01-01T00:00:00Z</time>
      </trkpt>
      <trkpt lat="38.55804" lon="-109.32204">
        <ele>0</ele>
        <time>1970-01-01T00:00:00Z</time>
      </trkpt>
      <trkpt lat="38.55814" lon="-109.32222">
        <ele>0</ele>
        <time>1970-01-01T00:00:00Z</time>
      </trkpt>
      <trkpt lat="38.55835" lon="-109.32283">
        <ele>0</ele>
        <time>1970-01-01T00:00:00Z</time>
      </trkpt>
      <trkpt lat="38.55848" lon="-109.32306">
        <ele>0</ele>
        <time>1970-01-01T00:00:00Z</time>
      </trkpt>
      <trkpt lat="38.55864" lon="-109.32325">
        <ele>0</ele>
        <time>1970-01-01T00:00:00Z</time>
      </trkpt>
      <trkpt lat="38.55879" lon="-109.32339">
        <ele>0</ele>
        <time>1970-01-01T00:00:00Z</time>
      </trkpt>
      <trkpt lat="38.55964" lon="-109.32399">
        <ele>0</ele>
        <time>1970-01-01T00:00:00Z</time>
      </trkpt>
      <trkpt lat="38.55979" lon="-109.32411">
        <ele>0</ele>
        <time>1970-01-01T00:00:00Z</time>
      </trkpt>
      <trkpt lat="38.55985" lon="-109.32419">
        <ele>0</ele>
        <time>1970-01-01T00:00:00Z</time>
      </trkpt>
      <trkpt lat="38.55989" lon="-109.32427">
        <ele>0</ele>
        <time>1970-01-01T00:00:00Z</time>
      </trkpt>
      <trkpt lat="38.56003" lon="-109.32467">
        <ele>0</ele>
        <time>1970-01-01T00:00:00Z</time>
      </trkpt>
      <trkpt lat="38.56005" lon="-109.325">
        <ele>0</ele>
        <time>1970-01-01T00:00:00Z</time>
      </trkpt>
      <trkpt lat="38.56014" lon="-109.3254">
        <ele>0</ele>
        <time>1970-01-01T00:00:00Z</time>
      </trkpt>
      <trkpt lat="38.56016" lon="-109.32559">
        <ele>0</ele>
        <time>1970-01-01T00:00:00Z</time>
      </trkpt>
      <trkpt lat="38.56015" lon="-109.32598">
        <ele>0</ele>
        <time>1970-01-01T00:00:00Z</time>
      </trkpt>
      <trkpt lat="38.56018" lon="-109.32606">
        <ele>0</ele>
        <time>1970-01-01T00:00:00Z</time>
      </trkpt>
      <trkpt lat="38.56028" lon="-109.32615">
        <ele>0</ele>
        <time>1970-01-01T00:00:00Z</time>
      </trkpt>
      <trkpt lat="38.56031" lon="-109.32622">
        <ele>0</ele>
        <time>1970-01-01T00:00:00Z</time>
      </trkpt>
      <trkpt lat="38.56036" lon="-109.32639">
        <ele>0</ele>
        <time>1970-01-01T00:00:00Z</time>
      </trkpt>
      <trkpt lat="38.5604" lon="-109.32648">
        <ele>0</ele>
        <time>1970-01-01T00:00:00Z</time>
      </trkpt>
      <trkpt lat="38.56045" lon="-109.32655">
        <ele>0</ele>
        <time>1970-01-01T00:00:00Z</time>
      </trkpt>
      <trkpt lat="38.56054" lon="-109.32657">
        <ele>0</ele>
        <time>1970-01-01T00:00:00Z</time>
      </trkpt>
      <trkpt lat="38.56066" lon="-109.32656">
        <ele>0</ele>
        <time>1970-01-01T00:00:00Z</time>
      </trkpt>
      <trkpt lat="38.56073" lon="-109.32653">
        <ele>0</ele>
        <time>1970-01-01T00:00:00Z</time>
      </trkpt>
      <trkpt lat="38.56077" lon="-109.3266">
        <ele>0</ele>
        <time>1970-01-01T00:00:00Z</time>
      </trkpt>
      <trkpt lat="38.56083" lon="-109.32664">
        <ele>0</ele>
        <time>1970-01-01T00:00:00Z</time>
      </trkpt>
      <trkpt lat="38.56104" lon="-109.32665">
        <ele>0</ele>
        <time>1970-01-01T00:00:00Z</time>
      </trkpt>
      <trkpt lat="38.56113" lon="-109.32669">
        <ele>0</ele>
        <time>1970-01-01T00:00:00Z</time>
      </trkpt>
      <trkpt lat="38.56134" lon="-109.32684">
        <ele>0</ele>
        <time>1970-01-01T00:00:00Z</time>
      </trkpt>
      <trkpt lat="38.56142" lon="-109.32693">
        <ele>0</ele>
        <time>1970-01-01T00:00:00Z</time>
      </trkpt>
      <trkpt lat="38.56152" lon="-109.32704">
        <ele>0</ele>
        <time>1970-01-01T00:00:00Z</time>
      </trkpt>
      <trkpt lat="38.56172" lon="-109.32737">
        <ele>0</ele>
        <time>1970-01-01T00:00:00Z</time>
      </trkpt>
      <trkpt lat="38.56172" lon="-109.32739">
        <ele>0</ele>
        <time>1970-01-01T00:00:00Z</time>
      </trkpt>
      <trkpt lat="38.5617" lon="-109.32738">
        <ele>0</ele>
        <time>1970-01-01T00:00:00Z</time>
      </trkpt>
      <trkpt lat="38.56172" lon="-109.32738">
        <ele>0</ele>
        <time>1970-01-01T00:00:00Z</time>
      </trkpt>
      <trkpt lat="38.56172" lon="-109.32741">
        <ele>0</ele>
        <time>1970-01-01T00:00:00Z</time>
      </trkpt>
      <trkpt lat="38.56174" lon="-109.32744">
        <ele>0</ele>
        <time>1970-01-01T00:00:00Z</time>
      </trkpt>
      <trkpt lat="38.56187" lon="-109.32743">
        <ele>0</ele>
        <time>1970-01-01T00:00:00Z</time>
      </trkpt>
      <trkpt lat="38.56199" lon="-109.32747">
        <ele>0</ele>
        <time>1970-01-01T00:00:00Z</time>
      </trkpt>
      <trkpt lat="38.56212" lon="-109.32744">
        <ele>0</ele>
        <time>1970-01-01T00:00:00Z</time>
      </trkpt>
      <trkpt lat="38.56235" lon="-109.32759">
        <ele>0</ele>
        <time>1970-01-01T00:00:00Z</time>
      </trkpt>
      <trkpt lat="38.56239" lon="-109.32767">
        <ele>0</ele>
        <time>1970-01-01T00:00:00Z</time>
      </trkpt>
      <trkpt lat="38.56247" lon="-109.32775">
        <ele>0</ele>
        <time>1970-01-01T00:00:00Z</time>
      </trkpt>
      <trkpt lat="38.56256" lon="-109.3279">
        <ele>0</ele>
        <time>1970-01-01T00:00:00Z</time>
      </trkpt>
      <trkpt lat="38.56261" lon="-109.32811">
        <ele>0</ele>
        <time>1970-01-01T00:00:00Z</time>
      </trkpt>
      <trkpt lat="38.56269" lon="-109.32821">
        <ele>0</ele>
        <time>1970-01-01T00:00:00Z</time>
      </trkpt>
      <trkpt lat="38.56268" lon="-109.3283">
        <ele>0</ele>
        <time>1970-01-01T00:00:00Z</time>
      </trkpt>
      <trkpt lat="38.5627" lon="-109.32836">
        <ele>0</ele>
        <time>1970-01-01T00:00:00Z</time>
      </trkpt>
      <trkpt lat="38.56271" lon="-109.32848">
        <ele>0</ele>
        <time>1970-01-01T00:00:00Z</time>
      </trkpt>
      <trkpt lat="38.56282" lon="-109.32863">
        <ele>0</ele>
        <time>1970-01-01T00:00:00Z</time>
      </trkpt>
      <trkpt lat="38.56288" lon="-109.3288">
        <ele>0</ele>
        <time>1970-01-01T00:00:00Z</time>
      </trkpt>
      <trkpt lat="38.56295" lon="-109.32887">
        <ele>0</ele>
        <time>1970-01-01T00:00:00Z</time>
      </trkpt>
      <trkpt lat="38.563" lon="-109.32896">
        <ele>0</ele>
        <time>1970-01-01T00:00:00Z</time>
      </trkpt>
      <trkpt lat="38.56304" lon="-109.3291">
        <ele>0</ele>
        <time>1970-01-01T00:00:00Z</time>
      </trkpt>
      <trkpt lat="38.56315" lon="-109.32915">
        <ele>0</ele>
        <time>1970-01-01T00:00:00Z</time>
      </trkpt>
      <trkpt lat="38.56319" lon="-109.3292">
        <ele>0</ele>
        <time>1970-01-01T00:00:00Z</time>
      </trkpt>
      <trkpt lat="38.56329" lon="-109.3292">
        <ele>0</ele>
        <time>1970-01-01T00:00:00Z</time>
      </trkpt>
      <trkpt lat="38.56338" lon="-109.32931">
        <ele>0</ele>
        <time>1970-01-01T00:00:00Z</time>
      </trkpt>
      <trkpt lat="38.56344" lon="-109.32932">
        <ele>0</ele>
        <time>1970-01-01T00:00:00Z</time>
      </trkpt>
      <trkpt lat="38.56351" lon="-109.32931">
        <ele>0</ele>
        <time>1970-01-01T00:00:00Z</time>
      </trkpt>
      <trkpt lat="38.56357" lon="-109.32934">
        <ele>0</ele>
        <time>1970-01-01T00:00:00Z</time>
      </trkpt>
      <trkpt lat="38.56367" lon="-109.32937">
        <ele>0</ele>
        <time>1970-01-01T00:00:00Z</time>
      </trkpt>
      <trkpt lat="38.56369" lon="-109.32936">
        <ele>0</ele>
        <time>1970-01-01T00:00:00Z</time>
      </trkpt>
      <trkpt lat="38.56387" lon="-109.32944">
        <ele>0</ele>
        <time>1970-01-01T00:00:00Z</time>
      </trkpt>
      <trkpt lat="38.56394" lon="-109.32955">
        <ele>0</ele>
        <time>1970-01-01T00:00:00Z</time>
      </trkpt>
      <trkpt lat="38.56393" lon="-109.32959">
        <ele>0</ele>
        <time>1970-01-01T00:00:00Z</time>
      </trkpt>
      <trkpt lat="38.56388" lon="-109.32965">
        <ele>0</ele>
        <time>1970-01-01T00:00:00Z</time>
      </trkpt>
      <trkpt lat="38.56387" lon="-109.32969">
        <ele>0</ele>
        <time>1970-01-01T00:00:00Z</time>
      </trkpt>
      <trkpt lat="38.56399" lon="-109.32982">
        <ele>0</ele>
        <time>1970-01-01T00:00:00Z</time>
      </trkpt>
      <trkpt lat="38.56402" lon="-109.32988">
        <ele>0</ele>
        <time>1970-01-01T00:00:00Z</time>
      </trkpt>
      <trkpt lat="38.56403" lon="-109.32995">
        <ele>0</ele>
        <time>1970-01-01T00:00:00Z</time>
      </trkpt>
      <trkpt lat="38.56401" lon="-109.33007">
        <ele>0</ele>
        <time>1970-01-01T00:00:00Z</time>
      </trkpt>
      <trkpt lat="38.56401" lon="-109.33012">
        <ele>0</ele>
        <time>1970-01-01T00:00:00Z</time>
      </trkpt>
      <trkpt lat="38.56407" lon="-109.33029">
        <ele>0</ele>
        <time>1970-01-01T00:00:00Z</time>
      </trkpt>
      <trkpt lat="38.56409" lon="-109.33031">
        <ele>0</ele>
        <time>1970-01-01T00:00:00Z</time>
      </trkpt>
      <trkpt lat="38.56415" lon="-109.33031">
        <ele>0</ele>
        <time>1970-01-01T00:00:00Z</time>
      </trkpt>
      <trkpt lat="38.56422" lon="-109.33042">
        <ele>0</ele>
        <time>1970-01-01T00:00:00Z</time>
      </trkpt>
      <trkpt lat="38.5643" lon="-109.33048">
        <ele>0</ele>
        <time>1970-01-01T00:00:00Z</time>
      </trkpt>
      <trkpt lat="38.56434" lon="-109.33059">
        <ele>0</ele>
        <time>1970-01-01T00:00:00Z</time>
      </trkpt>
      <trkpt lat="38.5644" lon="-109.33067">
        <ele>0</ele>
        <time>1970-01-01T00:00:00Z</time>
      </trkpt>
      <trkpt lat="38.56453" lon="-109.33071">
        <ele>0</ele>
        <time>1970-01-01T00:00:00Z</time>
      </trkpt>
      <trkpt lat="38.56457" lon="-109.33077">
        <ele>0</ele>
        <time>1970-01-01T00:00:00Z</time>
      </trkpt>
      <trkpt lat="38.56463" lon="-109.33081">
        <ele>0</ele>
        <time>1970-01-01T00:00:00Z</time>
      </trkpt>
      <trkpt lat="38.56474" lon="-109.33078">
        <ele>0</ele>
        <time>1970-01-01T00:00:00Z</time>
      </trkpt>
      <trkpt lat="38.56476" lon="-109.3308">
        <ele>0</ele>
        <time>1970-01-01T00:00:00Z</time>
      </trkpt>
      <trkpt lat="38.56477" lon="-109.33086">
        <ele>0</ele>
        <time>1970-01-01T00:00:00Z</time>
      </trkpt>
      <trkpt lat="38.56487" lon="-109.33099">
        <ele>0</ele>
        <time>1970-01-01T00:00:00Z</time>
      </trkpt>
      <trkpt lat="38.56491" lon="-109.33109">
        <ele>0</ele>
        <time>1970-01-01T00:00:00Z</time>
      </trkpt>
      <trkpt lat="38.56494" lon="-109.33111">
        <ele>0</ele>
        <time>1970-01-01T00:00:00Z</time>
      </trkpt>
      <trkpt lat="38.56505" lon="-109.3311">
        <ele>0</ele>
        <time>1970-01-01T00:00:00Z</time>
      </trkpt>
      <trkpt lat="38.56507" lon="-109.33111">
        <ele>0</ele>
        <time>1970-01-01T00:00:00Z</time>
      </trkpt>
      <trkpt lat="38.56517" lon="-109.33126">
        <ele>0</ele>
        <time>1970-01-01T00:00:00Z</time>
      </trkpt>
      <trkpt lat="38.5652" lon="-109.33151">
        <ele>0</ele>
        <time>1970-01-01T00:00:00Z</time>
      </trkpt>
      <trkpt lat="38.56522" lon="-109.33156">
        <ele>0</ele>
        <time>1970-01-01T00:00:00Z</time>
      </trkpt>
      <trkpt lat="38.56534" lon="-109.33171">
        <ele>0</ele>
        <time>1970-01-01T00:00:00Z</time>
      </trkpt>
      <trkpt lat="38.56538" lon="-109.33174">
        <ele>0</ele>
        <time>1970-01-01T00:00:00Z</time>
      </trkpt>
      <trkpt lat="38.5654" lon="-109.33173">
        <ele>0</ele>
        <time>1970-01-01T00:00:00Z</time>
      </trkpt>
      <trkpt lat="38.56539" lon="-109.33171">
        <ele>0</ele>
        <time>1970-01-01T00:00:00Z</time>
      </trkpt>
      <trkpt lat="38.56539" lon="-109.33176">
        <ele>0</ele>
        <time>1970-01-01T00:00:00Z</time>
      </trkpt>
      <trkpt lat="38.56542" lon="-109.33178">
        <ele>0</ele>
        <time>1970-01-01T00:00:00Z</time>
      </trkpt>
      <trkpt lat="38.56547" lon="-109.33192">
        <ele>0</ele>
        <time>1970-01-01T00:00:00Z</time>
      </trkpt>
      <trkpt lat="38.56549" lon="-109.33195">
        <ele>0</ele>
        <time>1970-01-01T00:00:00Z</time>
      </trkpt>
      <trkpt lat="38.56559" lon="-109.33195">
        <ele>0</ele>
        <time>1970-01-01T00:00:00Z</time>
      </trkpt>
      <trkpt lat="38.56566" lon="-109.33203">
        <ele>0</ele>
        <time>1970-01-01T00:00:00Z</time>
      </trkpt>
      <trkpt lat="38.56581" lon="-109.33212">
        <ele>0</ele>
        <time>1970-01-01T00:00:00Z</time>
      </trkpt>
      <trkpt lat="38.56582" lon="-109.3322">
        <ele>0</ele>
        <time>1970-01-01T00:00:00Z</time>
      </trkpt>
      <trkpt lat="38.56588" lon="-109.33232">
        <ele>0</ele>
        <time>1970-01-01T00:00:00Z</time>
      </trkpt>
      <trkpt lat="38.56585" lon="-109.3324">
        <ele>0</ele>
        <time>1970-01-01T00:00:00Z</time>
      </trkpt>
      <trkpt lat="38.56586" lon="-109.33244">
        <ele>0</ele>
        <time>1970-01-01T00:00:00Z</time>
      </trkpt>
      <trkpt lat="38.56588" lon="-109.33246">
        <ele>0</ele>
        <time>1970-01-01T00:00:00Z</time>
      </trkpt>
      <trkpt lat="38.56603" lon="-109.33249">
        <ele>0</ele>
        <time>1970-01-01T00:00:00Z</time>
      </trkpt>
      <trkpt lat="38.56606" lon="-109.33253">
        <ele>0</ele>
        <time>1970-01-01T00:00:00Z</time>
      </trkpt>
      <trkpt lat="38.56608" lon="-109.33258">
        <ele>0</ele>
        <time>1970-01-01T00:00:00Z</time>
      </trkpt>
      <trkpt lat="38.56615" lon="-109.33264">
        <ele>0</ele>
        <time>1970-01-01T00:00:00Z</time>
      </trkpt>
      <trkpt lat="38.56615" lon="-109.33267">
        <ele>0</ele>
        <time>1970-01-01T00:00:00Z</time>
      </trkpt>
      <trkpt lat="38.56612" lon="-109.33268">
        <ele>0</ele>
        <time>1970-01-01T00:00:00Z</time>
      </trkpt>
      <trkpt lat="38.56611" lon="-109.3327">
        <ele>0</ele>
        <time>1970-01-01T00:00:00Z</time>
      </trkpt>
      <trkpt lat="38.56612" lon="-109.33269">
        <ele>0</ele>
        <time>1970-01-01T00:00:00Z</time>
      </trkpt>
      <trkpt lat="38.56615" lon="-109.33273">
        <ele>0</ele>
        <time>1970-01-01T00:00:00Z</time>
      </trkpt>
      <trkpt lat="38.56614" lon="-109.33296">
        <ele>0</ele>
        <time>1970-01-01T00:00:00Z</time>
      </trkpt>
      <trkpt lat="38.56622" lon="-109.33315">
        <ele>0</ele>
        <time>1970-01-01T00:00:00Z</time>
      </trkpt>
      <trkpt lat="38.56634" lon="-109.33315">
        <ele>0</ele>
        <time>1970-01-01T00:00:00Z</time>
      </trkpt>
      <trkpt lat="38.56632" lon="-109.33316">
        <ele>0</ele>
        <time>1970-01-01T00:00:00Z</time>
      </trkpt>
      <trkpt lat="38.5663" lon="-109.33338">
        <ele>0</ele>
        <time>1970-01-01T00:00:00Z</time>
      </trkpt>
      <trkpt lat="38.5663" lon="-109.33344">
        <ele>0</ele>
        <time>1970-01-01T00:00:00Z</time>
      </trkpt>
      <trkpt lat="38.56634" lon="-109.33352">
        <ele>0</ele>
        <time>1970-01-01T00:00:00Z</time>
      </trkpt>
      <trkpt lat="38.56639" lon="-109.33359">
        <ele>0</ele>
        <time>1970-01-01T00:00:00Z</time>
      </trkpt>
      <trkpt lat="38.56643" lon="-109.33369">
        <ele>0</ele>
        <time>1970-01-01T00:00:00Z</time>
      </trkpt>
      <trkpt lat="38.56643" lon="-109.33384">
        <ele>0</ele>
        <time>1970-01-01T00:00:00Z</time>
      </trkpt>
      <trkpt lat="38.56641" lon="-109.33391">
        <ele>0</ele>
        <time>1970-01-01T00:00:00Z</time>
      </trkpt>
      <trkpt lat="38.56642" lon="-109.33401">
        <ele>0</ele>
        <time>1970-01-01T00:00:00Z</time>
      </trkpt>
      <trkpt lat="38.5664" lon="-109.33421">
        <ele>0</ele>
        <time>1970-01-01T00:00:00Z</time>
      </trkpt>
      <trkpt lat="38.56641" lon="-109.33424">
        <ele>0</ele>
        <time>1970-01-01T00:00:00Z</time>
      </trkpt>
      <trkpt lat="38.56634" lon="-109.33439">
        <ele>0</ele>
        <time>1970-01-01T00:00:00Z</time>
      </trkpt>
      <trkpt lat="38.56634" lon="-109.33449">
        <ele>0</ele>
        <time>1970-01-01T00:00:00Z</time>
      </trkpt>
      <trkpt lat="38.56641" lon="-109.33462">
        <ele>0</ele>
        <time>1970-01-01T00:00:00Z</time>
      </trkpt>
      <trkpt lat="38.5665" lon="-109.33467">
        <ele>0</ele>
        <time>1970-01-01T00:00:00Z</time>
      </trkpt>
      <trkpt lat="38.56651" lon="-109.33479">
        <ele>0</ele>
        <time>1970-01-01T00:00:00Z</time>
      </trkpt>
      <trkpt lat="38.5666" lon="-109.33488">
        <ele>0</ele>
        <time>1970-01-01T00:00:00Z</time>
      </trkpt>
      <trkpt lat="38.56661" lon="-109.33491">
        <ele>0</ele>
        <time>1970-01-01T00:00:00Z</time>
      </trkpt>
      <trkpt lat="38.56666" lon="-109.33507">
        <ele>0</ele>
        <time>1970-01-01T00:00:00Z</time>
      </trkpt>
      <trkpt lat="38.56662" lon="-109.33524">
        <ele>0</ele>
        <time>1970-01-01T00:00:00Z</time>
      </trkpt>
      <trkpt lat="38.56663" lon="-109.33528">
        <ele>0</ele>
        <time>1970-01-01T00:00:00Z</time>
      </trkpt>
      <trkpt lat="38.56665" lon="-109.33529">
        <ele>0</ele>
        <time>1970-01-01T00:00:00Z</time>
      </trkpt>
      <trkpt lat="38.5667" lon="-109.33528">
        <ele>0</ele>
        <time>1970-01-01T00:00:00Z</time>
      </trkpt>
      <trkpt lat="38.56675" lon="-109.3353">
        <ele>0</ele>
        <time>1970-01-01T00:00:00Z</time>
      </trkpt>
      <trkpt lat="38.56681" lon="-109.3353">
        <ele>0</ele>
        <time>1970-01-01T00:00:00Z</time>
      </trkpt>
      <trkpt lat="38.56698" lon="-109.33534">
        <ele>0</ele>
        <time>1970-01-01T00:00:00Z</time>
      </trkpt>
      <trkpt lat="38.56705" lon="-109.33534">
        <ele>0</ele>
        <time>1970-01-01T00:00:00Z</time>
      </trkpt>
      <trkpt lat="38.56706" lon="-109.33532">
        <ele>0</ele>
        <time>1970-01-01T00:00:00Z</time>
      </trkpt>
      <trkpt lat="38.56707" lon="-109.33537">
        <ele>0</ele>
        <time>1970-01-01T00:00:00Z</time>
      </trkpt>
      <trkpt lat="38.56712" lon="-109.33544">
        <ele>0</ele>
        <time>1970-01-01T00:00:00Z</time>
      </trkpt>
      <trkpt lat="38.56713" lon="-109.33551">
        <ele>0</ele>
        <time>1970-01-01T00:00:00Z</time>
      </trkpt>
      <trkpt lat="38.56717" lon="-109.33559">
        <ele>0</ele>
        <time>1970-01-01T00:00:00Z</time>
      </trkpt>
      <trkpt lat="38.56719" lon="-109.33573">
        <ele>0</ele>
        <time>1970-01-01T00:00:00Z</time>
      </trkpt>
      <trkpt lat="38.56725" lon="-109.33586">
        <ele>0</ele>
        <time>1970-01-01T00:00:00Z</time>
      </trkpt>
      <trkpt lat="38.56723" lon="-109.33587">
        <ele>0</ele>
        <time>1970-01-01T00:00:00Z</time>
      </trkpt>
      <trkpt lat="38.56731" lon="-109.33601">
        <ele>0</ele>
        <time>1970-01-01T00:00:00Z</time>
      </trkpt>
      <trkpt lat="38.56737" lon="-109.33619">
        <ele>0</ele>
        <time>1970-01-01T00:00:00Z</time>
      </trkpt>
      <trkpt lat="38.56748" lon="-109.3364">
        <ele>0</ele>
        <time>1970-01-01T00:00:00Z</time>
      </trkpt>
      <trkpt lat="38.56754" lon="-109.33657">
        <ele>0</ele>
        <time>1970-01-01T00:00:00Z</time>
      </trkpt>
      <trkpt lat="38.56757" lon="-109.33677">
        <ele>0</ele>
        <time>1970-01-01T00:00:00Z</time>
      </trkpt>
      <trkpt lat="38.5676" lon="-109.33682">
        <ele>0</ele>
        <time>1970-01-01T00:00:00Z</time>
      </trkpt>
      <trkpt lat="38.56778" lon="-109.33687">
        <ele>0</ele>
        <time>1970-01-01T00:00:00Z</time>
      </trkpt>
      <trkpt lat="38.56783" lon="-109.33691">
        <ele>0</ele>
        <time>1970-01-01T00:00:00Z</time>
      </trkpt>
      <trkpt lat="38.5679" lon="-109.33709">
        <ele>0</ele>
        <time>1970-01-01T00:00:00Z</time>
      </trkpt>
      <trkpt lat="38.56798" lon="-109.33713">
        <ele>0</ele>
        <time>1970-01-01T00:00:00Z</time>
      </trkpt>
      <trkpt lat="38.56803" lon="-109.33725">
        <ele>0</ele>
        <time>1970-01-01T00:00:00Z</time>
      </trkpt>
      <trkpt lat="38.56805" lon="-109.33738">
        <ele>0</ele>
        <time>1970-01-01T00:00:00Z</time>
      </trkpt>
      <trkpt lat="38.56819" lon="-109.33763">
        <ele>0</ele>
        <time>1970-01-01T00:00:00Z</time>
      </trkpt>
      <trkpt lat="38.56852" lon="-109.33788">
        <ele>0</ele>
        <time>1970-01-01T00:00:00Z</time>
      </trkpt>
      <trkpt lat="38.56851" lon="-109.33791">
        <ele>0</ele>
        <time>1970-01-01T00:00:00Z</time>
      </trkpt>
      <trkpt lat="38.56853" lon="-109.3379">
        <ele>0</ele>
        <time>1970-01-01T00:00:00Z</time>
      </trkpt>
      <trkpt lat="38.5685" lon="-109.33789">
        <ele>0</ele>
        <time>1970-01-01T00:00:00Z</time>
      </trkpt>
      <trkpt lat="38.56852" lon="-109.33789">
        <ele>0</ele>
        <time>1970-01-01T00:00:00Z</time>
      </trkpt>
      <trkpt lat="38.56851" lon="-109.33791">
        <ele>0</ele>
        <time>1970-01-01T00:00:00Z</time>
      </trkpt>
      <trkpt lat="38.56853" lon="-109.33791">
        <ele>0</ele>
        <time>1970-01-01T00:00:00Z</time>
      </trkpt>
      <trkpt lat="38.56852" lon="-109.33794">
        <ele>0</ele>
        <time>1970-01-01T00:00:00Z</time>
      </trkpt>
      <trkpt lat="38.56852" lon="-109.33788">
        <ele>0</ele>
        <time>1970-01-01T00:00:00Z</time>
      </trkpt>
      <trkpt lat="38.56852" lon="-109.33792">
        <ele>0</ele>
        <time>1970-01-01T00:00:00Z</time>
      </trkpt>
      <trkpt lat="38.56851" lon="-109.3379">
        <ele>0</ele>
        <time>1970-01-01T00:00:00Z</time>
      </trkpt>
      <trkpt lat="38.56852" lon="-109.33792">
        <ele>0</ele>
        <time>1970-01-01T00:00:00Z</time>
      </trkpt>
      <trkpt lat="38.56852" lon="-109.3379">
        <ele>0</ele>
        <time>1970-01-01T00:00:00Z</time>
      </trkpt>
      <trkpt lat="38.56851" lon="-109.33792">
        <ele>0</ele>
        <time>1970-01-01T00:00:00Z</time>
      </trkpt>
      <trkpt lat="38.56852" lon="-109.33791">
        <ele>0</ele>
        <time>1970-01-01T00:00:00Z</time>
      </trkpt>
      <trkpt lat="38.5685" lon="-109.33791">
        <ele>0</ele>
        <time>1970-01-01T00:00:00Z</time>
      </trkpt>
      <trkpt lat="38.56852" lon="-109.3379">
        <ele>0</ele>
        <time>1970-01-01T00:00:00Z</time>
      </trkpt>
      <trkpt lat="38.56852" lon="-109.33805">
        <ele>0</ele>
        <time>1970-01-01T00:00:00Z</time>
      </trkpt>
      <trkpt lat="38.56866" lon="-109.33817">
        <ele>0</ele>
        <time>1970-01-01T00:00:00Z</time>
      </trkpt>
      <trkpt lat="38.56868" lon="-109.33823">
        <ele>0</ele>
        <time>1970-01-01T00:00:00Z</time>
      </trkpt>
      <trkpt lat="38.5687" lon="-109.33822">
        <ele>0</ele>
        <time>1970-01-01T00:00:00Z</time>
      </trkpt>
      <trkpt lat="38.56868" lon="-109.33823">
        <ele>0</ele>
        <time>1970-01-01T00:00:00Z</time>
      </trkpt>
      <trkpt lat="38.56864" lon="-109.33835">
        <ele>0</ele>
        <time>1970-01-01T00:00:00Z</time>
      </trkpt>
      <trkpt lat="38.56855" lon="-109.33837">
        <ele>0</ele>
        <time>1970-01-01T00:00:00Z</time>
      </trkpt>
      <trkpt lat="38.56852" lon="-109.33839">
        <ele>0</ele>
        <time>1970-01-01T00:00:00Z</time>
      </trkpt>
      <trkpt lat="38.56851" lon="-109.33843">
        <ele>0</ele>
        <time>1970-01-01T00:00:00Z</time>
      </trkpt>
      <trkpt lat="38.56851" lon="-109.33846">
        <ele>0</ele>
        <time>1970-01-01T00:00:00Z</time>
      </trkpt>
      <trkpt lat="38.56856" lon="-109.33856">
        <ele>0</ele>
        <time>1970-01-01T00:00:00Z</time>
      </trkpt>
      <trkpt lat="38.56853" lon="-109.33864">
        <ele>0</ele>
        <time>1970-01-01T00:00:00Z</time>
      </trkpt>
      <trkpt lat="38.56848" lon="-109.33869">
        <ele>0</ele>
        <time>1970-01-01T00:00:00Z</time>
      </trkpt>
      <trkpt lat="38.56846" lon="-109.33874">
        <ele>0</ele>
        <time>1970-01-01T00:00:00Z</time>
      </trkpt>
      <trkpt lat="38.56844" lon="-109.33884">
        <ele>0</ele>
        <time>1970-01-01T00:00:00Z</time>
      </trkpt>
      <trkpt lat="38.56845" lon="-109.33894">
        <ele>0</ele>
        <time>1970-01-01T00:00:00Z</time>
      </trkpt>
      <trkpt lat="38.56842" lon="-109.33901">
        <ele>0</ele>
        <time>1970-01-01T00:00:00Z</time>
      </trkpt>
      <trkpt lat="38.56838" lon="-109.33904">
        <ele>0</ele>
        <time>1970-01-01T00:00:00Z</time>
      </trkpt>
      <trkpt lat="38.56836" lon="-109.33909">
        <ele>0</ele>
        <time>1970-01-01T00:00:00Z</time>
      </trkpt>
      <trkpt lat="38.56837" lon="-109.33914">
        <ele>0</ele>
        <time>1970-01-01T00:00:00Z</time>
      </trkpt>
      <trkpt lat="38.56845" lon="-109.33947">
        <ele>0</ele>
        <time>1970-01-01T00:00:00Z</time>
      </trkpt>
      <trkpt lat="38.5685" lon="-109.33956">
        <ele>0</ele>
        <time>1970-01-01T00:00:00Z</time>
      </trkpt>
      <trkpt lat="38.56852" lon="-109.33968">
        <ele>0</ele>
        <time>1970-01-01T00:00:00Z</time>
      </trkpt>
      <trkpt lat="38.56858" lon="-109.33983">
        <ele>0</ele>
        <time>1970-01-01T00:00:00Z</time>
      </trkpt>
      <trkpt lat="38.56866" lon="-109.3399">
        <ele>0</ele>
        <time>1970-01-01T00:00:00Z</time>
      </trkpt>
      <trkpt lat="38.56875" lon="-109.33993">
        <ele>0</ele>
        <time>1970-01-01T00:00:00Z</time>
      </trkpt>
      <trkpt lat="38.5688" lon="-109.33998">
        <ele>0</ele>
        <time>1970-01-01T00:00:00Z</time>
      </trkpt>
      <trkpt lat="38.56886" lon="-109.34013">
        <ele>0</ele>
        <time>1970-01-01T00:00:00Z</time>
      </trkpt>
      <trkpt lat="38.56895" lon="-109.34019">
        <ele>0</ele>
        <time>1970-01-01T00:00:00Z</time>
      </trkpt>
      <trkpt lat="38.56905" lon="-109.34035">
        <ele>0</ele>
        <time>1970-01-01T00:00:00Z</time>
      </trkpt>
      <trkpt lat="38.56913" lon="-109.34037">
        <ele>0</ele>
        <time>1970-01-01T00:00:00Z</time>
      </trkpt>
      <trkpt lat="38.56916" lon="-109.3404">
        <ele>0</ele>
        <time>1970-01-01T00:00:00Z</time>
      </trkpt>
      <trkpt lat="38.56922" lon="-109.34053">
        <ele>0</ele>
        <time>1970-01-01T00:00:00Z</time>
      </trkpt>
      <trkpt lat="38.56921" lon="-109.34062">
        <ele>0</ele>
        <time>1970-01-01T00:00:00Z</time>
      </trkpt>
      <trkpt lat="38.56915" lon="-109.34069">
        <ele>0</ele>
        <time>1970-01-01T00:00:00Z</time>
      </trkpt>
      <trkpt lat="38.56913" lon="-109.34075">
        <ele>0</ele>
        <time>1970-01-01T00:00:00Z</time>
      </trkpt>
      <trkpt lat="38.56912" lon="-109.34088">
        <ele>0</ele>
        <time>1970-01-01T00:00:00Z</time>
      </trkpt>
      <trkpt lat="38.56922" lon="-109.34097">
        <ele>0</ele>
        <time>1970-01-01T00:00:00Z</time>
      </trkpt>
      <trkpt lat="38.56924" lon="-109.34107">
        <ele>0</ele>
        <time>1970-01-01T00:00:00Z</time>
      </trkpt>
      <trkpt lat="38.56924" lon="-109.34117">
        <ele>0</ele>
        <time>1970-01-01T00:00:00Z</time>
      </trkpt>
      <trkpt lat="38.56915" lon="-109.3413">
        <ele>0</ele>
        <time>1970-01-01T00:00:00Z</time>
      </trkpt>
      <trkpt lat="38.56913" lon="-109.34146">
        <ele>0</ele>
        <time>1970-01-01T00:00:00Z</time>
      </trkpt>
      <trkpt lat="38.56907" lon="-109.34156">
        <ele>0</ele>
        <time>1970-01-01T00:00:00Z</time>
      </trkpt>
      <trkpt lat="38.56904" lon="-109.34167">
        <ele>0</ele>
        <time>1970-01-01T00:00:00Z</time>
      </trkpt>
      <trkpt lat="38.56904" lon="-109.34172">
        <ele>0</ele>
        <time>1970-01-01T00:00:00Z</time>
      </trkpt>
      <trkpt lat="38.56908" lon="-109.34176">
        <ele>0</ele>
        <time>1970-01-01T00:00:00Z</time>
      </trkpt>
      <trkpt lat="38.56923" lon="-109.34186">
        <ele>0</ele>
        <time>1970-01-01T00:00:00Z</time>
      </trkpt>
      <trkpt lat="38.56929" lon="-109.34197">
        <ele>0</ele>
        <time>1970-01-01T00:00:00Z</time>
      </trkpt>
      <trkpt lat="38.56928" lon="-109.34202">
        <ele>0</ele>
        <time>1970-01-01T00:00:00Z</time>
      </trkpt>
      <trkpt lat="38.56916" lon="-109.34207">
        <ele>0</ele>
        <time>1970-01-01T00:00:00Z</time>
      </trkpt>
      <trkpt lat="38.56912" lon="-109.34211">
        <ele>0</ele>
        <time>1970-01-01T00:00:00Z</time>
      </trkpt>
      <trkpt lat="38.56901" lon="-109.34229">
        <ele>0</ele>
        <time>1970-01-01T00:00:00Z</time>
      </trkpt>
      <trkpt lat="38.569" lon="-109.34236">
        <ele>0</ele>
        <time>1970-01-01T00:00:00Z</time>
      </trkpt>
      <trkpt lat="38.56906" lon="-109.3426">
        <ele>0</ele>
        <time>1970-01-01T00:00:00Z</time>
      </trkpt>
      <trkpt lat="38.56905" lon="-109.34266">
        <ele>0</ele>
        <time>1970-01-01T00:00:00Z</time>
      </trkpt>
      <trkpt lat="38.56898" lon="-109.34283">
        <ele>0</ele>
        <time>1970-01-01T00:00:00Z</time>
      </trkpt>
      <trkpt lat="38.56898" lon="-109.3429">
        <ele>0</ele>
        <time>1970-01-01T00:00:00Z</time>
      </trkpt>
      <trkpt lat="38.56899" lon="-109.34299">
        <ele>0</ele>
        <time>1970-01-01T00:00:00Z</time>
      </trkpt>
      <trkpt lat="38.56902" lon="-109.34302">
        <ele>0</ele>
        <time>1970-01-01T00:00:00Z</time>
      </trkpt>
      <trkpt lat="38.56909" lon="-109.34302">
        <ele>0</ele>
        <time>1970-01-01T00:00:00Z</time>
      </trkpt>
      <trkpt lat="38.56915" lon="-109.34308">
        <ele>0</ele>
        <time>1970-01-01T00:00:00Z</time>
      </trkpt>
      <trkpt lat="38.56914" lon="-109.34318">
        <ele>0</ele>
        <time>1970-01-01T00:00:00Z</time>
      </trkpt>
      <trkpt lat="38.56919" lon="-109.34325">
        <ele>0</ele>
        <time>1970-01-01T00:00:00Z</time>
      </trkpt>
      <trkpt lat="38.56917" lon="-109.34348">
        <ele>0</ele>
        <time>1970-01-01T00:00:00Z</time>
      </trkpt>
      <trkpt lat="38.5692" lon="-109.34363">
        <ele>0</ele>
        <time>1970-01-01T00:00:00Z</time>
      </trkpt>
      <trkpt lat="38.56932" lon="-109.34367">
        <ele>0</ele>
        <time>1970-01-01T00:00:00Z</time>
      </trkpt>
      <trkpt lat="38.56934" lon="-109.34382">
        <ele>0</ele>
        <time>1970-01-01T00:00:00Z</time>
      </trkpt>
      <trkpt lat="38.56937" lon="-109.34387">
        <ele>0</ele>
        <time>1970-01-01T00:00:00Z</time>
      </trkpt>
      <trkpt lat="38.56945" lon="-109.34392">
        <ele>0</ele>
        <time>1970-01-01T00:00:00Z</time>
      </trkpt>
      <trkpt lat="38.56952" lon="-109.34403">
        <ele>0</ele>
        <time>1970-01-01T00:00:00Z</time>
      </trkpt>
      <trkpt lat="38.56962" lon="-109.34409">
        <ele>0</ele>
        <time>1970-01-01T00:00:00Z</time>
      </trkpt>
      <trkpt lat="38.56976" lon="-109.34408">
        <ele>0</ele>
        <time>1970-01-01T00:00:00Z</time>
      </trkpt>
      <trkpt lat="38.56992" lon="-109.34416">
        <ele>0</ele>
        <time>1970-01-01T00:00:00Z</time>
      </trkpt>
      <trkpt lat="38.56996" lon="-109.34435">
        <ele>0</ele>
        <time>1970-01-01T00:00:00Z</time>
      </trkpt>
      <trkpt lat="38.56997" lon="-109.34452">
        <ele>0</ele>
        <time>1970-01-01T00:00:00Z</time>
      </trkpt>
      <trkpt lat="38.57007" lon="-109.34469">
        <ele>0</ele>
        <time>1970-01-01T00:00:00Z</time>
      </trkpt>
      <trkpt lat="38.57004" lon="-109.34474">
        <ele>0</ele>
        <time>1970-01-01T00:00:00Z</time>
      </trkpt>
      <trkpt lat="38.57008" lon="-109.34479">
        <ele>0</ele>
        <time>1970-01-01T00:00:00Z</time>
      </trkpt>
      <trkpt lat="38.57006" lon="-109.34478">
        <ele>0</ele>
        <time>1970-01-01T00:00:00Z</time>
      </trkpt>
      <trkpt lat="38.57011" lon="-109.34488">
        <ele>0</ele>
        <time>1970-01-01T00:00:00Z</time>
      </trkpt>
      <trkpt lat="38.57016" lon="-109.34488">
        <ele>0</ele>
        <time>1970-01-01T00:00:00Z</time>
      </trkpt>
      <trkpt lat="38.57019" lon="-109.34493">
        <ele>0</ele>
        <time>1970-01-01T00:00:00Z</time>
      </trkpt>
      <trkpt lat="38.57026" lon="-109.34497">
        <ele>0</ele>
        <time>1970-01-01T00:00:00Z</time>
      </trkpt>
      <trkpt lat="38.57059" lon="-109.34486">
        <ele>0</ele>
        <time>1970-01-01T00:00:00Z</time>
      </trkpt>
      <trkpt lat="38.5707" lon="-109.34487">
        <ele>0</ele>
        <time>1970-01-01T00:00:00Z</time>
      </trkpt>
      <trkpt lat="38.57078" lon="-109.34486">
        <ele>0</ele>
        <time>1970-01-01T00:00:00Z</time>
      </trkpt>
      <trkpt lat="38.57088" lon="-109.34476">
        <ele>0</ele>
        <time>1970-01-01T00:00:00Z</time>
      </trkpt>
      <trkpt lat="38.57095" lon="-109.34474">
        <ele>0</ele>
        <time>1970-01-01T00:00:00Z</time>
      </trkpt>
      <trkpt lat="38.57103" lon="-109.34473">
        <ele>0</ele>
        <time>1970-01-01T00:00:00Z</time>
      </trkpt>
      <trkpt lat="38.57117" lon="-109.34467">
        <ele>0</ele>
        <time>1970-01-01T00:00:00Z</time>
      </trkpt>
      <trkpt lat="38.57125" lon="-109.34455">
        <ele>0</ele>
        <time>1970-01-01T00:00:00Z</time>
      </trkpt>
      <trkpt lat="38.57126" lon="-109.34443">
        <ele>0</ele>
        <time>1970-01-01T00:00:00Z</time>
      </trkpt>
      <trkpt lat="38.57132" lon="-109.3444">
        <ele>0</ele>
        <time>1970-01-01T00:00:00Z</time>
      </trkpt>
      <trkpt lat="38.57135" lon="-109.34441">
        <ele>0</ele>
        <time>1970-01-01T00:00:00Z</time>
      </trkpt>
      <trkpt lat="38.57137" lon="-109.34444">
        <ele>0</ele>
        <time>1970-01-01T00:00:00Z</time>
      </trkpt>
      <trkpt lat="38.5714" lon="-109.34452">
        <ele>0</ele>
        <time>1970-01-01T00:00:00Z</time>
      </trkpt>
      <trkpt lat="38.57144" lon="-109.34455">
        <ele>0</ele>
        <time>1970-01-01T00:00:00Z</time>
      </trkpt>
      <trkpt lat="38.57152" lon="-109.34454">
        <ele>0</ele>
        <time>1970-01-01T00:00:00Z</time>
      </trkpt>
      <trkpt lat="38.57154" lon="-109.34459">
        <ele>0</ele>
        <time>1970-01-01T00:00:00Z</time>
      </trkpt>
      <trkpt lat="38.57165" lon="-109.34472">
        <ele>0</ele>
        <time>1970-01-01T00:00:00Z</time>
      </trkpt>
      <trkpt lat="38.57172" lon="-109.34475">
        <ele>0</ele>
        <time>1970-01-01T00:00:00Z</time>
      </trkpt>
      <trkpt lat="38.57187" lon="-109.34475">
        <ele>0</ele>
        <time>1970-01-01T00:00:00Z</time>
      </trkpt>
      <trkpt lat="38.57201" lon="-109.34481">
        <ele>0</ele>
        <time>1970-01-01T00:00:00Z</time>
      </trkpt>
      <trkpt lat="38.57211" lon="-109.34487">
        <ele>0</ele>
        <time>1970-01-01T00:00:00Z</time>
      </trkpt>
      <trkpt lat="38.57222" lon="-109.34488">
        <ele>0</ele>
        <time>1970-01-01T00:00:00Z</time>
      </trkpt>
      <trkpt lat="38.57237" lon="-109.34486">
        <ele>0</ele>
        <time>1970-01-01T00:00:00Z</time>
      </trkpt>
      <trkpt lat="38.57255" lon="-109.34476">
        <ele>0</ele>
        <time>1970-01-01T00:00:00Z</time>
      </trkpt>
      <trkpt lat="38.57259" lon="-109.3448">
        <ele>0</ele>
        <time>1970-01-01T00:00:00Z</time>
      </trkpt>
      <trkpt lat="38.57266" lon="-109.34479">
        <ele>0</ele>
        <time>1970-01-01T00:00:00Z</time>
      </trkpt>
      <trkpt lat="38.5727" lon="-109.34482">
        <ele>0</ele>
        <time>1970-01-01T00:00:00Z</time>
      </trkpt>
      <trkpt lat="38.57272" lon="-109.34492">
        <ele>0</ele>
        <time>1970-01-01T00:00:00Z</time>
      </trkpt>
      <trkpt lat="38.57275" lon="-109.34497">
        <ele>0</ele>
        <time>1970-01-01T00:00:00Z</time>
      </trkpt>
      <trkpt lat="38.57296" lon="-109.34492">
        <ele>0</ele>
        <time>1970-01-01T00:00:00Z</time>
      </trkpt>
      <trkpt lat="38.573" lon="-109.34493">
        <ele>0</ele>
        <time>1970-01-01T00:00:00Z</time>
      </trkpt>
      <trkpt lat="38.57309" lon="-109.34504">
        <ele>0</ele>
        <time>1970-01-01T00:00:00Z</time>
      </trkpt>
      <trkpt lat="38.57308" lon="-109.34514">
        <ele>0</ele>
        <time>1970-01-01T00:00:00Z</time>
      </trkpt>
      <trkpt lat="38.5731" lon="-109.3452">
        <ele>0</ele>
        <time>1970-01-01T00:00:00Z</time>
      </trkpt>
      <trkpt lat="38.57318" lon="-109.3453">
        <ele>0</ele>
        <time>1970-01-01T00:00:00Z</time>
      </trkpt>
      <trkpt lat="38.57323" lon="-109.34541">
        <ele>0</ele>
        <time>1970-01-01T00:00:00Z</time>
      </trkpt>
      <trkpt lat="38.57326" lon="-109.34545">
        <ele>0</ele>
        <time>1970-01-01T00:00:00Z</time>
      </trkpt>
      <trkpt lat="38.57334" lon="-109.34548">
        <ele>0</ele>
        <time>1970-01-01T00:00:00Z</time>
      </trkpt>
      <trkpt lat="38.57338" lon="-109.34552">
        <ele>0</ele>
        <time>1970-01-01T00:00:00Z</time>
      </trkpt>
      <trkpt lat="38.57342" lon="-109.34575">
        <ele>0</ele>
        <time>1970-01-01T00:00:00Z</time>
      </trkpt>
      <trkpt lat="38.57344" lon="-109.3458">
        <ele>0</ele>
        <time>1970-01-01T00:00:00Z</time>
      </trkpt>
      <trkpt lat="38.57349" lon="-109.34584">
        <ele>0</ele>
        <time>1970-01-01T00:00:00Z</time>
      </trkpt>
      <trkpt lat="38.57353" lon="-109.34589">
        <ele>0</ele>
        <time>1970-01-01T00:00:00Z</time>
      </trkpt>
      <trkpt lat="38.57362" lon="-109.34612">
        <ele>0</ele>
        <time>1970-01-01T00:00:00Z</time>
      </trkpt>
      <trkpt lat="38.57365" lon="-109.34615">
        <ele>0</ele>
        <time>1970-01-01T00:00:00Z</time>
      </trkpt>
      <trkpt lat="38.57382" lon="-109.34615">
        <ele>0</ele>
        <time>1970-01-01T00:00:00Z</time>
      </trkpt>
      <trkpt lat="38.57405" lon="-109.34608">
        <ele>0</ele>
        <time>1970-01-01T00:00:00Z</time>
      </trkpt>
      <trkpt lat="38.5741" lon="-109.34611">
        <ele>0</ele>
        <time>1970-01-01T00:00:00Z</time>
      </trkpt>
      <trkpt lat="38.57417" lon="-109.34623">
        <ele>0</ele>
        <time>1970-01-01T00:00:00Z</time>
      </trkpt>
      <trkpt lat="38.57428" lon="-109.34623">
        <ele>0</ele>
        <time>1970-01-01T00:00:00Z</time>
      </trkpt>
      <trkpt lat="38.57432" lon="-109.34626">
        <ele>0</ele>
        <time>1970-01-01T00:00:00Z</time>
      </trkpt>
      <trkpt lat="38.57445" lon="-109.3465">
        <ele>0</ele>
        <time>1970-01-01T00:00:00Z</time>
      </trkpt>
      <trkpt lat="38.57463" lon="-109.34665">
        <ele>0</ele>
        <time>1970-01-01T00:00:00Z</time>
      </trkpt>
      <trkpt lat="38.57473" lon="-109.34668">
        <ele>0</ele>
        <time>1970-01-01T00:00:00Z</time>
      </trkpt>
      <trkpt lat="38.57484" lon="-109.34669">
        <ele>0</ele>
        <time>1970-01-01T00:00:00Z</time>
      </trkpt>
      <trkpt lat="38.5749" lon="-109.34672">
        <ele>0</ele>
        <time>1970-01-01T00:00:00Z</time>
      </trkpt>
      <trkpt lat="38.57496" lon="-109.3467">
        <ele>0</ele>
        <time>1970-01-01T00:00:00Z</time>
      </trkpt>
      <trkpt lat="38.57496" lon="-109.34667">
        <ele>0</ele>
        <time>1970-01-01T00:00:00Z</time>
      </trkpt>
      <trkpt lat="38.57499" lon="-109.34667">
        <ele>0</ele>
        <time>1970-01-01T00:00:00Z</time>
      </trkpt>
      <trkpt lat="38.57495" lon="-109.34665">
        <ele>0</ele>
        <time>1970-01-01T00:00:00Z</time>
      </trkpt>
      <trkpt lat="38.57498" lon="-109.34667">
        <ele>0</ele>
        <time>1970-01-01T00:00:00Z</time>
      </trkpt>
      <trkpt lat="38.57497" lon="-109.34668">
        <ele>0</ele>
        <time>1970-01-01T00:00:00Z</time>
      </trkpt>
      <trkpt lat="38.57497" lon="-109.34671">
        <ele>0</ele>
        <time>1970-01-01T00:00:00Z</time>
      </trkpt>
      <trkpt lat="38.57501" lon="-109.34672">
        <ele>0</ele>
        <time>1970-01-01T00:00:00Z</time>
      </trkpt>
      <trkpt lat="38.57505" lon="-109.34676">
        <ele>0</ele>
        <time>1970-01-01T00:00:00Z</time>
      </trkpt>
      <trkpt lat="38.57535" lon="-109.34719">
        <ele>0</ele>
        <time>1970-01-01T00:00:00Z</time>
      </trkpt>
      <trkpt lat="38.57544" lon="-109.34726">
        <ele>0</ele>
        <time>1970-01-01T00:00:00Z</time>
      </trkpt>
      <trkpt lat="38.5756" lon="-109.34757">
        <ele>0</ele>
        <time>1970-01-01T00:00:00Z</time>
      </trkpt>
      <trkpt lat="38.57565" lon="-109.34762">
        <ele>0</ele>
        <time>1970-01-01T00:00:00Z</time>
      </trkpt>
      <trkpt lat="38.57572" lon="-109.34763">
        <ele>0</ele>
        <time>1970-01-01T00:00:00Z</time>
      </trkpt>
      <trkpt lat="38.5758" lon="-109.34776">
        <ele>0</ele>
        <time>1970-01-01T00:00:00Z</time>
      </trkpt>
      <trkpt lat="38.57588" lon="-109.34782">
        <ele>0</ele>
        <time>1970-01-01T00:00:00Z</time>
      </trkpt>
      <trkpt lat="38.57591" lon="-109.34798">
        <ele>0</ele>
        <time>1970-01-01T00:00:00Z</time>
      </trkpt>
      <trkpt lat="38.57602" lon="-109.34805">
        <ele>0</ele>
        <time>1970-01-01T00:00:00Z</time>
      </trkpt>
      <trkpt lat="38.57611" lon="-109.34816">
        <ele>0</ele>
        <time>1970-01-01T00:00:00Z</time>
      </trkpt>
      <trkpt lat="38.57611" lon="-109.34827">
        <ele>0</ele>
        <time>1970-01-01T00:00:00Z</time>
      </trkpt>
      <trkpt lat="38.57614" lon="-109.34837">
        <ele>0</ele>
        <time>1970-01-01T00:00:00Z</time>
      </trkpt>
      <trkpt lat="38.57625" lon="-109.34851">
        <ele>0</ele>
        <time>1970-01-01T00:00:00Z</time>
      </trkpt>
      <trkpt lat="38.57631" lon="-109.34852">
        <ele>0</ele>
        <time>1970-01-01T00:00:00Z</time>
      </trkpt>
      <trkpt lat="38.57634" lon="-109.34855">
        <ele>0</ele>
        <time>1970-01-01T00:00:00Z</time>
      </trkpt>
      <trkpt lat="38.57631" lon="-109.34865">
        <ele>0</ele>
        <time>1970-01-01T00:00:00Z</time>
      </trkpt>
      <trkpt lat="38.57631" lon="-109.34877">
        <ele>0</ele>
        <time>1970-01-01T00:00:00Z</time>
      </trkpt>
      <trkpt lat="38.57636" lon="-109.34894">
        <ele>0</ele>
        <time>1970-01-01T00:00:00Z</time>
      </trkpt>
      <trkpt lat="38.57641" lon="-109.34898">
        <ele>0</ele>
        <time>1970-01-01T00:00:00Z</time>
      </trkpt>
      <trkpt lat="38.57647" lon="-109.34896">
        <ele>0</ele>
        <time>1970-01-01T00:00:00Z</time>
      </trkpt>
      <trkpt lat="38.5765" lon="-109.34891">
        <ele>0</ele>
        <time>1970-01-01T00:00:00Z</time>
      </trkpt>
      <trkpt lat="38.57654" lon="-109.34889">
        <ele>0</ele>
        <time>1970-01-01T00:00:00Z</time>
      </trkpt>
      <trkpt lat="38.5766" lon="-109.34891">
        <ele>0</ele>
        <time>1970-01-01T00:00:00Z</time>
      </trkpt>
      <trkpt lat="38.57663" lon="-109.34889">
        <ele>0</ele>
        <time>1970-01-01T00:00:00Z</time>
      </trkpt>
      <trkpt lat="38.57666" lon="-109.34891">
        <ele>0</ele>
        <time>1970-01-01T00:00:00Z</time>
      </trkpt>
      <trkpt lat="38.57665" lon="-109.34903">
        <ele>0</ele>
        <time>1970-01-01T00:00:00Z</time>
      </trkpt>
      <trkpt lat="38.57667" lon="-109.3491">
        <ele>0</ele>
        <time>1970-01-01T00:00:00Z</time>
      </trkpt>
      <trkpt lat="38.57665" lon="-109.34915">
        <ele>0</ele>
        <time>1970-01-01T00:00:00Z</time>
      </trkpt>
      <trkpt lat="38.57668" lon="-109.34924">
        <ele>0</ele>
        <time>1970-01-01T00:00:00Z</time>
      </trkpt>
      <trkpt lat="38.57671" lon="-109.34926">
        <ele>0</ele>
        <time>1970-01-01T00:00:00Z</time>
      </trkpt>
      <trkpt lat="38.5768" lon="-109.34927">
        <ele>0</ele>
        <time>1970-01-01T00:00:00Z</time>
      </trkpt>
      <trkpt lat="38.57688" lon="-109.34937">
        <ele>0</ele>
        <time>1970-01-01T00:00:00Z</time>
      </trkpt>
      <trkpt lat="38.57689" lon="-109.34944">
        <ele>0</ele>
        <time>1970-01-01T00:00:00Z</time>
      </trkpt>
      <trkpt lat="38.57691" lon="-109.34948">
        <ele>0</ele>
        <time>1970-01-01T00:00:00Z</time>
      </trkpt>
      <trkpt lat="38.57693" lon="-109.34965">
        <ele>0</ele>
        <time>1970-01-01T00:00:00Z</time>
      </trkpt>
      <trkpt lat="38.57697" lon="-109.34968">
        <ele>0</ele>
        <time>1970-01-01T00:00:00Z</time>
      </trkpt>
      <trkpt lat="38.57699" lon="-109.34967">
        <ele>0</ele>
        <time>1970-01-01T00:00:00Z</time>
      </trkpt>
      <trkpt lat="38.57702" lon="-109.34961">
        <ele>0</ele>
        <time>1970-01-01T00:00:00Z</time>
      </trkpt>
      <trkpt lat="38.57704" lon="-109.34963">
        <ele>0</ele>
        <time>1970-01-01T00:00:00Z</time>
      </trkpt>
      <trkpt lat="38.57712" lon="-109.34982">
        <ele>0</ele>
        <time>1970-01-01T00:00:00Z</time>
      </trkpt>
      <trkpt lat="38.57713" lon="-109.34987">
        <ele>0</ele>
        <time>1970-01-01T00:00:00Z</time>
      </trkpt>
      <trkpt lat="38.57711" lon="-109.34997">
        <ele>0</ele>
        <time>1970-01-01T00:00:00Z</time>
      </trkpt>
      <trkpt lat="38.57714" lon="-109.35004">
        <ele>0</ele>
        <time>1970-01-01T00:00:00Z</time>
      </trkpt>
      <trkpt lat="38.57709" lon="-109.3501">
        <ele>0</ele>
        <time>1970-01-01T00:00:00Z</time>
      </trkpt>
      <trkpt lat="38.57702" lon="-109.35013">
        <ele>0</ele>
        <time>1970-01-01T00:00:00Z</time>
      </trkpt>
      <trkpt lat="38.57703" lon="-109.35038">
        <ele>0</ele>
        <time>1970-01-01T00:00:00Z</time>
      </trkpt>
      <trkpt lat="38.57715" lon="-109.35062">
        <ele>0</ele>
        <time>1970-01-01T00:00:00Z</time>
      </trkpt>
      <trkpt lat="38.57726" lon="-109.35073">
        <ele>0</ele>
        <time>1970-01-01T00:00:00Z</time>
      </trkpt>
      <trkpt lat="38.5773" lon="-109.35088">
        <ele>0</ele>
        <time>1970-01-01T00:00:00Z</time>
      </trkpt>
      <trkpt lat="38.57737" lon="-109.35101">
        <ele>0</ele>
        <time>1970-01-01T00:00:00Z</time>
      </trkpt>
      <trkpt lat="38.57745" lon="-109.35109">
        <ele>0</ele>
        <time>1970-01-01T00:00:00Z</time>
      </trkpt>
      <trkpt lat="38.57751" lon="-109.35123">
        <ele>0</ele>
        <time>1970-01-01T00:00:00Z</time>
      </trkpt>
      <trkpt lat="38.57755" lon="-109.35124">
        <ele>0</ele>
        <time>1970-01-01T00:00:00Z</time>
      </trkpt>
      <trkpt lat="38.57761" lon="-109.35121">
        <ele>0</ele>
        <time>1970-01-01T00:00:00Z</time>
      </trkpt>
      <trkpt lat="38.57762" lon="-109.35129">
        <ele>0</ele>
        <time>1970-01-01T00:00:00Z</time>
      </trkpt>
      <trkpt lat="38.57772" lon="-109.35138">
        <ele>0</ele>
        <time>1970-01-01T00:00:00Z</time>
      </trkpt>
      <trkpt lat="38.57774" lon="-109.35145">
        <ele>0</ele>
        <time>1970-01-01T00:00:00Z</time>
      </trkpt>
      <trkpt lat="38.57784" lon="-109.3515">
        <ele>0</ele>
        <time>1970-01-01T00:00:00Z</time>
      </trkpt>
      <trkpt lat="38.57789" lon="-109.35162">
        <ele>0</ele>
        <time>1970-01-01T00:00:00Z</time>
      </trkpt>
      <trkpt lat="38.57792" lon="-109.35164">
        <ele>0</ele>
        <time>1970-01-01T00:00:00Z</time>
      </trkpt>
      <trkpt lat="38.578" lon="-109.35166">
        <ele>0</ele>
        <time>1970-01-01T00:00:00Z</time>
      </trkpt>
      <trkpt lat="38.57812" lon="-109.35175">
        <ele>0</ele>
        <time>1970-01-01T00:00:00Z</time>
      </trkpt>
      <trkpt lat="38.57819" lon="-109.35177">
        <ele>0</ele>
        <time>1970-01-01T00:00:00Z</time>
      </trkpt>
      <trkpt lat="38.57825" lon="-109.35187">
        <ele>0</ele>
        <time>1970-01-01T00:00:00Z</time>
      </trkpt>
      <trkpt lat="38.57824" lon="-109.35196">
        <ele>0</ele>
        <time>1970-01-01T00:00:00Z</time>
      </trkpt>
      <trkpt lat="38.57819" lon="-109.35196">
        <ele>0</ele>
        <time>1970-01-01T00:00:00Z</time>
      </trkpt>
      <trkpt lat="38.57818" lon="-109.35222">
        <ele>0</ele>
        <time>1970-01-01T00:00:00Z</time>
      </trkpt>
      <trkpt lat="38.57812" lon="-109.35233">
        <ele>0</ele>
        <time>1970-01-01T00:00:00Z</time>
      </trkpt>
      <trkpt lat="38.57813" lon="-109.35237">
        <ele>0</ele>
        <time>1970-01-01T00:00:00Z</time>
      </trkpt>
      <trkpt lat="38.57817" lon="-109.3524">
        <ele>0</ele>
        <time>1970-01-01T00:00:00Z</time>
      </trkpt>
      <trkpt lat="38.57836" lon="-109.35263">
        <ele>0</ele>
        <time>1970-01-01T00:00:00Z</time>
      </trkpt>
      <trkpt lat="38.57839" lon="-109.35267">
        <ele>0</ele>
        <time>1970-01-01T00:00:00Z</time>
      </trkpt>
      <trkpt lat="38.5784" lon="-109.35272">
        <ele>0</ele>
        <time>1970-01-01T00:00:00Z</time>
      </trkpt>
      <trkpt lat="38.57838" lon="-109.35276">
        <ele>0</ele>
        <time>1970-01-01T00:00:00Z</time>
      </trkpt>
      <trkpt lat="38.57821" lon="-109.35288">
        <ele>0</ele>
        <time>1970-01-01T00:00:00Z</time>
      </trkpt>
      <trkpt lat="38.57818" lon="-109.35292">
        <ele>0</ele>
        <time>1970-01-01T00:00:00Z</time>
      </trkpt>
      <trkpt lat="38.57817" lon="-109.35297">
        <ele>0</ele>
        <time>1970-01-01T00:00:00Z</time>
      </trkpt>
      <trkpt lat="38.57821" lon="-109.35308">
        <ele>0</ele>
        <time>1970-01-01T00:00:00Z</time>
      </trkpt>
      <trkpt lat="38.57812" lon="-109.35335">
        <ele>0</ele>
        <time>1970-01-01T00:00:00Z</time>
      </trkpt>
      <trkpt lat="38.57805" lon="-109.35349">
        <ele>0</ele>
        <time>1970-01-01T00:00:00Z</time>
      </trkpt>
      <trkpt lat="38.57803" lon="-109.3536">
        <ele>0</ele>
        <time>1970-01-01T00:00:00Z</time>
      </trkpt>
      <trkpt lat="38.57803" lon="-109.35365">
        <ele>0</ele>
        <time>1970-01-01T00:00:00Z</time>
      </trkpt>
      <trkpt lat="38.57805" lon="-109.35369">
        <ele>0</ele>
        <time>1970-01-01T00:00:00Z</time>
      </trkpt>
      <trkpt lat="38.5781" lon="-109.35376">
        <ele>0</ele>
        <time>1970-01-01T00:00:00Z</time>
      </trkpt>
      <trkpt lat="38.57817" lon="-109.35392">
        <ele>0</ele>
        <time>1970-01-01T00:00:00Z</time>
      </trkpt>
      <trkpt lat="38.57824" lon="-109.35393">
        <ele>0</ele>
        <time>1970-01-01T00:00:00Z</time>
      </trkpt>
      <trkpt lat="38.57843" lon="-109.35411">
        <ele>0</ele>
        <time>1970-01-01T00:00:00Z</time>
      </trkpt>
      <trkpt lat="38.5786" lon="-109.3541">
        <ele>0</ele>
        <time>1970-01-01T00:00:00Z</time>
      </trkpt>
      <trkpt lat="38.57864" lon="-109.35412">
        <ele>0</ele>
        <time>1970-01-01T00:00:00Z</time>
      </trkpt>
      <trkpt lat="38.57869" lon="-109.3542">
        <ele>0</ele>
        <time>1970-01-01T00:00:00Z</time>
      </trkpt>
      <trkpt lat="38.57864" lon="-109.35429">
        <ele>0</ele>
        <time>1970-01-01T00:00:00Z</time>
      </trkpt>
      <trkpt lat="38.57864" lon="-109.35434">
        <ele>0</ele>
        <time>1970-01-01T00:00:00Z</time>
      </trkpt>
      <trkpt lat="38.57868" lon="-109.35441">
        <ele>0</ele>
        <time>1970-01-01T00:00:00Z</time>
      </trkpt>
      <trkpt lat="38.57873" lon="-109.35443">
        <ele>0</ele>
        <time>1970-01-01T00:00:00Z</time>
      </trkpt>
      <trkpt lat="38.57891" lon="-109.35443">
        <ele>0</ele>
        <time>1970-01-01T00:00:00Z</time>
      </trkpt>
      <trkpt lat="38.57895" lon="-109.35451">
        <ele>0</ele>
        <time>1970-01-01T00:00:00Z</time>
      </trkpt>
      <trkpt lat="38.57901" lon="-109.35451">
        <ele>0</ele>
        <time>1970-01-01T00:00:00Z</time>
      </trkpt>
      <trkpt lat="38.57905" lon="-109.35457">
        <ele>0</ele>
        <time>1970-01-01T00:00:00Z</time>
      </trkpt>
      <trkpt lat="38.5791" lon="-109.35456">
        <ele>0</ele>
        <time>1970-01-01T00:00:00Z</time>
      </trkpt>
      <trkpt lat="38.57913" lon="-109.35461">
        <ele>0</ele>
        <time>1970-01-01T00:00:00Z</time>
      </trkpt>
      <trkpt lat="38.57917" lon="-109.35463">
        <ele>0</ele>
        <time>1970-01-01T00:00:00Z</time>
      </trkpt>
      <trkpt lat="38.57919" lon="-109.35466">
        <ele>0</ele>
        <time>1970-01-01T00:00:00Z</time>
      </trkpt>
      <trkpt lat="38.57919" lon="-109.35473">
        <ele>0</ele>
        <time>1970-01-01T00:00:00Z</time>
      </trkpt>
      <trkpt lat="38.57912" lon="-109.35482">
        <ele>0</ele>
        <time>1970-01-01T00:00:00Z</time>
      </trkpt>
      <trkpt lat="38.5791" lon="-109.3549">
        <ele>0</ele>
        <time>1970-01-01T00:00:00Z</time>
      </trkpt>
      <trkpt lat="38.57917" lon="-109.35511">
        <ele>0</ele>
        <time>1970-01-01T00:00:00Z</time>
      </trkpt>
      <trkpt lat="38.57924" lon="-109.35509">
        <ele>0</ele>
        <time>1970-01-01T00:00:00Z</time>
      </trkpt>
      <trkpt lat="38.57928" lon="-109.35503">
        <ele>0</ele>
        <time>1970-01-01T00:00:00Z</time>
      </trkpt>
      <trkpt lat="38.57933" lon="-109.35507">
        <ele>0</ele>
        <time>1970-01-01T00:00:00Z</time>
      </trkpt>
      <trkpt lat="38.57942" lon="-109.3551">
        <ele>0</ele>
        <time>1970-01-01T00:00:00Z</time>
      </trkpt>
      <trkpt lat="38.57945" lon="-109.35516">
        <ele>0</ele>
        <time>1970-01-01T00:00:00Z</time>
      </trkpt>
      <trkpt lat="38.57951" lon="-109.35518">
        <ele>0</ele>
        <time>1970-01-01T00:00:00Z</time>
      </trkpt>
      <trkpt lat="38.5797" lon="-109.35532">
        <ele>0</ele>
        <time>1970-01-01T00:00:00Z</time>
      </trkpt>
      <trkpt lat="38.57971" lon="-109.35536">
        <ele>0</ele>
        <time>1970-01-01T00:00:00Z</time>
      </trkpt>
      <trkpt lat="38.57971" lon="-109.35544">
        <ele>0</ele>
        <time>1970-01-01T00:00:00Z</time>
      </trkpt>
      <trkpt lat="38.57977" lon="-109.35556">
        <ele>0</ele>
        <time>1970-01-01T00:00:00Z</time>
      </trkpt>
      <trkpt lat="38.57981" lon="-109.35587">
        <ele>0</ele>
        <time>1970-01-01T00:00:00Z</time>
      </trkpt>
      <trkpt lat="38.57984" lon="-109.35591">
        <ele>0</ele>
        <time>1970-01-01T00:00:00Z</time>
      </trkpt>
      <trkpt lat="38.5799" lon="-109.35596">
        <ele>0</ele>
        <time>1970-01-01T00:00:00Z</time>
      </trkpt>
      <trkpt lat="38.58" lon="-109.356">
        <ele>0</ele>
        <time>1970-01-01T00:00:00Z</time>
      </trkpt>
      <trkpt lat="38.58014" lon="-109.35621">
        <ele>0</ele>
        <time>1970-01-01T00:00:00Z</time>
      </trkpt>
      <trkpt lat="38.58017" lon="-109.35623">
        <ele>0</ele>
        <time>1970-01-01T00:00:00Z</time>
      </trkpt>
      <trkpt lat="38.5802" lon="-109.35625">
        <ele>0</ele>
        <time>1970-01-01T00:00:00Z</time>
      </trkpt>
      <trkpt lat="38.58024" lon="-109.35625">
        <ele>0</ele>
        <time>1970-01-01T00:00:00Z</time>
      </trkpt>
      <trkpt lat="38.58029" lon="-109.35622">
        <ele>0</ele>
        <time>1970-01-01T00:00:00Z</time>
      </trkpt>
      <trkpt lat="38.5804" lon="-109.3563">
        <ele>0</ele>
        <time>1970-01-01T00:00:00Z</time>
      </trkpt>
      <trkpt lat="38.58041" lon="-109.35637">
        <ele>0</ele>
        <time>1970-01-01T00:00:00Z</time>
      </trkpt>
      <trkpt lat="38.5804" lon="-109.35653">
        <ele>0</ele>
        <time>1970-01-01T00:00:00Z</time>
      </trkpt>
      <trkpt lat="38.58045" lon="-109.35664">
        <ele>0</ele>
        <time>1970-01-01T00:00:00Z</time>
      </trkpt>
      <trkpt lat="38.58053" lon="-109.35671">
        <ele>0</ele>
        <time>1970-01-01T00:00:00Z</time>
      </trkpt>
      <trkpt lat="38.58055" lon="-109.35682">
        <ele>0</ele>
        <time>1970-01-01T00:00:00Z</time>
      </trkpt>
      <trkpt lat="38.58058" lon="-109.35682">
        <ele>0</ele>
        <time>1970-01-01T00:00:00Z</time>
      </trkpt>
      <trkpt lat="38.58064" lon="-109.35675">
        <ele>0</ele>
        <time>1970-01-01T00:00:00Z</time>
      </trkpt>
      <trkpt lat="38.58067" lon="-109.35674">
        <ele>0</ele>
        <time>1970-01-01T00:00:00Z</time>
      </trkpt>
      <trkpt lat="38.58071" lon="-109.3568">
        <ele>0</ele>
        <time>1970-01-01T00:00:00Z</time>
      </trkpt>
      <trkpt lat="38.58072" lon="-109.35692">
        <ele>0</ele>
        <time>1970-01-01T00:00:00Z</time>
      </trkpt>
      <trkpt lat="38.58084" lon="-109.35702">
        <ele>0</ele>
        <time>1970-01-01T00:00:00Z</time>
      </trkpt>
      <trkpt lat="38.58092" lon="-109.35703">
        <ele>0</ele>
        <time>1970-01-01T00:00:00Z</time>
      </trkpt>
      <trkpt lat="38.58097" lon="-109.3571">
        <ele>0</ele>
        <time>1970-01-01T00:00:00Z</time>
      </trkpt>
      <trkpt lat="38.58097" lon="-109.35716">
        <ele>0</ele>
        <time>1970-01-01T00:00:00Z</time>
      </trkpt>
      <trkpt lat="38.58095" lon="-109.35727">
        <ele>0</ele>
        <time>1970-01-01T00:00:00Z</time>
      </trkpt>
      <trkpt lat="38.58081" lon="-109.35736">
        <ele>0</ele>
        <time>1970-01-01T00:00:00Z</time>
      </trkpt>
      <trkpt lat="38.5808" lon="-109.35745">
        <ele>0</ele>
        <time>1970-01-01T00:00:00Z</time>
      </trkpt>
      <trkpt lat="38.58065" lon="-109.35758">
        <ele>0</ele>
        <time>1970-01-01T00:00:00Z</time>
      </trkpt>
      <trkpt lat="38.58067" lon="-109.35759">
        <ele>0</ele>
        <time>1970-01-01T00:00:00Z</time>
      </trkpt>
      <trkpt lat="38.58066" lon="-109.35764">
        <ele>0</ele>
        <time>1970-01-01T00:00:00Z</time>
      </trkpt>
      <trkpt lat="38.5807" lon="-109.35776">
        <ele>0</ele>
        <time>1970-01-01T00:00:00Z</time>
      </trkpt>
      <trkpt lat="38.58072" lon="-109.35793">
        <ele>0</ele>
        <time>1970-01-01T00:00:00Z</time>
      </trkpt>
      <trkpt lat="38.58073" lon="-109.35796">
        <ele>0</ele>
        <time>1970-01-01T00:00:00Z</time>
      </trkpt>
      <trkpt lat="38.58081" lon="-109.35797">
        <ele>0</ele>
        <time>1970-01-01T00:00:00Z</time>
      </trkpt>
      <trkpt lat="38.58084" lon="-109.35811">
        <ele>0</ele>
        <time>1970-01-01T00:00:00Z</time>
      </trkpt>
      <trkpt lat="38.58099" lon="-109.35828">
        <ele>0</ele>
        <time>1970-01-01T00:00:00Z</time>
      </trkpt>
      <trkpt lat="38.58102" lon="-109.35834">
        <ele>0</ele>
        <time>1970-01-01T00:00:00Z</time>
      </trkpt>
      <trkpt lat="38.58103" lon="-109.35844">
        <ele>0</ele>
        <time>1970-01-01T00:00:00Z</time>
      </trkpt>
      <trkpt lat="38.58099" lon="-109.35848">
        <ele>0</ele>
        <time>1970-01-01T00:00:00Z</time>
      </trkpt>
      <trkpt lat="38.58099" lon="-109.35853">
        <ele>0</ele>
        <time>1970-01-01T00:00:00Z</time>
      </trkpt>
      <trkpt lat="38.58097" lon="-109.35855">
        <ele>0</ele>
        <time>1970-01-01T00:00:00Z</time>
      </trkpt>
      <trkpt lat="38.58093" lon="-109.35854">
        <ele>0</ele>
        <time>1970-01-01T00:00:00Z</time>
      </trkpt>
      <trkpt lat="38.58093" lon="-109.35857">
        <ele>0</ele>
        <time>1970-01-01T00:00:00Z</time>
      </trkpt>
      <trkpt lat="38.58094" lon="-109.35864">
        <ele>0</ele>
        <time>1970-01-01T00:00:00Z</time>
      </trkpt>
      <trkpt lat="38.581" lon="-109.35875">
        <ele>0</ele>
        <time>1970-01-01T00:00:00Z</time>
      </trkpt>
      <trkpt lat="38.58106" lon="-109.35876">
        <ele>0</ele>
        <time>1970-01-01T00:00:00Z</time>
      </trkpt>
      <trkpt lat="38.5811" lon="-109.35885">
        <ele>0</ele>
        <time>1970-01-01T00:00:00Z</time>
      </trkpt>
      <trkpt lat="38.58111" lon="-109.35888">
        <ele>0</ele>
        <time>1970-01-01T00:00:00Z</time>
      </trkpt>
      <trkpt lat="38.58109" lon="-109.3589">
        <ele>0</ele>
        <time>1970-01-01T00:00:00Z</time>
      </trkpt>
      <trkpt lat="38.58104" lon="-109.35891">
        <ele>0</ele>
        <time>1970-01-01T00:00:00Z</time>
      </trkpt>
      <trkpt lat="38.58102" lon="-109.35894">
        <ele>0</ele>
        <time>1970-01-01T00:00:00Z</time>
      </trkpt>
      <trkpt lat="38.58104" lon="-109.35906">
        <ele>0</ele>
        <time>1970-01-01T00:00:00Z</time>
      </trkpt>
      <trkpt lat="38.58096" lon="-109.35917">
        <ele>0</ele>
        <time>1970-01-01T00:00:00Z</time>
      </trkpt>
      <trkpt lat="38.58095" lon="-109.35922">
        <ele>0</ele>
        <time>1970-01-01T00:00:00Z</time>
      </trkpt>
      <trkpt lat="38.58096" lon="-109.35925">
        <ele>0</ele>
        <time>1970-01-01T00:00:00Z</time>
      </trkpt>
      <trkpt lat="38.58095" lon="-109.35931">
        <ele>0</ele>
        <time>1970-01-01T00:00:00Z</time>
      </trkpt>
      <trkpt lat="38.58089" lon="-109.35935">
        <ele>0</ele>
        <time>1970-01-01T00:00:00Z</time>
      </trkpt>
      <trkpt lat="38.58088" lon="-109.35938">
        <ele>0</ele>
        <time>1970-01-01T00:00:00Z</time>
      </trkpt>
      <trkpt lat="38.58088" lon="-109.35944">
        <ele>0</ele>
        <time>1970-01-01T00:00:00Z</time>
      </trkpt>
      <trkpt lat="38.58094" lon="-109.35958">
        <ele>0</ele>
        <time>1970-01-01T00:00:00Z</time>
      </trkpt>
      <trkpt lat="38.58097" lon="-109.35961">
        <ele>0</ele>
        <time>1970-01-01T00:00:00Z</time>
      </trkpt>
      <trkpt lat="38.58108" lon="-109.35966">
        <ele>0</ele>
        <time>1970-01-01T00:00:00Z</time>
      </trkpt>
      <trkpt lat="38.58113" lon="-109.35974">
        <ele>0</ele>
        <time>1970-01-01T00:00:00Z</time>
      </trkpt>
      <trkpt lat="38.58122" lon="-109.35982">
        <ele>0</ele>
        <time>1970-01-01T00:00:00Z</time>
      </trkpt>
      <trkpt lat="38.58125" lon="-109.35992">
        <ele>0</ele>
        <time>1970-01-01T00:00:00Z</time>
      </trkpt>
      <trkpt lat="38.58128" lon="-109.35996">
        <ele>0</ele>
        <time>1970-01-01T00:00:00Z</time>
      </trkpt>
      <trkpt lat="38.58138" lon="-109.36001">
        <ele>0</ele>
        <time>1970-01-01T00:00:00Z</time>
      </trkpt>
      <trkpt lat="38.5815" lon="-109.36018">
        <ele>0</ele>
        <time>1970-01-01T00:00:00Z</time>
      </trkpt>
      <trkpt lat="38.58157" lon="-109.36025">
        <ele>0</ele>
        <time>1970-01-01T00:00:00Z</time>
      </trkpt>
      <trkpt lat="38.5816" lon="-109.36029">
        <ele>0</ele>
        <time>1970-01-01T00:00:00Z</time>
      </trkpt>
      <trkpt lat="38.58168" lon="-109.36029">
        <ele>0</ele>
        <time>1970-01-01T00:00:00Z</time>
      </trkpt>
      <trkpt lat="38.58175" lon="-109.36025">
        <ele>0</ele>
        <time>1970-01-01T00:00:00Z</time>
      </trkpt>
      <trkpt lat="38.58188" lon="-109.36032">
        <ele>0</ele>
        <time>1970-01-01T00:00:00Z</time>
      </trkpt>
      <trkpt lat="38.58196" lon="-109.36039">
        <ele>0</ele>
        <time>1970-01-01T00:00:00Z</time>
      </trkpt>
      <trkpt lat="38.58204" lon="-109.36039">
        <ele>0</ele>
        <time>1970-01-01T00:00:00Z</time>
      </trkpt>
      <trkpt lat="38.58211" lon="-109.36035">
        <ele>0</ele>
        <time>1970-01-01T00:00:00Z</time>
      </trkpt>
      <trkpt lat="38.58215" lon="-109.36036">
        <ele>0</ele>
        <time>1970-01-01T00:00:00Z</time>
      </trkpt>
      <trkpt lat="38.58224" lon="-109.36048">
        <ele>0</ele>
        <time>1970-01-01T00:00:00Z</time>
      </trkpt>
      <trkpt lat="38.58234" lon="-109.36052">
        <ele>0</ele>
        <time>1970-01-01T00:00:00Z</time>
      </trkpt>
      <trkpt lat="38.58244" lon="-109.36062">
        <ele>0</ele>
        <time>1970-01-01T00:00:00Z</time>
      </trkpt>
      <trkpt lat="38.58268" lon="-109.36093">
        <ele>0</ele>
        <time>1970-01-01T00:00:00Z</time>
      </trkpt>
      <trkpt lat="38.58271" lon="-109.36095">
        <ele>0</ele>
        <time>1970-01-01T00:00:00Z</time>
      </trkpt>
      <trkpt lat="38.58274" lon="-109.36094">
        <ele>0</ele>
        <time>1970-01-01T00:00:00Z</time>
      </trkpt>
      <trkpt lat="38.58275" lon="-109.36091">
        <ele>0</ele>
        <time>1970-01-01T00:00:00Z</time>
      </trkpt>
      <trkpt lat="38.58267" lon="-109.36076">
        <ele>0</ele>
        <time>1970-01-01T00:00:00Z</time>
      </trkpt>
      <trkpt lat="38.58267" lon="-109.36073">
        <ele>0</ele>
        <time>1970-01-01T00:00:00Z</time>
      </trkpt>
      <trkpt lat="38.58269" lon="-109.36072">
        <ele>0</ele>
        <time>1970-01-01T00:00:00Z</time>
      </trkpt>
      <trkpt lat="38.58267" lon="-109.36071">
        <ele>0</ele>
        <time>1970-01-01T00:00:00Z</time>
      </trkpt>
      <trkpt lat="38.58265" lon="-109.36072">
        <ele>0</ele>
        <time>1970-01-01T00:00:00Z</time>
      </trkpt>
      <trkpt lat="38.58267" lon="-109.36071">
        <ele>0</ele>
        <time>1970-01-01T00:00:00Z</time>
      </trkpt>
      <trkpt lat="38.58269" lon="-109.36072">
        <ele>0</ele>
        <time>1970-01-01T00:00:00Z</time>
      </trkpt>
      <trkpt lat="38.58267" lon="-109.36071">
        <ele>0</ele>
        <time>1970-01-01T00:00:00Z</time>
      </trkpt>
      <trkpt lat="38.58269" lon="-109.3607">
        <ele>0</ele>
        <time>1970-01-01T00:00:00Z</time>
      </trkpt>
      <trkpt lat="38.58286" lon="-109.36097">
        <ele>0</ele>
        <time>1970-01-01T00:00:00Z</time>
      </trkpt>
      <trkpt lat="38.58291" lon="-109.36098">
        <ele>0</ele>
        <time>1970-01-01T00:00:00Z</time>
      </trkpt>
      <trkpt lat="38.58292" lon="-109.36096">
        <ele>0</ele>
        <time>1970-01-01T00:00:00Z</time>
      </trkpt>
      <trkpt lat="38.58285" lon="-109.36081">
        <ele>0</ele>
        <time>1970-01-01T00:00:00Z</time>
      </trkpt>
      <trkpt lat="38.58283" lon="-109.36073">
        <ele>0</ele>
        <time>1970-01-01T00:00:00Z</time>
      </trkpt>
      <trkpt lat="38.58285" lon="-109.36066">
        <ele>0</ele>
        <time>1970-01-01T00:00:00Z</time>
      </trkpt>
      <trkpt lat="38.58284" lon="-109.36062">
        <ele>0</ele>
        <time>1970-01-01T00:00:00Z</time>
      </trkpt>
      <trkpt lat="38.5829" lon="-109.36057">
        <ele>0</ele>
        <time>1970-01-01T00:00:00Z</time>
      </trkpt>
      <trkpt lat="38.58286" lon="-109.36043">
        <ele>0</ele>
        <time>1970-01-01T00:00:00Z</time>
      </trkpt>
      <trkpt lat="38.58288" lon="-109.36042">
        <ele>0</ele>
        <time>1970-01-01T00:00:00Z</time>
      </trkpt>
      <trkpt lat="38.58292" lon="-109.36043">
        <ele>0</ele>
        <time>1970-01-01T00:00:00Z</time>
      </trkpt>
      <trkpt lat="38.583" lon="-109.36049">
        <ele>0</ele>
        <time>1970-01-01T00:00:00Z</time>
      </trkpt>
      <trkpt lat="38.58309" lon="-109.3605">
        <ele>0</ele>
        <time>1970-01-01T00:00:00Z</time>
      </trkpt>
      <trkpt lat="38.58314" lon="-109.36048">
        <ele>0</ele>
        <time>1970-01-01T00:00:00Z</time>
      </trkpt>
      <trkpt lat="38.58323" lon="-109.36037">
        <ele>0</ele>
        <time>1970-01-01T00:00:00Z</time>
      </trkpt>
      <trkpt lat="38.58329" lon="-109.36036">
        <ele>0</ele>
        <time>1970-01-01T00:00:00Z</time>
      </trkpt>
      <trkpt lat="38.58332" lon="-109.36037">
        <ele>0</ele>
        <time>1970-01-01T00:00:00Z</time>
      </trkpt>
      <trkpt lat="38.58338" lon="-109.36043">
        <ele>0</ele>
        <time>1970-01-01T00:00:00Z</time>
      </trkpt>
      <trkpt lat="38.5834" lon="-109.3605">
        <ele>0</ele>
        <time>1970-01-01T00:00:00Z</time>
      </trkpt>
      <trkpt lat="38.58338" lon="-109.36058">
        <ele>0</ele>
        <time>1970-01-01T00:00:00Z</time>
      </trkpt>
      <trkpt lat="38.58334" lon="-109.36061">
        <ele>0</ele>
        <time>1970-01-01T00:00:00Z</time>
      </trkpt>
      <trkpt lat="38.58336" lon="-109.36074">
        <ele>0</ele>
        <time>1970-01-01T00:00:00Z</time>
      </trkpt>
      <trkpt lat="38.58339" lon="-109.36077">
        <ele>0</ele>
        <time>1970-01-01T00:00:00Z</time>
      </trkpt>
      <trkpt lat="38.58357" lon="-109.36085">
        <ele>0</ele>
        <time>1970-01-01T00:00:00Z</time>
      </trkpt>
      <trkpt lat="38.58376" lon="-109.36056">
        <ele>0</ele>
        <time>1970-01-01T00:00:00Z</time>
      </trkpt>
      <trkpt lat="38.58384" lon="-109.36053">
        <ele>0</ele>
        <time>1970-01-01T00:00:00Z</time>
      </trkpt>
      <trkpt lat="38.58394" lon="-109.36054">
        <ele>0</ele>
        <time>1970-01-01T00:00:00Z</time>
      </trkpt>
      <trkpt lat="38.58401" lon="-109.36067">
        <ele>0</ele>
        <time>1970-01-01T00:00:00Z</time>
      </trkpt>
      <trkpt lat="38.58407" lon="-109.36068">
        <ele>0</ele>
        <time>1970-01-01T00:00:00Z</time>
      </trkpt>
      <trkpt lat="38.5841" lon="-109.3607">
        <ele>0</ele>
        <time>1970-01-01T00:00:00Z</time>
      </trkpt>
      <trkpt lat="38.58417" lon="-109.36085">
        <ele>0</ele>
        <time>1970-01-01T00:00:00Z</time>
      </trkpt>
      <trkpt lat="38.58431" lon="-109.36107">
        <ele>0</ele>
        <time>1970-01-01T00:00:00Z</time>
      </trkpt>
      <trkpt lat="38.58435" lon="-109.36109">
        <ele>0</ele>
        <time>1970-01-01T00:00:00Z</time>
      </trkpt>
      <trkpt lat="38.58442" lon="-109.3611">
        <ele>0</ele>
        <time>1970-01-01T00:00:00Z</time>
      </trkpt>
      <trkpt lat="38.58447" lon="-109.36117">
        <ele>0</ele>
        <time>1970-01-01T00:00:00Z</time>
      </trkpt>
      <trkpt lat="38.5845" lon="-109.36126">
        <ele>0</ele>
        <time>1970-01-01T00:00:00Z</time>
      </trkpt>
      <trkpt lat="38.58454" lon="-109.36132">
        <ele>0</ele>
        <time>1970-01-01T00:00:00Z</time>
      </trkpt>
      <trkpt lat="38.58455" lon="-109.36139">
        <ele>0</ele>
        <time>1970-01-01T00:00:00Z</time>
      </trkpt>
      <trkpt lat="38.58457" lon="-109.36142">
        <ele>0</ele>
        <time>1970-01-01T00:00:00Z</time>
      </trkpt>
      <trkpt lat="38.58463" lon="-109.36143">
        <ele>0</ele>
        <time>1970-01-01T00:00:00Z</time>
      </trkpt>
      <trkpt lat="38.58469" lon="-109.36149">
        <ele>0</ele>
        <time>1970-01-01T00:00:00Z</time>
      </trkpt>
      <trkpt lat="38.5847" lon="-109.3616">
        <ele>0</ele>
        <time>1970-01-01T00:00:00Z</time>
      </trkpt>
      <trkpt lat="38.58472" lon="-109.36164">
        <ele>0</ele>
        <time>1970-01-01T00:00:00Z</time>
      </trkpt>
      <trkpt lat="38.5848" lon="-109.36163">
        <ele>0</ele>
        <time>1970-01-01T00:00:00Z</time>
      </trkpt>
      <trkpt lat="38.58483" lon="-109.36172">
        <ele>0</ele>
        <time>1970-01-01T00:00:00Z</time>
      </trkpt>
      <trkpt lat="38.58494" lon="-109.36182">
        <ele>0</ele>
        <time>1970-01-01T00:00:00Z</time>
      </trkpt>
      <trkpt lat="38.585" lon="-109.36195">
        <ele>0</ele>
        <time>1970-01-01T00:00:00Z</time>
      </trkpt>
      <trkpt lat="38.58508" lon="-109.36207">
        <ele>0</ele>
        <time>1970-01-01T00:00:00Z</time>
      </trkpt>
      <trkpt lat="38.58522" lon="-109.36211">
        <ele>0</ele>
        <time>1970-01-01T00:00:00Z</time>
      </trkpt>
      <trkpt lat="38.58526" lon="-109.36221">
        <ele>0</ele>
        <time>1970-01-01T00:00:00Z</time>
      </trkpt>
      <trkpt lat="38.58528" lon="-109.36223">
        <ele>0</ele>
        <time>1970-01-01T00:00:00Z</time>
      </trkpt>
      <trkpt lat="38.58546" lon="-109.36226">
        <ele>0</ele>
        <time>1970-01-01T00:00:00Z</time>
      </trkpt>
      <trkpt lat="38.58555" lon="-109.36232">
        <ele>0</ele>
        <time>1970-01-01T00:00:00Z</time>
      </trkpt>
      <trkpt lat="38.58562" lon="-109.3624">
        <ele>0</ele>
        <time>1970-01-01T00:00:00Z</time>
      </trkpt>
      <trkpt lat="38.58563" lon="-109.36253">
        <ele>0</ele>
        <time>1970-01-01T00:00:00Z</time>
      </trkpt>
      <trkpt lat="38.58579" lon="-109.36268">
        <ele>0</ele>
        <time>1970-01-01T00:00:00Z</time>
      </trkpt>
      <trkpt lat="38.58584" lon="-109.36278">
        <ele>0</ele>
        <time>1970-01-01T00:00:00Z</time>
      </trkpt>
      <trkpt lat="38.58587" lon="-109.3629">
        <ele>0</ele>
        <time>1970-01-01T00:00:00Z</time>
      </trkpt>
      <trkpt lat="38.58589" lon="-109.36294">
        <ele>0</ele>
        <time>1970-01-01T00:00:00Z</time>
      </trkpt>
      <trkpt lat="38.58598" lon="-109.36294">
        <ele>0</ele>
        <time>1970-01-01T00:00:00Z</time>
      </trkpt>
      <trkpt lat="38.58602" lon="-109.36297">
        <ele>0</ele>
        <time>1970-01-01T00:00:00Z</time>
      </trkpt>
      <trkpt lat="38.58609" lon="-109.36307">
        <ele>0</ele>
        <time>1970-01-01T00:00:00Z</time>
      </trkpt>
      <trkpt lat="38.58612" lon="-109.36317">
        <ele>0</ele>
        <time>1970-01-01T00:00:00Z</time>
      </trkpt>
      <trkpt lat="38.58614" lon="-109.36319">
        <ele>0</ele>
        <time>1970-01-01T00:00:00Z</time>
      </trkpt>
      <trkpt lat="38.58619" lon="-109.3632">
        <ele>0</ele>
        <time>1970-01-01T00:00:00Z</time>
      </trkpt>
      <trkpt lat="38.58627" lon="-109.36331">
        <ele>0</ele>
        <time>1970-01-01T00:00:00Z</time>
      </trkpt>
      <trkpt lat="38.5863" lon="-109.36342">
        <ele>0</ele>
        <time>1970-01-01T00:00:00Z</time>
      </trkpt>
      <trkpt lat="38.58637" lon="-109.36348">
        <ele>0</ele>
        <time>1970-01-01T00:00:00Z</time>
      </trkpt>
      <trkpt lat="38.58637" lon="-109.36354">
        <ele>0</ele>
        <time>1970-01-01T00:00:00Z</time>
      </trkpt>
      <trkpt lat="38.58642" lon="-109.3637">
        <ele>0</ele>
        <time>1970-01-01T00:00:00Z</time>
      </trkpt>
      <trkpt lat="38.58646" lon="-109.36374">
        <ele>0</ele>
        <time>1970-01-01T00:00:00Z</time>
      </trkpt>
      <trkpt lat="38.58649" lon="-109.36375">
        <ele>0</ele>
        <time>1970-01-01T00:00:00Z</time>
      </trkpt>
      <trkpt lat="38.58657" lon="-109.3639">
        <ele>0</ele>
        <time>1970-01-01T00:00:00Z</time>
      </trkpt>
      <trkpt lat="38.58658" lon="-109.36395">
        <ele>0</ele>
        <time>1970-01-01T00:00:00Z</time>
      </trkpt>
      <trkpt lat="38.58654" lon="-109.36403">
        <ele>0</ele>
        <time>1970-01-01T00:00:00Z</time>
      </trkpt>
      <trkpt lat="38.58655" lon="-109.36409">
        <ele>0</ele>
        <time>1970-01-01T00:00:00Z</time>
      </trkpt>
      <trkpt lat="38.58663" lon="-109.36409">
        <ele>0</ele>
        <time>1970-01-01T00:00:00Z</time>
      </trkpt>
      <trkpt lat="38.58667" lon="-109.36413">
        <ele>0</ele>
        <time>1970-01-01T00:00:00Z</time>
      </trkpt>
      <trkpt lat="38.5867" lon="-109.36418">
        <ele>0</ele>
        <time>1970-01-01T00:00:00Z</time>
      </trkpt>
      <trkpt lat="38.58671" lon="-109.36426">
        <ele>0</ele>
        <time>1970-01-01T00:00:00Z</time>
      </trkpt>
      <trkpt lat="38.58674" lon="-109.3643">
        <ele>0</ele>
        <time>1970-01-01T00:00:00Z</time>
      </trkpt>
      <trkpt lat="38.5867" lon="-109.36437">
        <ele>0</ele>
        <time>1970-01-01T00:00:00Z</time>
      </trkpt>
      <trkpt lat="38.58658" lon="-109.36448">
        <ele>0</ele>
        <time>1970-01-01T00:00:00Z</time>
      </trkpt>
      <trkpt lat="38.58647" lon="-109.3647">
        <ele>0</ele>
        <time>1970-01-01T00:00:00Z</time>
      </trkpt>
      <trkpt lat="38.58645" lon="-109.36472">
        <ele>0</ele>
        <time>1970-01-01T00:00:00Z</time>
      </trkpt>
      <trkpt lat="38.58645" lon="-109.36475">
        <ele>0</ele>
        <time>1970-01-01T00:00:00Z</time>
      </trkpt>
      <trkpt lat="38.5865" lon="-109.36485">
        <ele>0</ele>
        <time>1970-01-01T00:00:00Z</time>
      </trkpt>
      <trkpt lat="38.58648" lon="-109.36485">
        <ele>0</ele>
        <time>1970-01-01T00:00:00Z</time>
      </trkpt>
      <trkpt lat="38.5865" lon="-109.36485">
        <ele>0</ele>
        <time>1970-01-01T00:00:00Z</time>
      </trkpt>
      <trkpt lat="38.58651" lon="-109.36487">
        <ele>0</ele>
        <time>1970-01-01T00:00:00Z</time>
      </trkpt>
      <trkpt lat="38.58655" lon="-109.36504">
        <ele>0</ele>
        <time>1970-01-01T00:00:00Z</time>
      </trkpt>
      <trkpt lat="38.58654" lon="-109.36515">
        <ele>0</ele>
        <time>1970-01-01T00:00:00Z</time>
      </trkpt>
      <trkpt lat="38.58658" lon="-109.36539">
        <ele>0</ele>
        <time>1970-01-01T00:00:00Z</time>
      </trkpt>
      <trkpt lat="38.58661" lon="-109.36544">
        <ele>0</ele>
        <time>1970-01-01T00:00:00Z</time>
      </trkpt>
      <trkpt lat="38.58668" lon="-109.3655">
        <ele>0</ele>
        <time>1970-01-01T00:00:00Z</time>
      </trkpt>
      <trkpt lat="38.58682" lon="-109.36566">
        <ele>0</ele>
        <time>1970-01-01T00:00:00Z</time>
      </trkpt>
      <trkpt lat="38.5869" lon="-109.36569">
        <ele>0</ele>
        <time>1970-01-01T00:00:00Z</time>
      </trkpt>
      <trkpt lat="38.58703" lon="-109.3658">
        <ele>0</ele>
        <time>1970-01-01T00:00:00Z</time>
      </trkpt>
      <trkpt lat="38.5872" lon="-109.36581">
        <ele>0</ele>
        <time>1970-01-01T00:00:00Z</time>
      </trkpt>
      <trkpt lat="38.5873" lon="-109.36596">
        <ele>0</ele>
        <time>1970-01-01T00:00:00Z</time>
      </trkpt>
      <trkpt lat="38.58737" lon="-109.366">
        <ele>0</ele>
        <time>1970-01-01T00:00:00Z</time>
      </trkpt>
      <trkpt lat="38.58744" lon="-109.36612">
        <ele>0</ele>
        <time>1970-01-01T00:00:00Z</time>
      </trkpt>
      <trkpt lat="38.5875" lon="-109.36628">
        <ele>0</ele>
        <time>1970-01-01T00:00:00Z</time>
      </trkpt>
      <trkpt lat="38.58748" lon="-109.36631">
        <ele>0</ele>
        <time>1970-01-01T00:00:00Z</time>
      </trkpt>
      <trkpt lat="38.58739" lon="-109.36629">
        <ele>0</ele>
        <time>1970-01-01T00:00:00Z</time>
      </trkpt>
      <trkpt lat="38.58738" lon="-109.36633">
        <ele>0</ele>
        <time>1970-01-01T00:00:00Z</time>
      </trkpt>
      <trkpt lat="38.58741" lon="-109.36643">
        <ele>0</ele>
        <time>1970-01-01T00:00:00Z</time>
      </trkpt>
      <trkpt lat="38.58745" lon="-109.36647">
        <ele>0</ele>
        <time>1970-01-01T00:00:00Z</time>
      </trkpt>
      <trkpt lat="38.58751" lon="-109.36648">
        <ele>0</ele>
        <time>1970-01-01T00:00:00Z</time>
      </trkpt>
      <trkpt lat="38.58755" lon="-109.36651">
        <ele>0</ele>
        <time>1970-01-01T00:00:00Z</time>
      </trkpt>
      <trkpt lat="38.58758" lon="-109.36662">
        <ele>0</ele>
        <time>1970-01-01T00:00:00Z</time>
      </trkpt>
      <trkpt lat="38.58762" lon="-109.36669">
        <ele>0</ele>
        <time>1970-01-01T00:00:00Z</time>
      </trkpt>
      <trkpt lat="38.58765" lon="-109.36682">
        <ele>0</ele>
        <time>1970-01-01T00:00:00Z</time>
      </trkpt>
      <trkpt lat="38.58769" lon="-109.36688">
        <ele>0</ele>
        <time>1970-01-01T00:00:00Z</time>
      </trkpt>
      <trkpt lat="38.58768" lon="-109.36698">
        <ele>0</ele>
        <time>1970-01-01T00:00:00Z</time>
      </trkpt>
      <trkpt lat="38.58769" lon="-109.36702">
        <ele>0</ele>
        <time>1970-01-01T00:00:00Z</time>
      </trkpt>
      <trkpt lat="38.58772" lon="-109.36706">
        <ele>0</ele>
        <time>1970-01-01T00:00:00Z</time>
      </trkpt>
      <trkpt lat="38.58784" lon="-109.36718">
        <ele>0</ele>
        <time>1970-01-01T00:00:00Z</time>
      </trkpt>
      <trkpt lat="38.58788" lon="-109.36725">
        <ele>0</ele>
        <time>1970-01-01T00:00:00Z</time>
      </trkpt>
      <trkpt lat="38.58794" lon="-109.36742">
        <ele>0</ele>
        <time>1970-01-01T00:00:00Z</time>
      </trkpt>
      <trkpt lat="38.58793" lon="-109.36753">
        <ele>0</ele>
        <time>1970-01-01T00:00:00Z</time>
      </trkpt>
      <trkpt lat="38.588" lon="-109.36755">
        <ele>0</ele>
        <time>1970-01-01T00:00:00Z</time>
      </trkpt>
      <trkpt lat="38.58815" lon="-109.36753">
        <ele>0</ele>
        <time>1970-01-01T00:00:00Z</time>
      </trkpt>
      <trkpt lat="38.58818" lon="-109.36754">
        <ele>0</ele>
        <time>1970-01-01T00:00:00Z</time>
      </trkpt>
      <trkpt lat="38.58821" lon="-109.36763">
        <ele>0</ele>
        <time>1970-01-01T00:00:00Z</time>
      </trkpt>
      <trkpt lat="38.58819" lon="-109.3677">
        <ele>0</ele>
        <time>1970-01-01T00:00:00Z</time>
      </trkpt>
      <trkpt lat="38.5882" lon="-109.36772">
        <ele>0</ele>
        <time>1970-01-01T00:00:00Z</time>
      </trkpt>
      <trkpt lat="38.58822" lon="-109.36773">
        <ele>0</ele>
        <time>1970-01-01T00:00:00Z</time>
      </trkpt>
      <trkpt lat="38.58827" lon="-109.36782">
        <ele>0</ele>
        <time>1970-01-01T00:00:00Z</time>
      </trkpt>
      <trkpt lat="38.58836" lon="-109.36786">
        <ele>0</ele>
        <time>1970-01-01T00:00:00Z</time>
      </trkpt>
      <trkpt lat="38.58838" lon="-109.36791">
        <ele>0</ele>
        <time>1970-01-01T00:00:00Z</time>
      </trkpt>
      <trkpt lat="38.58837" lon="-109.36797">
        <ele>0</ele>
        <time>1970-01-01T00:00:00Z</time>
      </trkpt>
      <trkpt lat="38.58835" lon="-109.36802">
        <ele>0</ele>
        <time>1970-01-01T00:00:00Z</time>
      </trkpt>
      <trkpt lat="38.58833" lon="-109.36811">
        <ele>0</ele>
        <time>1970-01-01T00:00:00Z</time>
      </trkpt>
      <trkpt lat="38.58835" lon="-109.36822">
        <ele>0</ele>
        <time>1970-01-01T00:00:00Z</time>
      </trkpt>
      <trkpt lat="38.58831" lon="-109.36832">
        <ele>0</ele>
        <time>1970-01-01T00:00:00Z</time>
      </trkpt>
      <trkpt lat="38.58831" lon="-109.36838">
        <ele>0</ele>
        <time>1970-01-01T00:00:00Z</time>
      </trkpt>
      <trkpt lat="38.5884" lon="-109.36847">
        <ele>0</ele>
        <time>1970-01-01T00:00:00Z</time>
      </trkpt>
      <trkpt lat="38.58838" lon="-109.36859">
        <ele>0</ele>
        <time>1970-01-01T00:00:00Z</time>
      </trkpt>
      <trkpt lat="38.58848" lon="-109.3687">
        <ele>0</ele>
        <time>1970-01-01T00:00:00Z</time>
      </trkpt>
      <trkpt lat="38.58851" lon="-109.36883">
        <ele>0</ele>
        <time>1970-01-01T00:00:00Z</time>
      </trkpt>
      <trkpt lat="38.58856" lon="-109.36883">
        <ele>0</ele>
        <time>1970-01-01T00:00:00Z</time>
      </trkpt>
      <trkpt lat="38.58867" lon="-109.36901">
        <ele>0</ele>
        <time>1970-01-01T00:00:00Z</time>
      </trkpt>
      <trkpt lat="38.58881" lon="-109.36909">
        <ele>0</ele>
        <time>1970-01-01T00:00:00Z</time>
      </trkpt>
      <trkpt lat="38.58891" lon="-109.36913">
        <ele>0</ele>
        <time>1970-01-01T00:00:00Z</time>
      </trkpt>
      <trkpt lat="38.58894" lon="-109.36925">
        <ele>0</ele>
        <time>1970-01-01T00:00:00Z</time>
      </trkpt>
      <trkpt lat="38.58911" lon="-109.36952">
        <ele>0</ele>
        <time>1970-01-01T00:00:00Z</time>
      </trkpt>
      <trkpt lat="38.58914" lon="-109.3696">
        <ele>0</ele>
        <time>1970-01-01T00:00:00Z</time>
      </trkpt>
      <trkpt lat="38.58918" lon="-109.36979">
        <ele>0</ele>
        <time>1970-01-01T00:00:00Z</time>
      </trkpt>
      <trkpt lat="38.58916" lon="-109.36985">
        <ele>0</ele>
        <time>1970-01-01T00:00:00Z</time>
      </trkpt>
      <trkpt lat="38.58917" lon="-109.36989">
        <ele>0</ele>
        <time>1970-01-01T00:00:00Z</time>
      </trkpt>
      <trkpt lat="38.58923" lon="-109.36994">
        <ele>0</ele>
        <time>1970-01-01T00:00:00Z</time>
      </trkpt>
      <trkpt lat="38.58928" lon="-109.36993">
        <ele>0</ele>
        <time>1970-01-01T00:00:00Z</time>
      </trkpt>
      <trkpt lat="38.58929" lon="-109.36994">
        <ele>0</ele>
        <time>1970-01-01T00:00:00Z</time>
      </trkpt>
      <trkpt lat="38.5894" lon="-109.37008">
        <ele>0</ele>
        <time>1970-01-01T00:00:00Z</time>
      </trkpt>
      <trkpt lat="38.58941" lon="-109.3702">
        <ele>0</ele>
        <time>1970-01-01T00:00:00Z</time>
      </trkpt>
      <trkpt lat="38.58945" lon="-109.37029">
        <ele>0</ele>
        <time>1970-01-01T00:00:00Z</time>
      </trkpt>
      <trkpt lat="38.58948" lon="-109.37029">
        <ele>0</ele>
        <time>1970-01-01T00:00:00Z</time>
      </trkpt>
      <trkpt lat="38.58952" lon="-109.37033">
        <ele>0</ele>
        <time>1970-01-01T00:00:00Z</time>
      </trkpt>
      <trkpt lat="38.58955" lon="-109.37045">
        <ele>0</ele>
        <time>1970-01-01T00:00:00Z</time>
      </trkpt>
      <trkpt lat="38.58962" lon="-109.37049">
        <ele>0</ele>
        <time>1970-01-01T00:00:00Z</time>
      </trkpt>
      <trkpt lat="38.58968" lon="-109.37061">
        <ele>0</ele>
        <time>1970-01-01T00:00:00Z</time>
      </trkpt>
      <trkpt lat="38.58974" lon="-109.37068">
        <ele>0</ele>
        <time>1970-01-01T00:00:00Z</time>
      </trkpt>
      <trkpt lat="38.58973" lon="-109.37072">
        <ele>0</ele>
        <time>1970-01-01T00:00:00Z</time>
      </trkpt>
      <trkpt lat="38.58965" lon="-109.37086">
        <ele>0</ele>
        <time>1970-01-01T00:00:00Z</time>
      </trkpt>
      <trkpt lat="38.58965" lon="-109.37089">
        <ele>0</ele>
        <time>1970-01-01T00:00:00Z</time>
      </trkpt>
      <trkpt lat="38.58971" lon="-109.37093">
        <ele>0</ele>
        <time>1970-01-01T00:00:00Z</time>
      </trkpt>
      <trkpt lat="38.58979" lon="-109.37104">
        <ele>0</ele>
        <time>1970-01-01T00:00:00Z</time>
      </trkpt>
      <trkpt lat="38.5898" lon="-109.37108">
        <ele>0</ele>
        <time>1970-01-01T00:00:00Z</time>
      </trkpt>
      <trkpt lat="38.58978" lon="-109.37118">
        <ele>0</ele>
        <time>1970-01-01T00:00:00Z</time>
      </trkpt>
      <trkpt lat="38.58983" lon="-109.37122">
        <ele>0</ele>
        <time>1970-01-01T00:00:00Z</time>
      </trkpt>
      <trkpt lat="38.58984" lon="-109.37125">
        <ele>0</ele>
        <time>1970-01-01T00:00:00Z</time>
      </trkpt>
      <trkpt lat="38.58983" lon="-109.37144">
        <ele>0</ele>
        <time>1970-01-01T00:00:00Z</time>
      </trkpt>
      <trkpt lat="38.58987" lon="-109.37156">
        <ele>0</ele>
        <time>1970-01-01T00:00:00Z</time>
      </trkpt>
      <trkpt lat="38.58983" lon="-109.37172">
        <ele>0</ele>
        <time>1970-01-01T00:00:00Z</time>
      </trkpt>
      <trkpt lat="38.58985" lon="-109.37173">
        <ele>0</ele>
        <time>1970-01-01T00:00:00Z</time>
      </trkpt>
      <trkpt lat="38.58991" lon="-109.3717">
        <ele>0</ele>
        <time>1970-01-01T00:00:00Z</time>
      </trkpt>
      <trkpt lat="38.59001" lon="-109.37173">
        <ele>0</ele>
        <time>1970-01-01T00:00:00Z</time>
      </trkpt>
      <trkpt lat="38.59003" lon="-109.37176">
        <ele>0</ele>
        <time>1970-01-01T00:00:00Z</time>
      </trkpt>
      <trkpt lat="38.59005" lon="-109.37183">
        <ele>0</ele>
        <time>1970-01-01T00:00:00Z</time>
      </trkpt>
      <trkpt lat="38.59012" lon="-109.37186">
        <ele>0</ele>
        <time>1970-01-01T00:00:00Z</time>
      </trkpt>
      <trkpt lat="38.59016" lon="-109.37193">
        <ele>0</ele>
        <time>1970-01-01T00:00:00Z</time>
      </trkpt>
      <trkpt lat="38.5903" lon="-109.37202">
        <ele>0</ele>
        <time>1970-01-01T00:00:00Z</time>
      </trkpt>
      <trkpt lat="38.59037" lon="-109.372">
        <ele>0</ele>
        <time>1970-01-01T00:00:00Z</time>
      </trkpt>
      <trkpt lat="38.59041" lon="-109.37202">
        <ele>0</ele>
        <time>1970-01-01T00:00:00Z</time>
      </trkpt>
      <trkpt lat="38.59044" lon="-109.37206">
        <ele>0</ele>
        <time>1970-01-01T00:00:00Z</time>
      </trkpt>
      <trkpt lat="38.59053" lon="-109.3723">
        <ele>0</ele>
        <time>1970-01-01T00:00:00Z</time>
      </trkpt>
      <trkpt lat="38.59056" lon="-109.37233">
        <ele>0</ele>
        <time>1970-01-01T00:00:00Z</time>
      </trkpt>
      <trkpt lat="38.59063" lon="-109.3724">
        <ele>0</ele>
        <time>1970-01-01T00:00:00Z</time>
      </trkpt>
      <trkpt lat="38.59072" lon="-109.37243">
        <ele>0</ele>
        <time>1970-01-01T00:00:00Z</time>
      </trkpt>
      <trkpt lat="38.59082" lon="-109.37254">
        <ele>0</ele>
        <time>1970-01-01T00:00:00Z</time>
      </trkpt>
      <trkpt lat="38.59092" lon="-109.37257">
        <ele>0</ele>
        <time>1970-01-01T00:00:00Z</time>
      </trkpt>
      <trkpt lat="38.59098" lon="-109.37266">
        <ele>0</ele>
        <time>1970-01-01T00:00:00Z</time>
      </trkpt>
      <trkpt lat="38.59106" lon="-109.37271">
        <ele>0</ele>
        <time>1970-01-01T00:00:00Z</time>
      </trkpt>
      <trkpt lat="38.59125" lon="-109.37299">
        <ele>0</ele>
        <time>1970-01-01T00:00:00Z</time>
      </trkpt>
      <trkpt lat="38.59135" lon="-109.37305">
        <ele>0</ele>
        <time>1970-01-01T00:00:00Z</time>
      </trkpt>
      <trkpt lat="38.59138" lon="-109.37316">
        <ele>0</ele>
        <time>1970-01-01T00:00:00Z</time>
      </trkpt>
      <trkpt lat="38.5914" lon="-109.37317">
        <ele>0</ele>
        <time>1970-01-01T00:00:00Z</time>
      </trkpt>
      <trkpt lat="38.5914" lon="-109.37328">
        <ele>0</ele>
        <time>1970-01-01T00:00:00Z</time>
      </trkpt>
      <trkpt lat="38.59144" lon="-109.37333">
        <ele>0</ele>
        <time>1970-01-01T00:00:00Z</time>
      </trkpt>
      <trkpt lat="38.59149" lon="-109.37336">
        <ele>0</ele>
        <time>1970-01-01T00:00:00Z</time>
      </trkpt>
      <trkpt lat="38.59153" lon="-109.37344">
        <ele>0</ele>
        <time>1970-01-01T00:00:00Z</time>
      </trkpt>
      <trkpt lat="38.59163" lon="-109.37355">
        <ele>0</ele>
        <time>1970-01-01T00:00:00Z</time>
      </trkpt>
      <trkpt lat="38.59169" lon="-109.37378">
        <ele>0</ele>
        <time>1970-01-01T00:00:00Z</time>
      </trkpt>
      <trkpt lat="38.59182" lon="-109.37391">
        <ele>0</ele>
        <time>1970-01-01T00:00:00Z</time>
      </trkpt>
      <trkpt lat="38.59192" lon="-109.37395">
        <ele>0</ele>
        <time>1970-01-01T00:00:00Z</time>
      </trkpt>
      <trkpt lat="38.59203" lon="-109.3741">
        <ele>0</ele>
        <time>1970-01-01T00:00:00Z</time>
      </trkpt>
      <trkpt lat="38.59208" lon="-109.37412">
        <ele>0</ele>
        <time>1970-01-01T00:00:00Z</time>
      </trkpt>
      <trkpt lat="38.59212" lon="-109.3741">
        <ele>0</ele>
        <time>1970-01-01T00:00:00Z</time>
      </trkpt>
      <trkpt lat="38.59226" lon="-109.37412">
        <ele>0</ele>
        <time>1970-01-01T00:00:00Z</time>
      </trkpt>
      <trkpt lat="38.59231" lon="-109.37421">
        <ele>0</ele>
        <time>1970-01-01T00:00:00Z</time>
      </trkpt>
      <trkpt lat="38.59236" lon="-109.37424">
        <ele>0</ele>
        <time>1970-01-01T00:00:00Z</time>
      </trkpt>
      <trkpt lat="38.59242" lon="-109.37434">
        <ele>0</ele>
        <time>1970-01-01T00:00:00Z</time>
      </trkpt>
      <trkpt lat="38.59242" lon="-109.37443">
        <ele>0</ele>
        <time>1970-01-01T00:00:00Z</time>
      </trkpt>
      <trkpt lat="38.59246" lon="-109.37453">
        <ele>0</ele>
        <time>1970-01-01T00:00:00Z</time>
      </trkpt>
      <trkpt lat="38.59248" lon="-109.37457">
        <ele>0</ele>
        <time>1970-01-01T00:00:00Z</time>
      </trkpt>
      <trkpt lat="38.59252" lon="-109.37459">
        <ele>0</ele>
        <time>1970-01-01T00:00:00Z</time>
      </trkpt>
      <trkpt lat="38.59258" lon="-109.37459">
        <ele>0</ele>
        <time>1970-01-01T00:00:00Z</time>
      </trkpt>
      <trkpt lat="38.59259" lon="-109.37461">
        <ele>0</ele>
        <time>1970-01-01T00:00:00Z</time>
      </trkpt>
      <trkpt lat="38.5926" lon="-109.37475">
        <ele>0</ele>
        <time>1970-01-01T00:00:00Z</time>
      </trkpt>
      <trkpt lat="38.59262" lon="-109.37479">
        <ele>0</ele>
        <time>1970-01-01T00:00:00Z</time>
      </trkpt>
      <trkpt lat="38.59289" lon="-109.37511">
        <ele>0</ele>
        <time>1970-01-01T00:00:00Z</time>
      </trkpt>
      <trkpt lat="38.59295" lon="-109.37522">
        <ele>0</ele>
        <time>1970-01-01T00:00:00Z</time>
      </trkpt>
      <trkpt lat="38.59299" lon="-109.37525">
        <ele>0</ele>
        <time>1970-01-01T00:00:00Z</time>
      </trkpt>
      <trkpt lat="38.59305" lon="-109.37534">
        <ele>0</ele>
        <time>1970-01-01T00:00:00Z</time>
      </trkpt>
      <trkpt lat="38.5932" lon="-109.37545">
        <ele>0</ele>
        <time>1970-01-01T00:00:00Z</time>
      </trkpt>
      <trkpt lat="38.59322" lon="-109.37563">
        <ele>0</ele>
        <time>1970-01-01T00:00:00Z</time>
      </trkpt>
      <trkpt lat="38.59329" lon="-109.37575">
        <ele>0</ele>
        <time>1970-01-01T00:00:00Z</time>
      </trkpt>
      <trkpt lat="38.59328" lon="-109.37582">
        <ele>0</ele>
        <time>1970-01-01T00:00:00Z</time>
      </trkpt>
      <trkpt lat="38.59329" lon="-109.37586">
        <ele>0</ele>
        <time>1970-01-01T00:00:00Z</time>
      </trkpt>
      <trkpt lat="38.59334" lon="-109.3759">
        <ele>0</ele>
        <time>1970-01-01T00:00:00Z</time>
      </trkpt>
      <trkpt lat="38.5934" lon="-109.37592">
        <ele>0</ele>
        <time>1970-01-01T00:00:00Z</time>
      </trkpt>
      <trkpt lat="38.59345" lon="-109.37596">
        <ele>0</ele>
        <time>1970-01-01T00:00:00Z</time>
      </trkpt>
      <trkpt lat="38.59349" lon="-109.37603">
        <ele>0</ele>
        <time>1970-01-01T00:00:00Z</time>
      </trkpt>
      <trkpt lat="38.59354" lon="-109.37606">
        <ele>0</ele>
        <time>1970-01-01T00:00:00Z</time>
      </trkpt>
      <trkpt lat="38.59356" lon="-109.37609">
        <ele>0</ele>
        <time>1970-01-01T00:00:00Z</time>
      </trkpt>
      <trkpt lat="38.59356" lon="-109.37619">
        <ele>0</ele>
        <time>1970-01-01T00:00:00Z</time>
      </trkpt>
      <trkpt lat="38.59365" lon="-109.37637">
        <ele>0</ele>
        <time>1970-01-01T00:00:00Z</time>
      </trkpt>
      <trkpt lat="38.59372" lon="-109.37644">
        <ele>0</ele>
        <time>1970-01-01T00:00:00Z</time>
      </trkpt>
      <trkpt lat="38.59375" lon="-109.3765">
        <ele>0</ele>
        <time>1970-01-01T00:00:00Z</time>
      </trkpt>
      <trkpt lat="38.59383" lon="-109.37652">
        <ele>0</ele>
        <time>1970-01-01T00:00:00Z</time>
      </trkpt>
      <trkpt lat="38.59387" lon="-109.37655">
        <ele>0</ele>
        <time>1970-01-01T00:00:00Z</time>
      </trkpt>
      <trkpt lat="38.59398" lon="-109.37677">
        <ele>0</ele>
        <time>1970-01-01T00:00:00Z</time>
      </trkpt>
      <trkpt lat="38.59406" lon="-109.37681">
        <ele>0</ele>
        <time>1970-01-01T00:00:00Z</time>
      </trkpt>
      <trkpt lat="38.59409" lon="-109.3768">
        <ele>0</ele>
        <time>1970-01-01T00:00:00Z</time>
      </trkpt>
      <trkpt lat="38.59412" lon="-109.37681">
        <ele>0</ele>
        <time>1970-01-01T00:00:00Z</time>
      </trkpt>
      <trkpt lat="38.59415" lon="-109.37693">
        <ele>0</ele>
        <time>1970-01-01T00:00:00Z</time>
      </trkpt>
      <trkpt lat="38.59422" lon="-109.37707">
        <ele>0</ele>
        <time>1970-01-01T00:00:00Z</time>
      </trkpt>
      <trkpt lat="38.59428" lon="-109.37713">
        <ele>0</ele>
        <time>1970-01-01T00:00:00Z</time>
      </trkpt>
      <trkpt lat="38.59435" lon="-109.37717">
        <ele>0</ele>
        <time>1970-01-01T00:00:00Z</time>
      </trkpt>
      <trkpt lat="38.59437" lon="-109.37724">
        <ele>0</ele>
        <time>1970-01-01T00:00:00Z</time>
      </trkpt>
      <trkpt lat="38.59431" lon="-109.37735">
        <ele>0</ele>
        <time>1970-01-01T00:00:00Z</time>
      </trkpt>
      <trkpt lat="38.59421" lon="-109.37738">
        <ele>0</ele>
        <time>1970-01-01T00:00:00Z</time>
      </trkpt>
      <trkpt lat="38.59418" lon="-109.37742">
        <ele>0</ele>
        <time>1970-01-01T00:00:00Z</time>
      </trkpt>
      <trkpt lat="38.59419" lon="-109.37748">
        <ele>0</ele>
        <time>1970-01-01T00:00:00Z</time>
      </trkpt>
      <trkpt lat="38.59422" lon="-109.37757">
        <ele>0</ele>
        <time>1970-01-01T00:00:00Z</time>
      </trkpt>
      <trkpt lat="38.59438" lon="-109.37783">
        <ele>0</ele>
        <time>1970-01-01T00:00:00Z</time>
      </trkpt>
      <trkpt lat="38.59447" lon="-109.3779">
        <ele>0</ele>
        <time>1970-01-01T00:00:00Z</time>
      </trkpt>
      <trkpt lat="38.59462" lon="-109.37809">
        <ele>0</ele>
        <time>1970-01-01T00:00:00Z</time>
      </trkpt>
      <trkpt lat="38.59474" lon="-109.37817">
        <ele>0</ele>
        <time>1970-01-01T00:00:00Z</time>
      </trkpt>
      <trkpt lat="38.59491" lon="-109.37832">
        <ele>0</ele>
        <time>1970-01-01T00:00:00Z</time>
      </trkpt>
      <trkpt lat="38.59494" lon="-109.37845">
        <ele>0</ele>
        <time>1970-01-01T00:00:00Z</time>
      </trkpt>
      <trkpt lat="38.59493" lon="-109.37859">
        <ele>0</ele>
        <time>1970-01-01T00:00:00Z</time>
      </trkpt>
      <trkpt lat="38.59494" lon="-109.37878">
        <ele>0</ele>
        <time>1970-01-01T00:00:00Z</time>
      </trkpt>
      <trkpt lat="38.59503" lon="-109.37924">
        <ele>0</ele>
        <time>1970-01-01T00:00:00Z</time>
      </trkpt>
      <trkpt lat="38.59508" lon="-109.37946">
        <ele>0</ele>
        <time>1970-01-01T00:00:00Z</time>
      </trkpt>
      <trkpt lat="38.59516" lon="-109.37965">
        <ele>0</ele>
        <time>1970-01-01T00:00:00Z</time>
      </trkpt>
      <trkpt lat="38.59517" lon="-109.37976">
        <ele>0</ele>
        <time>1970-01-01T00:00:00Z</time>
      </trkpt>
      <trkpt lat="38.59523" lon="-109.37997">
        <ele>0</ele>
        <time>1970-01-01T00:00:00Z</time>
      </trkpt>
      <trkpt lat="38.59533" lon="-109.38008">
        <ele>0</ele>
        <time>1970-01-01T00:00:00Z</time>
      </trkpt>
      <trkpt lat="38.5954" lon="-109.38009">
        <ele>0</ele>
        <time>1970-01-01T00:00:00Z</time>
      </trkpt>
      <trkpt lat="38.59549" lon="-109.38019">
        <ele>0</ele>
        <time>1970-01-01T00:00:00Z</time>
      </trkpt>
      <trkpt lat="38.59552" lon="-109.38024">
        <ele>0</ele>
        <time>1970-01-01T00:00:00Z</time>
      </trkpt>
      <trkpt lat="38.59554" lon="-109.38032">
        <ele>0</ele>
        <time>1970-01-01T00:00:00Z</time>
      </trkpt>
      <trkpt lat="38.59558" lon="-109.38034">
        <ele>0</ele>
        <time>1970-01-01T00:00:00Z</time>
      </trkpt>
      <trkpt lat="38.59565" lon="-109.38046">
        <ele>0</ele>
        <time>1970-01-01T00:00:00Z</time>
      </trkpt>
      <trkpt lat="38.59585" lon="-109.38068">
        <ele>0</ele>
        <time>1970-01-01T00:00:00Z</time>
      </trkpt>
      <trkpt lat="38.59588" lon="-109.38076">
        <ele>0</ele>
        <time>1970-01-01T00:00:00Z</time>
      </trkpt>
      <trkpt lat="38.59593" lon="-109.38083">
        <ele>0</ele>
        <time>1970-01-01T00:00:00Z</time>
      </trkpt>
      <trkpt lat="38.59601" lon="-109.38102">
        <ele>0</ele>
        <time>1970-01-01T00:00:00Z</time>
      </trkpt>
      <trkpt lat="38.59604" lon="-109.38128">
        <ele>0</ele>
        <time>1970-01-01T00:00:00Z</time>
      </trkpt>
      <trkpt lat="38.59608" lon="-109.38144">
        <ele>0</ele>
        <time>1970-01-01T00:00:00Z</time>
      </trkpt>
      <trkpt lat="38.59613" lon="-109.38157">
        <ele>0</ele>
        <time>1970-01-01T00:00:00Z</time>
      </trkpt>
      <trkpt lat="38.59623" lon="-109.38174">
        <ele>0</ele>
        <time>1970-01-01T00:00:00Z</time>
      </trkpt>
      <trkpt lat="38.5963" lon="-109.38217">
        <ele>0</ele>
        <time>1970-01-01T00:00:00Z</time>
      </trkpt>
      <trkpt lat="38.59637" lon="-109.38235">
        <ele>0</ele>
        <time>1970-01-01T00:00:00Z</time>
      </trkpt>
      <trkpt lat="38.59643" lon="-109.38259">
        <ele>0</ele>
        <time>1970-01-01T00:00:00Z</time>
      </trkpt>
      <trkpt lat="38.59648" lon="-109.38269">
        <ele>0</ele>
        <time>1970-01-01T00:00:00Z</time>
      </trkpt>
      <trkpt lat="38.59669" lon="-109.38293">
        <ele>0</ele>
        <time>1970-01-01T00:00:00Z</time>
      </trkpt>
      <trkpt lat="38.59671" lon="-109.38299">
        <ele>0</ele>
        <time>1970-01-01T00:00:00Z</time>
      </trkpt>
      <trkpt lat="38.59674" lon="-109.38303">
        <ele>0</ele>
        <time>1970-01-01T00:00:00Z</time>
      </trkpt>
      <trkpt lat="38.59679" lon="-109.38319">
        <ele>0</ele>
        <time>1970-01-01T00:00:00Z</time>
      </trkpt>
      <trkpt lat="38.59685" lon="-109.38326">
        <ele>0</ele>
        <time>1970-01-01T00:00:00Z</time>
      </trkpt>
      <trkpt lat="38.59689" lon="-109.38337">
        <ele>0</ele>
        <time>1970-01-01T00:00:00Z</time>
      </trkpt>
      <trkpt lat="38.5969" lon="-109.38349">
        <ele>0</ele>
        <time>1970-01-01T00:00:00Z</time>
      </trkpt>
      <trkpt lat="38.59684" lon="-109.38362">
        <ele>0</ele>
        <time>1970-01-01T00:00:00Z</time>
      </trkpt>
      <trkpt lat="38.59682" lon="-109.38375">
        <ele>0</ele>
        <time>1970-01-01T00:00:00Z</time>
      </trkpt>
      <trkpt lat="38.59685" lon="-109.38385">
        <ele>0</ele>
        <time>1970-01-01T00:00:00Z</time>
      </trkpt>
      <trkpt lat="38.59694" lon="-109.38394">
        <ele>0</ele>
        <time>1970-01-01T00:00:00Z</time>
      </trkpt>
      <trkpt lat="38.59699" lon="-109.38403">
        <ele>0</ele>
        <time>1970-01-01T00:00:00Z</time>
      </trkpt>
      <trkpt lat="38.59706" lon="-109.3846">
        <ele>0</ele>
        <time>1970-01-01T00:00:00Z</time>
      </trkpt>
      <trkpt lat="38.59709" lon="-109.38468">
        <ele>0</ele>
        <time>1970-01-01T00:00:00Z</time>
      </trkpt>
      <trkpt lat="38.59713" lon="-109.38474">
        <ele>0</ele>
        <time>1970-01-01T00:00:00Z</time>
      </trkpt>
      <trkpt lat="38.59722" lon="-109.3848">
        <ele>0</ele>
        <time>1970-01-01T00:00:00Z</time>
      </trkpt>
      <trkpt lat="38.59725" lon="-109.38485">
        <ele>0</ele>
        <time>1970-01-01T00:00:00Z</time>
      </trkpt>
      <trkpt lat="38.59731" lon="-109.38487">
        <ele>0</ele>
        <time>1970-01-01T00:00:00Z</time>
      </trkpt>
      <trkpt lat="38.59743" lon="-109.38497">
        <ele>0</ele>
        <time>1970-01-01T00:00:00Z</time>
      </trkpt>
      <trkpt lat="38.59761" lon="-109.38504">
        <ele>0</ele>
        <time>1970-01-01T00:00:00Z</time>
      </trkpt>
      <trkpt lat="38.59769" lon="-109.38509">
        <ele>0</ele>
        <time>1970-01-01T00:00:00Z</time>
      </trkpt>
      <trkpt lat="38.59776" lon="-109.38519">
        <ele>0</ele>
        <time>1970-01-01T00:00:00Z</time>
      </trkpt>
      <trkpt lat="38.59794" lon="-109.38536">
        <ele>0</ele>
        <time>1970-01-01T00:00:00Z</time>
      </trkpt>
      <trkpt lat="38.59805" lon="-109.38543">
        <ele>0</ele>
        <time>1970-01-01T00:00:00Z</time>
      </trkpt>
      <trkpt lat="38.59818" lon="-109.3855">
        <ele>0</ele>
        <time>1970-01-01T00:00:00Z</time>
      </trkpt>
      <trkpt lat="38.59848" lon="-109.38559">
        <ele>0</ele>
        <time>1970-01-01T00:00:00Z</time>
      </trkpt>
      <trkpt lat="38.59868" lon="-109.38562">
        <ele>0</ele>
        <time>1970-01-01T00:00:00Z</time>
      </trkpt>
      <trkpt lat="38.59872" lon="-109.38564">
        <ele>0</ele>
        <time>1970-01-01T00:00:00Z</time>
      </trkpt>
      <trkpt lat="38.59886" lon="-109.38558">
        <ele>0</ele>
        <time>1970-01-01T00:00:00Z</time>
      </trkpt>
      <trkpt lat="38.59892" lon="-109.38553">
        <ele>0</ele>
        <time>1970-01-01T00:00:00Z</time>
      </trkpt>
      <trkpt lat="38.59898" lon="-109.38554">
        <ele>0</ele>
        <time>1970-01-01T00:00:00Z</time>
      </trkpt>
      <trkpt lat="38.59904" lon="-109.38559">
        <ele>0</ele>
        <time>1970-01-01T00:00:00Z</time>
      </trkpt>
      <trkpt lat="38.59906" lon="-109.38563">
        <ele>0</ele>
        <time>1970-01-01T00:00:00Z</time>
      </trkpt>
      <trkpt lat="38.59909" lon="-109.38583">
        <ele>0</ele>
        <time>1970-01-01T00:00:00Z</time>
      </trkpt>
      <trkpt lat="38.59907" lon="-109.38599">
        <ele>0</ele>
        <time>1970-01-01T00:00:00Z</time>
      </trkpt>
      <trkpt lat="38.59908" lon="-109.38604">
        <ele>0</ele>
        <time>1970-01-01T00:00:00Z</time>
      </trkpt>
      <trkpt lat="38.5992" lon="-109.38625">
        <ele>0</ele>
        <time>1970-01-01T00:00:00Z</time>
      </trkpt>
      <trkpt lat="38.59924" lon="-109.38629">
        <ele>0</ele>
        <time>1970-01-01T00:00:00Z</time>
      </trkpt>
      <trkpt lat="38.59929" lon="-109.38631">
        <ele>0</ele>
        <time>1970-01-01T00:00:00Z</time>
      </trkpt>
      <trkpt lat="38.59947" lon="-109.38631">
        <ele>0</ele>
        <time>1970-01-01T00:00:00Z</time>
      </trkpt>
      <trkpt lat="38.59949" lon="-109.38636">
        <ele>0</ele>
        <time>1970-01-01T00:00:00Z</time>
      </trkpt>
      <trkpt lat="38.59952" lon="-109.38636">
        <ele>0</ele>
        <time>1970-01-01T00:00:00Z</time>
      </trkpt>
      <trkpt lat="38.59954" lon="-109.38638">
        <ele>0</ele>
        <time>1970-01-01T00:00:00Z</time>
      </trkpt>
      <trkpt lat="38.59952" lon="-109.38636">
        <ele>0</ele>
        <time>1970-01-01T00:00:00Z</time>
      </trkpt>
      <trkpt lat="38.59955" lon="-109.38635">
        <ele>0</ele>
        <time>1970-01-01T00:00:00Z</time>
      </trkpt>
      <trkpt lat="38.59964" lon="-109.38643">
        <ele>0</ele>
        <time>1970-01-01T00:00:00Z</time>
      </trkpt>
      <trkpt lat="38.59967" lon="-109.3865">
        <ele>0</ele>
        <time>1970-01-01T00:00:00Z</time>
      </trkpt>
      <trkpt lat="38.5997" lon="-109.38652">
        <ele>0</ele>
        <time>1970-01-01T00:00:00Z</time>
      </trkpt>
      <trkpt lat="38.5997" lon="-109.38659">
        <ele>0</ele>
        <time>1970-01-01T00:00:00Z</time>
      </trkpt>
      <trkpt lat="38.59973" lon="-109.38663">
        <ele>0</ele>
        <time>1970-01-01T00:00:00Z</time>
      </trkpt>
      <trkpt lat="38.59977" lon="-109.38664">
        <ele>0</ele>
        <time>1970-01-01T00:00:00Z</time>
      </trkpt>
      <trkpt lat="38.59984" lon="-109.38657">
        <ele>0</ele>
        <time>1970-01-01T00:00:00Z</time>
      </trkpt>
      <trkpt lat="38.59985" lon="-109.3866">
        <ele>0</ele>
        <time>1970-01-01T00:00:00Z</time>
      </trkpt>
      <trkpt lat="38.5999" lon="-109.38662">
        <ele>0</ele>
        <time>1970-01-01T00:00:00Z</time>
      </trkpt>
      <trkpt lat="38.59994" lon="-109.38667">
        <ele>0</ele>
        <time>1970-01-01T00:00:00Z</time>
      </trkpt>
      <trkpt lat="38.59995" lon="-109.38662">
        <ele>0</ele>
        <time>1970-01-01T00:00:00Z</time>
      </trkpt>
      <trkpt lat="38.60006" lon="-109.38667">
        <ele>0</ele>
        <time>1970-01-01T00:00:00Z</time>
      </trkpt>
      <trkpt lat="38.60007" lon="-109.38665">
        <ele>0</ele>
        <time>1970-01-01T00:00:00Z</time>
      </trkpt>
      <trkpt lat="38.6002" lon="-109.38668">
        <ele>0</ele>
        <time>1970-01-01T00:00:00Z</time>
      </trkpt>
      <trkpt lat="38.60023" lon="-109.38675">
        <ele>0</ele>
        <time>1970-01-01T00:00:00Z</time>
      </trkpt>
      <trkpt lat="38.60021" lon="-109.38686">
        <ele>0</ele>
        <time>1970-01-01T00:00:00Z</time>
      </trkpt>
      <trkpt lat="38.60022" lon="-109.38702">
        <ele>0</ele>
        <time>1970-01-01T00:00:00Z</time>
      </trkpt>
      <trkpt lat="38.60029" lon="-109.38726">
        <ele>0</ele>
        <time>1970-01-01T00:00:00Z</time>
      </trkpt>
      <trkpt lat="38.60027" lon="-109.38778">
        <ele>0</ele>
        <time>1970-01-01T00:00:00Z</time>
      </trkpt>
      <trkpt lat="38.60029" lon="-109.38799">
        <ele>0</ele>
        <time>1970-01-01T00:00:00Z</time>
      </trkpt>
      <trkpt lat="38.60034" lon="-109.38811">
        <ele>0</ele>
        <time>1970-01-01T00:00:00Z</time>
      </trkpt>
      <trkpt lat="38.6004" lon="-109.3882">
        <ele>0</ele>
        <time>1970-01-01T00:00:00Z</time>
      </trkpt>
      <trkpt lat="38.60044" lon="-109.38829">
        <ele>0</ele>
        <time>1970-01-01T00:00:00Z</time>
      </trkpt>
      <trkpt lat="38.60065" lon="-109.38845">
        <ele>0</ele>
        <time>1970-01-01T00:00:00Z</time>
      </trkpt>
      <trkpt lat="38.60077" lon="-109.38868">
        <ele>0</ele>
        <time>1970-01-01T00:00:00Z</time>
      </trkpt>
      <trkpt lat="38.60085" lon="-109.38873">
        <ele>0</ele>
        <time>1970-01-01T00:00:00Z</time>
      </trkpt>
      <trkpt lat="38.60094" lon="-109.38894">
        <ele>0</ele>
        <time>1970-01-01T00:00:00Z</time>
      </trkpt>
      <trkpt lat="38.60097" lon="-109.38908">
        <ele>0</ele>
        <time>1970-01-01T00:00:00Z</time>
      </trkpt>
      <trkpt lat="38.60101" lon="-109.38916">
        <ele>0</ele>
        <time>1970-01-01T00:00:00Z</time>
      </trkpt>
      <trkpt lat="38.6011" lon="-109.38918">
        <ele>0</ele>
        <time>1970-01-01T00:00:00Z</time>
      </trkpt>
      <trkpt lat="38.60115" lon="-109.38922">
        <ele>0</ele>
        <time>1970-01-01T00:00:00Z</time>
      </trkpt>
      <trkpt lat="38.60122" lon="-109.38932">
        <ele>0</ele>
        <time>1970-01-01T00:00:00Z</time>
      </trkpt>
      <trkpt lat="38.60148" lon="-109.38954">
        <ele>0</ele>
        <time>1970-01-01T00:00:00Z</time>
      </trkpt>
      <trkpt lat="38.60167" lon="-109.38965">
        <ele>0</ele>
        <time>1970-01-01T00:00:00Z</time>
      </trkpt>
      <trkpt lat="38.60171" lon="-109.3897">
        <ele>0</ele>
        <time>1970-01-01T00:00:00Z</time>
      </trkpt>
      <trkpt lat="38.60183" lon="-109.38977">
        <ele>0</ele>
        <time>1970-01-01T00:00:00Z</time>
      </trkpt>
      <trkpt lat="38.60201" lon="-109.38986">
        <ele>0</ele>
        <time>1970-01-01T00:00:00Z</time>
      </trkpt>
      <trkpt lat="38.60216" lon="-109.38997">
        <ele>0</ele>
        <time>1970-01-01T00:00:00Z</time>
      </trkpt>
      <trkpt lat="38.60225" lon="-109.39001">
        <ele>0</ele>
        <time>1970-01-01T00:00:00Z</time>
      </trkpt>
      <trkpt lat="38.6024" lon="-109.38997">
        <ele>0</ele>
        <time>1970-01-01T00:00:00Z</time>
      </trkpt>
      <trkpt lat="38.60248" lon="-109.38991">
        <ele>0</ele>
        <time>1970-01-01T00:00:00Z</time>
      </trkpt>
      <trkpt lat="38.60252" lon="-109.38985">
        <ele>0</ele>
        <time>1970-01-01T00:00:00Z</time>
      </trkpt>
      <trkpt lat="38.60262" lon="-109.38983">
        <ele>0</ele>
        <time>1970-01-01T00:00:00Z</time>
      </trkpt>
      <trkpt lat="38.6027" lon="-109.38977">
        <ele>0</ele>
        <time>1970-01-01T00:00:00Z</time>
      </trkpt>
      <trkpt lat="38.60273" lon="-109.38977">
        <ele>0</ele>
        <time>1970-01-01T00:00:00Z</time>
      </trkpt>
      <trkpt lat="38.60291" lon="-109.38984">
        <ele>0</ele>
        <time>1970-01-01T00:00:00Z</time>
      </trkpt>
      <trkpt lat="38.60299" lon="-109.38989">
        <ele>0</ele>
        <time>1970-01-01T00:00:00Z</time>
      </trkpt>
      <trkpt lat="38.60311" lon="-109.38992">
        <ele>0</ele>
        <time>1970-01-01T00:00:00Z</time>
      </trkpt>
      <trkpt lat="38.60317" lon="-109.38996">
        <ele>0</ele>
        <time>1970-01-01T00:00:00Z</time>
      </trkpt>
      <trkpt lat="38.60319" lon="-109.38995">
        <ele>0</ele>
        <time>1970-01-01T00:00:00Z</time>
      </trkpt>
      <trkpt lat="38.60326" lon="-109.39005">
        <ele>0</ele>
        <time>1970-01-01T00:00:00Z</time>
      </trkpt>
      <trkpt lat="38.60326" lon="-109.39002">
        <ele>0</ele>
        <time>1970-01-01T00:00:00Z</time>
      </trkpt>
      <trkpt lat="38.60326" lon="-109.39023">
        <ele>0</ele>
        <time>1970-01-01T00:00:00Z</time>
      </trkpt>
      <trkpt lat="38.60323" lon="-109.39045">
        <ele>0</ele>
        <time>1970-01-01T00:00:00Z</time>
      </trkpt>
      <trkpt lat="38.60323" lon="-109.3905">
        <ele>0</ele>
        <time>1970-01-01T00:00:00Z</time>
      </trkpt>
      <trkpt lat="38.60329" lon="-109.39061">
        <ele>0</ele>
        <time>1970-01-01T00:00:00Z</time>
      </trkpt>
      <trkpt lat="38.60364" lon="-109.39102">
        <ele>0</ele>
        <time>1970-01-01T00:00:00Z</time>
      </trkpt>
      <trkpt lat="38.60378" lon="-109.39116">
        <ele>0</ele>
        <time>1970-01-01T00:00:00Z</time>
      </trkpt>
      <trkpt lat="38.60388" lon="-109.39132">
        <ele>0</ele>
        <time>1970-01-01T00:00:00Z</time>
      </trkpt>
      <trkpt lat="38.60398" lon="-109.39141">
        <ele>0</ele>
        <time>1970-01-01T00:00:00Z</time>
      </trkpt>
      <trkpt lat="38.60403" lon="-109.39148">
        <ele>0</ele>
        <time>1970-01-01T00:00:00Z</time>
      </trkpt>
      <trkpt lat="38.60408" lon="-109.39151">
        <ele>0</ele>
        <time>1970-01-01T00:00:00Z</time>
      </trkpt>
      <trkpt lat="38.60427" lon="-109.39175">
        <ele>0</ele>
        <time>1970-01-01T00:00:00Z</time>
      </trkpt>
      <trkpt lat="38.60434" lon="-109.39181">
        <ele>0</ele>
        <time>1970-01-01T00:00:00Z</time>
      </trkpt>
      <trkpt lat="38.60444" lon="-109.39187">
        <ele>0</ele>
        <time>1970-01-01T00:00:00Z</time>
      </trkpt>
      <trkpt lat="38.60454" lon="-109.39199">
        <ele>0</ele>
        <time>1970-01-01T00:00:00Z</time>
      </trkpt>
      <trkpt lat="38.60467" lon="-109.39204">
        <ele>0</ele>
        <time>1970-01-01T00:00:00Z</time>
      </trkpt>
      <trkpt lat="38.60474" lon="-109.3921">
        <ele>0</ele>
        <time>1970-01-01T00:00:00Z</time>
      </trkpt>
      <trkpt lat="38.60481" lon="-109.39219">
        <ele>0</ele>
        <time>1970-01-01T00:00:00Z</time>
      </trkpt>
      <trkpt lat="38.60482" lon="-109.3923">
        <ele>0</ele>
        <time>1970-01-01T00:00:00Z</time>
      </trkpt>
      <trkpt lat="38.60486" lon="-109.3924">
        <ele>0</ele>
        <time>1970-01-01T00:00:00Z</time>
      </trkpt>
      <trkpt lat="38.60509" lon="-109.39261">
        <ele>0</ele>
        <time>1970-01-01T00:00:00Z</time>
      </trkpt>
      <trkpt lat="38.6051" lon="-109.39267">
        <ele>0</ele>
        <time>1970-01-01T00:00:00Z</time>
      </trkpt>
      <trkpt lat="38.60509" lon="-109.39276">
        <ele>0</ele>
        <time>1970-01-01T00:00:00Z</time>
      </trkpt>
      <trkpt lat="38.60513" lon="-109.39284">
        <ele>0</ele>
        <time>1970-01-01T00:00:00Z</time>
      </trkpt>
      <trkpt lat="38.6053" lon="-109.39302">
        <ele>0</ele>
        <time>1970-01-01T00:00:00Z</time>
      </trkpt>
      <trkpt lat="38.60535" lon="-109.39303">
        <ele>0</ele>
        <time>1970-01-01T00:00:00Z</time>
      </trkpt>
      <trkpt lat="38.60539" lon="-109.39307">
        <ele>0</ele>
        <time>1970-01-01T00:00:00Z</time>
      </trkpt>
      <trkpt lat="38.60546" lon="-109.39315">
        <ele>0</ele>
        <time>1970-01-01T00:00:00Z</time>
      </trkpt>
      <trkpt lat="38.60563" lon="-109.39323">
        <ele>0</ele>
        <time>1970-01-01T00:00:00Z</time>
      </trkpt>
      <trkpt lat="38.60575" lon="-109.39336">
        <ele>0</ele>
        <time>1970-01-01T00:00:00Z</time>
      </trkpt>
      <trkpt lat="38.60589" lon="-109.39344">
        <ele>0</ele>
        <time>1970-01-01T00:00:00Z</time>
      </trkpt>
      <trkpt lat="38.60593" lon="-109.39351">
        <ele>0</ele>
        <time>1970-01-01T00:00:00Z</time>
      </trkpt>
      <trkpt lat="38.60596" lon="-109.39374">
        <ele>0</ele>
        <time>1970-01-01T00:00:00Z</time>
      </trkpt>
      <trkpt lat="38.60621" lon="-109.39416">
        <ele>0</ele>
        <time>1970-01-01T00:00:00Z</time>
      </trkpt>
      <trkpt lat="38.60625" lon="-109.39426">
        <ele>0</ele>
        <time>1970-01-01T00:00:00Z</time>
      </trkpt>
      <trkpt lat="38.60631" lon="-109.39432">
        <ele>0</ele>
        <time>1970-01-01T00:00:00Z</time>
      </trkpt>
      <trkpt lat="38.60632" lon="-109.39448">
        <ele>0</ele>
        <time>1970-01-01T00:00:00Z</time>
      </trkpt>
      <trkpt lat="38.60641" lon="-109.39461">
        <ele>0</ele>
        <time>1970-01-01T00:00:00Z</time>
      </trkpt>
      <trkpt lat="38.60649" lon="-109.39477">
        <ele>0</ele>
        <time>1970-01-01T00:00:00Z</time>
      </trkpt>
      <trkpt lat="38.60669" lon="-109.39505">
        <ele>0</ele>
        <time>1970-01-01T00:00:00Z</time>
      </trkpt>
      <trkpt lat="38.60687" lon="-109.39536">
        <ele>0</ele>
        <time>1970-01-01T00:00:00Z</time>
      </trkpt>
      <trkpt lat="38.60696" lon="-109.39547">
        <ele>0</ele>
        <time>1970-01-01T00:00:00Z</time>
      </trkpt>
      <trkpt lat="38.60709" lon="-109.39575">
        <ele>0</ele>
        <time>1970-01-01T00:00:00Z</time>
      </trkpt>
      <trkpt lat="38.60728" lon="-109.39607">
        <ele>0</ele>
        <time>1970-01-01T00:00:00Z</time>
      </trkpt>
      <trkpt lat="38.60738" lon="-109.39671">
        <ele>0</ele>
        <time>1970-01-01T00:00:00Z</time>
      </trkpt>
      <trkpt lat="38.60738" lon="-109.39687">
        <ele>0</ele>
        <time>1970-01-01T00:00:00Z</time>
      </trkpt>
      <trkpt lat="38.60743" lon="-109.39715">
        <ele>0</ele>
        <time>1970-01-01T00:00:00Z</time>
      </trkpt>
      <trkpt lat="38.60748" lon="-109.39767">
        <ele>0</ele>
        <time>1970-01-01T00:00:00Z</time>
      </trkpt>
      <trkpt lat="38.60757" lon="-109.39815">
        <ele>0</ele>
        <time>1970-01-01T00:00:00Z</time>
      </trkpt>
      <trkpt lat="38.60759" lon="-109.39845">
        <ele>0</ele>
        <time>1970-01-01T00:00:00Z</time>
      </trkpt>
      <trkpt lat="38.60764" lon="-109.39882">
        <ele>0</ele>
        <time>1970-01-01T00:00:00Z</time>
      </trkpt>
      <trkpt lat="38.60765" lon="-109.39903">
        <ele>0</ele>
        <time>1970-01-01T00:00:00Z</time>
      </trkpt>
      <trkpt lat="38.60771" lon="-109.39939">
        <ele>0</ele>
        <time>1970-01-01T00:00:00Z</time>
      </trkpt>
      <trkpt lat="38.60783" lon="-109.40053">
        <ele>0</ele>
        <time>1970-01-01T00:00:00Z</time>
      </trkpt>
      <trkpt lat="38.60785" lon="-109.40063">
        <ele>0</ele>
        <time>1970-01-01T00:00:00Z</time>
      </trkpt>
      <trkpt lat="38.6079" lon="-109.40077">
        <ele>0</ele>
        <time>1970-01-01T00:00:00Z</time>
      </trkpt>
      <trkpt lat="38.60789" lon="-109.40086">
        <ele>0</ele>
        <time>1970-01-01T00:00:00Z</time>
      </trkpt>
      <trkpt lat="38.60792" lon="-109.40109">
        <ele>0</ele>
        <time>1970-01-01T00:00:00Z</time>
      </trkpt>
      <trkpt lat="38.60795" lon="-109.40119">
        <ele>0</ele>
        <time>1970-01-01T00:00:00Z</time>
      </trkpt>
      <trkpt lat="38.60798" lon="-109.40122">
        <ele>0</ele>
        <time>1970-01-01T00:00:00Z</time>
      </trkpt>
      <trkpt lat="38.60796" lon="-109.40135">
        <ele>0</ele>
        <time>1970-01-01T00:00:00Z</time>
      </trkpt>
      <trkpt lat="38.60802" lon="-109.40145">
        <ele>0</ele>
        <time>1970-01-01T00:00:00Z</time>
      </trkpt>
      <trkpt lat="38.60813" lon="-109.40149">
        <ele>0</ele>
        <time>1970-01-01T00:00:00Z</time>
      </trkpt>
      <trkpt lat="38.60831" lon="-109.40149">
        <ele>0</ele>
        <time>1970-01-01T00:00:00Z</time>
      </trkpt>
      <trkpt lat="38.60832" lon="-109.4015">
        <ele>0</ele>
        <time>1970-01-01T00:00:00Z</time>
      </trkpt>
      <trkpt lat="38.60837" lon="-109.40165">
        <ele>0</ele>
        <time>1970-01-01T00:00:00Z</time>
      </trkpt>
      <trkpt lat="38.60836" lon="-109.40167">
        <ele>0</ele>
        <time>1970-01-01T00:00:00Z</time>
      </trkpt>
      <trkpt lat="38.60836" lon="-109.40176">
        <ele>0</ele>
        <time>1970-01-01T00:00:00Z</time>
      </trkpt>
      <trkpt lat="38.6084" lon="-109.40187">
        <ele>0</ele>
        <time>1970-01-01T00:00:00Z</time>
      </trkpt>
      <trkpt lat="38.60836" lon="-109.40202">
        <ele>0</ele>
        <time>1970-01-01T00:00:00Z</time>
      </trkpt>
      <trkpt lat="38.60833" lon="-109.40207">
        <ele>0</ele>
        <time>1970-01-01T00:00:00Z</time>
      </trkpt>
      <trkpt lat="38.60821" lon="-109.40217">
        <ele>0</ele>
        <time>1970-01-01T00:00:00Z</time>
      </trkpt>
      <trkpt lat="38.60813" lon="-109.4022">
        <ele>0</ele>
        <time>1970-01-01T00:00:00Z</time>
      </trkpt>
      <trkpt lat="38.60807" lon="-109.40229">
        <ele>0</ele>
        <time>1970-01-01T00:00:00Z</time>
      </trkpt>
      <trkpt lat="38.60807" lon="-109.40237">
        <ele>0</ele>
        <time>1970-01-01T00:00:00Z</time>
      </trkpt>
      <trkpt lat="38.60808" lon="-109.40245">
        <ele>0</ele>
        <time>1970-01-01T00:00:00Z</time>
      </trkpt>
      <trkpt lat="38.60813" lon="-109.40263">
        <ele>0</ele>
        <time>1970-01-01T00:00:00Z</time>
      </trkpt>
      <trkpt lat="38.60816" lon="-109.40319">
        <ele>0</ele>
        <time>1970-01-01T00:00:00Z</time>
      </trkpt>
      <trkpt lat="38.60821" lon="-109.40351">
        <ele>0</ele>
        <time>1970-01-01T00:00:00Z</time>
      </trkpt>
      <trkpt lat="38.60825" lon="-109.40399">
        <ele>0</ele>
        <time>1970-01-01T00:00:00Z</time>
      </trkpt>
      <trkpt lat="38.60834" lon="-109.4044">
        <ele>0</ele>
        <time>1970-01-01T00:00:00Z</time>
      </trkpt>
      <trkpt lat="38.60833" lon="-109.40476">
        <ele>0</ele>
        <time>1970-01-01T00:00:00Z</time>
      </trkpt>
      <trkpt lat="38.60831" lon="-109.40498">
        <ele>0</ele>
        <time>1970-01-01T00:00:00Z</time>
      </trkpt>
      <trkpt lat="38.60835" lon="-109.40548">
        <ele>0</ele>
        <time>1970-01-01T00:00:00Z</time>
      </trkpt>
      <trkpt lat="38.60833" lon="-109.40558">
        <ele>0</ele>
        <time>1970-01-01T00:00:00Z</time>
      </trkpt>
      <trkpt lat="38.60825" lon="-109.40574">
        <ele>0</ele>
        <time>1970-01-01T00:00:00Z</time>
      </trkpt>
      <trkpt lat="38.60824" lon="-109.40607">
        <ele>0</ele>
        <time>1970-01-01T00:00:00Z</time>
      </trkpt>
      <trkpt lat="38.60845" lon="-109.40667">
        <ele>0</ele>
        <time>1970-01-01T00:00:00Z</time>
      </trkpt>
      <trkpt lat="38.6086" lon="-109.40724">
        <ele>0</ele>
        <time>1970-01-01T00:00:00Z</time>
      </trkpt>
      <trkpt lat="38.60865" lon="-109.40755">
        <ele>0</ele>
        <time>1970-01-01T00:00:00Z</time>
      </trkpt>
      <trkpt lat="38.60869" lon="-109.40762">
        <ele>0</ele>
        <time>1970-01-01T00:00:00Z</time>
      </trkpt>
      <trkpt lat="38.60897" lon="-109.40778">
        <ele>0</ele>
        <time>1970-01-01T00:00:00Z</time>
      </trkpt>
      <trkpt lat="38.60905" lon="-109.40786">
        <ele>0</ele>
        <time>1970-01-01T00:00:00Z</time>
      </trkpt>
      <trkpt lat="38.60907" lon="-109.40795">
        <ele>0</ele>
        <time>1970-01-01T00:00:00Z</time>
      </trkpt>
      <trkpt lat="38.60908" lon="-109.40808">
        <ele>0</ele>
        <time>1970-01-01T00:00:00Z</time>
      </trkpt>
      <trkpt lat="38.60911" lon="-109.40814">
        <ele>0</ele>
        <time>1970-01-01T00:00:00Z</time>
      </trkpt>
      <trkpt lat="38.60937" lon="-109.40853">
        <ele>0</ele>
        <time>1970-01-01T00:00:00Z</time>
      </trkpt>
      <trkpt lat="38.60951" lon="-109.40868">
        <ele>0</ele>
        <time>1970-01-01T00:00:00Z</time>
      </trkpt>
      <trkpt lat="38.60958" lon="-109.40878">
        <ele>0</ele>
        <time>1970-01-01T00:00:00Z</time>
      </trkpt>
      <trkpt lat="38.60973" lon="-109.40938">
        <ele>0</ele>
        <time>1970-01-01T00:00:00Z</time>
      </trkpt>
      <trkpt lat="38.60978" lon="-109.4095">
        <ele>0</ele>
        <time>1970-01-01T00:00:00Z</time>
      </trkpt>
      <trkpt lat="38.60986" lon="-109.40961">
        <ele>0</ele>
        <time>1970-01-01T00:00:00Z</time>
      </trkpt>
      <trkpt lat="38.60988" lon="-109.40966">
        <ele>0</ele>
        <time>1970-01-01T00:00:00Z</time>
      </trkpt>
      <trkpt lat="38.60986" lon="-109.40997">
        <ele>0</ele>
        <time>1970-01-01T00:00:00Z</time>
      </trkpt>
      <trkpt lat="38.60987" lon="-109.4101">
        <ele>0</ele>
        <time>1970-01-01T00:00:00Z</time>
      </trkpt>
      <trkpt lat="38.60985" lon="-109.41013">
        <ele>0</ele>
        <time>1970-01-01T00:00:00Z</time>
      </trkpt>
      <trkpt lat="38.60978" lon="-109.4102">
        <ele>0</ele>
        <time>1970-01-01T00:00:00Z</time>
      </trkpt>
      <trkpt lat="38.60974" lon="-109.41022">
        <ele>0</ele>
        <time>1970-01-01T00:00:00Z</time>
      </trkpt>
      <trkpt lat="38.60967" lon="-109.41021">
        <ele>0</ele>
        <time>1970-01-01T00:00:00Z</time>
      </trkpt>
      <trkpt lat="38.60958" lon="-109.41013">
        <ele>0</ele>
        <time>1970-01-01T00:00:00Z</time>
      </trkpt>
      <trkpt lat="38.60931" lon="-109.41004">
        <ele>0</ele>
        <time>1970-01-01T00:00:00Z</time>
      </trkpt>
      <trkpt lat="38.60927" lon="-109.41005">
        <ele>0</ele>
        <time>1970-01-01T00:00:00Z</time>
      </trkpt>
      <trkpt lat="38.60926" lon="-109.4101">
        <ele>0</ele>
        <time>1970-01-01T00:00:00Z</time>
      </trkpt>
      <trkpt lat="38.60927" lon="-109.41015">
        <ele>0</ele>
        <time>1970-01-01T00:00:00Z</time>
      </trkpt>
      <trkpt lat="38.6093" lon="-109.4102">
        <ele>0</ele>
        <time>1970-01-01T00:00:00Z</time>
      </trkpt>
      <trkpt lat="38.60945" lon="-109.41034">
        <ele>0</ele>
        <time>1970-01-01T00:00:00Z</time>
      </trkpt>
      <trkpt lat="38.60951" lon="-109.41046">
        <ele>0</ele>
        <time>1970-01-01T00:00:00Z</time>
      </trkpt>
      <trkpt lat="38.60953" lon="-109.41053">
        <ele>0</ele>
        <time>1970-01-01T00:00:00Z</time>
      </trkpt>
      <trkpt lat="38.60951" lon="-109.41099">
        <ele>0</ele>
        <time>1970-01-01T00:00:00Z</time>
      </trkpt>
      <trkpt lat="38.60957" lon="-109.41144">
        <ele>0</ele>
        <time>1970-01-01T00:00:00Z</time>
      </trkpt>
      <trkpt lat="38.60955" lon="-109.41174">
        <ele>0</ele>
        <time>1970-01-01T00:00:00Z</time>
      </trkpt>
      <trkpt lat="38.60956" lon="-109.41185">
        <ele>0</ele>
        <time>1970-01-01T00:00:00Z</time>
      </trkpt>
      <trkpt lat="38.60961" lon="-109.41222">
        <ele>0</ele>
        <time>1970-01-01T00:00:00Z</time>
      </trkpt>
      <trkpt lat="38.60969" lon="-109.41249">
        <ele>0</ele>
        <time>1970-01-01T00:00:00Z</time>
      </trkpt>
      <trkpt lat="38.60979" lon="-109.41296">
        <ele>0</ele>
        <time>1970-01-01T00:00:00Z</time>
      </trkpt>
      <trkpt lat="38.60988" lon="-109.41311">
        <ele>0</ele>
        <time>1970-01-01T00:00:00Z</time>
      </trkpt>
      <trkpt lat="38.61004" lon="-109.41329">
        <ele>0</ele>
        <time>1970-01-01T00:00:00Z</time>
      </trkpt>
      <trkpt lat="38.61014" lon="-109.41343">
        <ele>0</ele>
        <time>1970-01-01T00:00:00Z</time>
      </trkpt>
      <trkpt lat="38.6103" lon="-109.41361">
        <ele>0</ele>
        <time>1970-01-01T00:00:00Z</time>
      </trkpt>
      <trkpt lat="38.61061" lon="-109.41402">
        <ele>0</ele>
        <time>1970-01-01T00:00:00Z</time>
      </trkpt>
      <trkpt lat="38.61071" lon="-109.41421">
        <ele>0</ele>
        <time>1970-01-01T00:00:00Z</time>
      </trkpt>
      <trkpt lat="38.61095" lon="-109.4145">
        <ele>0</ele>
        <time>1970-01-01T00:00:00Z</time>
      </trkpt>
      <trkpt lat="38.61105" lon="-109.4146">
        <ele>0</ele>
        <time>1970-01-01T00:00:00Z</time>
      </trkpt>
      <trkpt lat="38.61124" lon="-109.41485">
        <ele>0</ele>
        <time>1970-01-01T00:00:00Z</time>
      </trkpt>
      <trkpt lat="38.61134" lon="-109.41496">
        <ele>0</ele>
        <time>1970-01-01T00:00:00Z</time>
      </trkpt>
      <trkpt lat="38.61153" lon="-109.41512">
        <ele>0</ele>
        <time>1970-01-01T00:00:00Z</time>
      </trkpt>
      <trkpt lat="38.61177" lon="-109.41536">
        <ele>0</ele>
        <time>1970-01-01T00:00:00Z</time>
      </trkpt>
      <trkpt lat="38.612" lon="-109.41554">
        <ele>0</ele>
        <time>1970-01-01T00:00:00Z</time>
      </trkpt>
      <trkpt lat="38.61216" lon="-109.41577">
        <ele>0</ele>
        <time>1970-01-01T00:00:00Z</time>
      </trkpt>
      <trkpt lat="38.61217" lon="-109.41575">
        <ele>0</ele>
        <time>1970-01-01T00:00:00Z</time>
      </trkpt>
      <trkpt lat="38.61217" lon="-109.41578">
        <ele>0</ele>
        <time>1970-01-01T00:00:00Z</time>
      </trkpt>
      <trkpt lat="38.61218" lon="-109.41576">
        <ele>0</ele>
        <time>1970-01-01T00:00:00Z</time>
      </trkpt>
      <trkpt lat="38.61221" lon="-109.41585">
        <ele>0</ele>
        <time>1970-01-01T00:00:00Z</time>
      </trkpt>
      <trkpt lat="38.61228" lon="-109.41596">
        <ele>0</ele>
        <time>1970-01-01T00:00:00Z</time>
      </trkpt>
      <trkpt lat="38.61235" lon="-109.41603">
        <ele>0</ele>
        <time>1970-01-01T00:00:00Z</time>
      </trkpt>
      <trkpt lat="38.61239" lon="-109.41604">
        <ele>0</ele>
        <time>1970-01-01T00:00:00Z</time>
      </trkpt>
      <trkpt lat="38.61256" lon="-109.4162">
        <ele>0</ele>
        <time>1970-01-01T00:00:00Z</time>
      </trkpt>
      <trkpt lat="38.61265" lon="-109.41639">
        <ele>0</ele>
        <time>1970-01-01T00:00:00Z</time>
      </trkpt>
      <trkpt lat="38.6129" lon="-109.41665">
        <ele>0</ele>
        <time>1970-01-01T00:00:00Z</time>
      </trkpt>
      <trkpt lat="38.61306" lon="-109.41686">
        <ele>0</ele>
        <time>1970-01-01T00:00:00Z</time>
      </trkpt>
      <trkpt lat="38.61323" lon="-109.417">
        <ele>0</ele>
        <time>1970-01-01T00:00:00Z</time>
      </trkpt>
      <trkpt lat="38.61328" lon="-109.41706">
        <ele>0</ele>
        <time>1970-01-01T00:00:00Z</time>
      </trkpt>
      <trkpt lat="38.61336" lon="-109.41743">
        <ele>0</ele>
        <time>1970-01-01T00:00:00Z</time>
      </trkpt>
      <trkpt lat="38.61332" lon="-109.41768">
        <ele>0</ele>
        <time>1970-01-01T00:00:00Z</time>
      </trkpt>
      <trkpt lat="38.61333" lon="-109.41792">
        <ele>0</ele>
        <time>1970-01-01T00:00:00Z</time>
      </trkpt>
      <trkpt lat="38.61323" lon="-109.41829">
        <ele>0</ele>
        <time>1970-01-01T00:00:00Z</time>
      </trkpt>
      <trkpt lat="38.61318" lon="-109.41859">
        <ele>0</ele>
        <time>1970-01-01T00:00:00Z</time>
      </trkpt>
      <trkpt lat="38.61291" lon="-109.41903">
        <ele>0</ele>
        <time>1970-01-01T00:00:00Z</time>
      </trkpt>
      <trkpt lat="38.61283" lon="-109.41943">
        <ele>0</ele>
        <time>1970-01-01T00:00:00Z</time>
      </trkpt>
      <trkpt lat="38.6128" lon="-109.41967">
        <ele>0</ele>
        <time>1970-01-01T00:00:00Z</time>
      </trkpt>
      <trkpt lat="38.61281" lon="-109.41976">
        <ele>0</ele>
        <time>1970-01-01T00:00:00Z</time>
      </trkpt>
      <trkpt lat="38.61284" lon="-109.41985">
        <ele>0</ele>
        <time>1970-01-01T00:00:00Z</time>
      </trkpt>
      <trkpt lat="38.61304" lon="-109.42012">
        <ele>0</ele>
        <time>1970-01-01T00:00:00Z</time>
      </trkpt>
      <trkpt lat="38.6131" lon="-109.42016">
        <ele>0</ele>
        <time>1970-01-01T00:00:00Z</time>
      </trkpt>
      <trkpt lat="38.6132" lon="-109.42019">
        <ele>0</ele>
        <time>1970-01-01T00:00:00Z</time>
      </trkpt>
      <trkpt lat="38.61331" lon="-109.42029">
        <ele>0</ele>
        <time>1970-01-01T00:00:00Z</time>
      </trkpt>
      <trkpt lat="38.61333" lon="-109.42036">
        <ele>0</ele>
        <time>1970-01-01T00:00:00Z</time>
      </trkpt>
      <trkpt lat="38.61329" lon="-109.42044">
        <ele>0</ele>
        <time>1970-01-01T00:00:00Z</time>
      </trkpt>
      <trkpt lat="38.6133" lon="-109.42049">
        <ele>0</ele>
        <time>1970-01-01T00:00:00Z</time>
      </trkpt>
      <trkpt lat="38.61338" lon="-109.42056">
        <ele>0</ele>
        <time>1970-01-01T00:00:00Z</time>
      </trkpt>
      <trkpt lat="38.61342" lon="-109.42055">
        <ele>0</ele>
        <time>1970-01-01T00:00:00Z</time>
      </trkpt>
      <trkpt lat="38.61349" lon="-109.42046">
        <ele>0</ele>
        <time>1970-01-01T00:00:00Z</time>
      </trkpt>
      <trkpt lat="38.61356" lon="-109.42048">
        <ele>0</ele>
        <time>1970-01-01T00:00:00Z</time>
      </trkpt>
      <trkpt lat="38.61362" lon="-109.42055">
        <ele>0</ele>
        <time>1970-01-01T00:00:00Z</time>
      </trkpt>
      <trkpt lat="38.61372" lon="-109.42081">
        <ele>0</ele>
        <time>1970-01-01T00:00:00Z</time>
      </trkpt>
      <trkpt lat="38.61373" lon="-109.42107">
        <ele>0</ele>
        <time>1970-01-01T00:00:00Z</time>
      </trkpt>
      <trkpt lat="38.61378" lon="-109.42131">
        <ele>0</ele>
        <time>1970-01-01T00:00:00Z</time>
      </trkpt>
      <trkpt lat="38.6138" lon="-109.42136">
        <ele>0</ele>
        <time>1970-01-01T00:00:00Z</time>
      </trkpt>
      <trkpt lat="38.61388" lon="-109.42141">
        <ele>0</ele>
        <time>1970-01-01T00:00:00Z</time>
      </trkpt>
      <trkpt lat="38.61389" lon="-109.42146">
        <ele>0</ele>
        <time>1970-01-01T00:00:00Z</time>
      </trkpt>
      <trkpt lat="38.61385" lon="-109.42157">
        <ele>0</ele>
        <time>1970-01-01T00:00:00Z</time>
      </trkpt>
      <trkpt lat="38.61384" lon="-109.42165">
        <ele>0</ele>
        <time>1970-01-01T00:00:00Z</time>
      </trkpt>
      <trkpt lat="38.61391" lon="-109.42173">
        <ele>0</ele>
        <time>1970-01-01T00:00:00Z</time>
      </trkpt>
      <trkpt lat="38.61393" lon="-109.42179">
        <ele>0</ele>
        <time>1970-01-01T00:00:00Z</time>
      </trkpt>
      <trkpt lat="38.61395" lon="-109.422">
        <ele>0</ele>
        <time>1970-01-01T00:00:00Z</time>
      </trkpt>
      <trkpt lat="38.61404" lon="-109.42227">
        <ele>0</ele>
        <time>1970-01-01T00:00:00Z</time>
      </trkpt>
      <trkpt lat="38.61401" lon="-109.42246">
        <ele>0</ele>
        <time>1970-01-01T00:00:00Z</time>
      </trkpt>
      <trkpt lat="38.61394" lon="-109.42275">
        <ele>0</ele>
        <time>1970-01-01T00:00:00Z</time>
      </trkpt>
      <trkpt lat="38.61383" lon="-109.42307">
        <ele>0</ele>
        <time>1970-01-01T00:00:00Z</time>
      </trkpt>
      <trkpt lat="38.61384" lon="-109.42321">
        <ele>0</ele>
        <time>1970-01-01T00:00:00Z</time>
      </trkpt>
      <trkpt lat="38.61384" lon="-109.42326">
        <ele>0</ele>
        <time>1970-01-01T00:00:00Z</time>
      </trkpt>
      <trkpt lat="38.6138" lon="-109.42334">
        <ele>0</ele>
        <time>1970-01-01T00:00:00Z</time>
      </trkpt>
      <trkpt lat="38.6138" lon="-109.4234">
        <ele>0</ele>
        <time>1970-01-01T00:00:00Z</time>
      </trkpt>
      <trkpt lat="38.61382" lon="-109.42351">
        <ele>0</ele>
        <time>1970-01-01T00:00:00Z</time>
      </trkpt>
      <trkpt lat="38.61391" lon="-109.42359">
        <ele>0</ele>
        <time>1970-01-01T00:00:00Z</time>
      </trkpt>
      <trkpt lat="38.61402" lon="-109.42382">
        <ele>0</ele>
        <time>1970-01-01T00:00:00Z</time>
      </trkpt>
      <trkpt lat="38.61408" lon="-109.42388">
        <ele>0</ele>
        <time>1970-01-01T00:00:00Z</time>
      </trkpt>
      <trkpt lat="38.61414" lon="-109.424">
        <ele>0</ele>
        <time>1970-01-01T00:00:00Z</time>
      </trkpt>
      <trkpt lat="38.6143" lon="-109.42422">
        <ele>0</ele>
        <time>1970-01-01T00:00:00Z</time>
      </trkpt>
      <trkpt lat="38.61437" lon="-109.42438">
        <ele>0</ele>
        <time>1970-01-01T00:00:00Z</time>
      </trkpt>
      <trkpt lat="38.61441" lon="-109.42443">
        <ele>0</ele>
        <time>1970-01-01T00:00:00Z</time>
      </trkpt>
      <trkpt lat="38.61441" lon="-109.42445">
        <ele>0</ele>
        <time>1970-01-01T00:00:00Z</time>
      </trkpt>
      <trkpt lat="38.6144" lon="-109.42447">
        <ele>0</ele>
        <time>1970-01-01T00:00:00Z</time>
      </trkpt>
      <trkpt lat="38.61441" lon="-109.42445">
        <ele>0</ele>
        <time>1970-01-01T00:00:00Z</time>
      </trkpt>
      <trkpt lat="38.61451" lon="-109.42451">
        <ele>0</ele>
        <time>1970-01-01T00:00:00Z</time>
      </trkpt>
      <trkpt lat="38.61467" lon="-109.42465">
        <ele>0</ele>
        <time>1970-01-01T00:00:00Z</time>
      </trkpt>
      <trkpt lat="38.61471" lon="-109.42472">
        <ele>0</ele>
        <time>1970-01-01T00:00:00Z</time>
      </trkpt>
      <trkpt lat="38.61474" lon="-109.42484">
        <ele>0</ele>
        <time>1970-01-01T00:00:00Z</time>
      </trkpt>
      <trkpt lat="38.61486" lon="-109.42504">
        <ele>0</ele>
        <time>1970-01-01T00:00:00Z</time>
      </trkpt>
      <trkpt lat="38.6151" lon="-109.42515">
        <ele>0</ele>
        <time>1970-01-01T00:00:00Z</time>
      </trkpt>
      <trkpt lat="38.61518" lon="-109.42523">
        <ele>0</ele>
        <time>1970-01-01T00:00:00Z</time>
      </trkpt>
      <trkpt lat="38.61528" lon="-109.42528">
        <ele>0</ele>
        <time>1970-01-01T00:00:00Z</time>
      </trkpt>
      <trkpt lat="38.61548" lon="-109.42544">
        <ele>0</ele>
        <time>1970-01-01T00:00:00Z</time>
      </trkpt>
      <trkpt lat="38.61554" lon="-109.42548">
        <ele>0</ele>
        <time>1970-01-01T00:00:00Z</time>
      </trkpt>
      <trkpt lat="38.61564" lon="-109.42551">
        <ele>0</ele>
        <time>1970-01-01T00:00:00Z</time>
      </trkpt>
      <trkpt lat="38.6159" lon="-109.42571">
        <ele>0</ele>
        <time>1970-01-01T00:00:00Z</time>
      </trkpt>
      <trkpt lat="38.61605" lon="-109.42581">
        <ele>0</ele>
        <time>1970-01-01T00:00:00Z</time>
      </trkpt>
      <trkpt lat="38.61623" lon="-109.4259">
        <ele>0</ele>
        <time>1970-01-01T00:00:00Z</time>
      </trkpt>
      <trkpt lat="38.61633" lon="-109.42601">
        <ele>0</ele>
        <time>1970-01-01T00:00:00Z</time>
      </trkpt>
      <trkpt lat="38.61638" lon="-109.42617">
        <ele>0</ele>
        <time>1970-01-01T00:00:00Z</time>
      </trkpt>
      <trkpt lat="38.61643" lon="-109.42624">
        <ele>0</ele>
        <time>1970-01-01T00:00:00Z</time>
      </trkpt>
      <trkpt lat="38.61651" lon="-109.4263">
        <ele>0</ele>
        <time>1970-01-01T00:00:00Z</time>
      </trkpt>
      <trkpt lat="38.61658" lon="-109.42652">
        <ele>0</ele>
        <time>1970-01-01T00:00:00Z</time>
      </trkpt>
      <trkpt lat="38.61653" lon="-109.42684">
        <ele>0</ele>
        <time>1970-01-01T00:00:00Z</time>
      </trkpt>
      <trkpt lat="38.6165" lon="-109.4269">
        <ele>0</ele>
        <time>1970-01-01T00:00:00Z</time>
      </trkpt>
      <trkpt lat="38.61648" lon="-109.42699">
        <ele>0</ele>
        <time>1970-01-01T00:00:00Z</time>
      </trkpt>
      <trkpt lat="38.61642" lon="-109.42709">
        <ele>0</ele>
        <time>1970-01-01T00:00:00Z</time>
      </trkpt>
      <trkpt lat="38.61642" lon="-109.42712">
        <ele>0</ele>
        <time>1970-01-01T00:00:00Z</time>
      </trkpt>
      <trkpt lat="38.61646" lon="-109.42717">
        <ele>0</ele>
        <time>1970-01-01T00:00:00Z</time>
      </trkpt>
      <trkpt lat="38.61648" lon="-109.42734">
        <ele>0</ele>
        <time>1970-01-01T00:00:00Z</time>
      </trkpt>
      <trkpt lat="38.61645" lon="-109.42749">
        <ele>0</ele>
        <time>1970-01-01T00:00:00Z</time>
      </trkpt>
      <trkpt lat="38.61646" lon="-109.42755">
        <ele>0</ele>
        <time>1970-01-01T00:00:00Z</time>
      </trkpt>
      <trkpt lat="38.6165" lon="-109.4276">
        <ele>0</ele>
        <time>1970-01-01T00:00:00Z</time>
      </trkpt>
      <trkpt lat="38.61658" lon="-109.42763">
        <ele>0</ele>
        <time>1970-01-01T00:00:00Z</time>
      </trkpt>
      <trkpt lat="38.61669" lon="-109.42776">
        <ele>0</ele>
        <time>1970-01-01T00:00:00Z</time>
      </trkpt>
      <trkpt lat="38.61673" lon="-109.42786">
        <ele>0</ele>
        <time>1970-01-01T00:00:00Z</time>
      </trkpt>
      <trkpt lat="38.61676" lon="-109.42804">
        <ele>0</ele>
        <time>1970-01-01T00:00:00Z</time>
      </trkpt>
      <trkpt lat="38.61682" lon="-109.42811">
        <ele>0</ele>
        <time>1970-01-01T00:00:00Z</time>
      </trkpt>
      <trkpt lat="38.61686" lon="-109.42827">
        <ele>0</ele>
        <time>1970-01-01T00:00:00Z</time>
      </trkpt>
      <trkpt lat="38.61692" lon="-109.42835">
        <ele>0</ele>
        <time>1970-01-01T00:00:00Z</time>
      </trkpt>
      <trkpt lat="38.61696" lon="-109.42843">
        <ele>0</ele>
        <time>1970-01-01T00:00:00Z</time>
      </trkpt>
      <trkpt lat="38.61698" lon="-109.42853">
        <ele>0</ele>
        <time>1970-01-01T00:00:00Z</time>
      </trkpt>
      <trkpt lat="38.61697" lon="-109.42867">
        <ele>0</ele>
        <time>1970-01-01T00:00:00Z</time>
      </trkpt>
      <trkpt lat="38.61698" lon="-109.42873">
        <ele>0</ele>
        <time>1970-01-01T00:00:00Z</time>
      </trkpt>
      <trkpt lat="38.61708" lon="-109.42894">
        <ele>0</ele>
        <time>1970-01-01T00:00:00Z</time>
      </trkpt>
      <trkpt lat="38.61712" lon="-109.42926">
        <ele>0</ele>
        <time>1970-01-01T00:00:00Z</time>
      </trkpt>
      <trkpt lat="38.61717" lon="-109.42931">
        <ele>0</ele>
        <time>1970-01-01T00:00:00Z</time>
      </trkpt>
      <trkpt lat="38.61728" lon="-109.42925">
        <ele>0</ele>
        <time>1970-01-01T00:00:00Z</time>
      </trkpt>
      <trkpt lat="38.61735" lon="-109.42928">
        <ele>0</ele>
        <time>1970-01-01T00:00:00Z</time>
      </trkpt>
      <trkpt lat="38.61732" lon="-109.42954">
        <ele>0</ele>
        <time>1970-01-01T00:00:00Z</time>
      </trkpt>
      <trkpt lat="38.61734" lon="-109.42969">
        <ele>0</ele>
        <time>1970-01-01T00:00:00Z</time>
      </trkpt>
      <trkpt lat="38.61739" lon="-109.42983">
        <ele>0</ele>
        <time>1970-01-01T00:00:00Z</time>
      </trkpt>
      <trkpt lat="38.6174" lon="-109.42995">
        <ele>0</ele>
        <time>1970-01-01T00:00:00Z</time>
      </trkpt>
      <trkpt lat="38.61755" lon="-109.43023">
        <ele>0</ele>
        <time>1970-01-01T00:00:00Z</time>
      </trkpt>
      <trkpt lat="38.61759" lon="-109.43035">
        <ele>0</ele>
        <time>1970-01-01T00:00:00Z</time>
      </trkpt>
      <trkpt lat="38.61764" lon="-109.43053">
        <ele>0</ele>
        <time>1970-01-01T00:00:00Z</time>
      </trkpt>
      <trkpt lat="38.61769" lon="-109.43081">
        <ele>0</ele>
        <time>1970-01-01T00:00:00Z</time>
      </trkpt>
      <trkpt lat="38.61775" lon="-109.43102">
        <ele>0</ele>
        <time>1970-01-01T00:00:00Z</time>
      </trkpt>
      <trkpt lat="38.61782" lon="-109.43117">
        <ele>0</ele>
        <time>1970-01-01T00:00:00Z</time>
      </trkpt>
      <trkpt lat="38.61791" lon="-109.43145">
        <ele>0</ele>
        <time>1970-01-01T00:00:00Z</time>
      </trkpt>
      <trkpt lat="38.618" lon="-109.43178">
        <ele>0</ele>
        <time>1970-01-01T00:00:00Z</time>
      </trkpt>
      <trkpt lat="38.61809" lon="-109.43226">
        <ele>0</ele>
        <time>1970-01-01T00:00:00Z</time>
      </trkpt>
      <trkpt lat="38.61822" lon="-109.43268">
        <ele>0</ele>
        <time>1970-01-01T00:00:00Z</time>
      </trkpt>
      <trkpt lat="38.61826" lon="-109.43287">
        <ele>0</ele>
        <time>1970-01-01T00:00:00Z</time>
      </trkpt>
      <trkpt lat="38.61832" lon="-109.43301">
        <ele>0</ele>
        <time>1970-01-01T00:00:00Z</time>
      </trkpt>
      <trkpt lat="38.61833" lon="-109.43317">
        <ele>0</ele>
        <time>1970-01-01T00:00:00Z</time>
      </trkpt>
      <trkpt lat="38.6183" lon="-109.43345">
        <ele>0</ele>
        <time>1970-01-01T00:00:00Z</time>
      </trkpt>
      <trkpt lat="38.61835" lon="-109.43362">
        <ele>0</ele>
        <time>1970-01-01T00:00:00Z</time>
      </trkpt>
      <trkpt lat="38.61853" lon="-109.43385">
        <ele>0</ele>
        <time>1970-01-01T00:00:00Z</time>
      </trkpt>
      <trkpt lat="38.61884" lon="-109.43434">
        <ele>0</ele>
        <time>1970-01-01T00:00:00Z</time>
      </trkpt>
      <trkpt lat="38.61899" lon="-109.4347">
        <ele>0</ele>
        <time>1970-01-01T00:00:00Z</time>
      </trkpt>
      <trkpt lat="38.61915" lon="-109.43487">
        <ele>0</ele>
        <time>1970-01-01T00:00:00Z</time>
      </trkpt>
      <trkpt lat="38.61919" lon="-109.43502">
        <ele>0</ele>
        <time>1970-01-01T00:00:00Z</time>
      </trkpt>
      <trkpt lat="38.61922" lon="-109.43504">
        <ele>0</ele>
        <time>1970-01-01T00:00:00Z</time>
      </trkpt>
      <trkpt lat="38.6194" lon="-109.43502">
        <ele>0</ele>
        <time>1970-01-01T00:00:00Z</time>
      </trkpt>
      <trkpt lat="38.61947" lon="-109.43505">
        <ele>0</ele>
        <time>1970-01-01T00:00:00Z</time>
      </trkpt>
      <trkpt lat="38.61958" lon="-109.43516">
        <ele>0</ele>
        <time>1970-01-01T00:00:00Z</time>
      </trkpt>
      <trkpt lat="38.61964" lon="-109.43526">
        <ele>0</ele>
        <time>1970-01-01T00:00:00Z</time>
      </trkpt>
      <trkpt lat="38.61968" lon="-109.4353">
        <ele>0</ele>
        <time>1970-01-01T00:00:00Z</time>
      </trkpt>
      <trkpt lat="38.61975" lon="-109.43531">
        <ele>0</ele>
        <time>1970-01-01T00:00:00Z</time>
      </trkpt>
      <trkpt lat="38.61988" lon="-109.4354">
        <ele>0</ele>
        <time>1970-01-01T00:00:00Z</time>
      </trkpt>
      <trkpt lat="38.6201" lon="-109.43564">
        <ele>0</ele>
        <time>1970-01-01T00:00:00Z</time>
      </trkpt>
      <trkpt lat="38.62021" lon="-109.43572">
        <ele>0</ele>
        <time>1970-01-01T00:00:00Z</time>
      </trkpt>
      <trkpt lat="38.62025" lon="-109.43579">
        <ele>0</ele>
        <time>1970-01-01T00:00:00Z</time>
      </trkpt>
      <trkpt lat="38.62042" lon="-109.43585">
        <ele>0</ele>
        <time>1970-01-01T00:00:00Z</time>
      </trkpt>
      <trkpt lat="38.62052" lon="-109.43598">
        <ele>0</ele>
        <time>1970-01-01T00:00:00Z</time>
      </trkpt>
      <trkpt lat="38.62064" lon="-109.43606">
        <ele>0</ele>
        <time>1970-01-01T00:00:00Z</time>
      </trkpt>
      <trkpt lat="38.62065" lon="-109.43613">
        <ele>0</ele>
        <time>1970-01-01T00:00:00Z</time>
      </trkpt>
      <trkpt lat="38.62083" lon="-109.43628">
        <ele>0</ele>
        <time>1970-01-01T00:00:00Z</time>
      </trkpt>
      <trkpt lat="38.62095" lon="-109.43634">
        <ele>0</ele>
        <time>1970-01-01T00:00:00Z</time>
      </trkpt>
      <trkpt lat="38.62113" lon="-109.43651">
        <ele>0</ele>
        <time>1970-01-01T00:00:00Z</time>
      </trkpt>
      <trkpt lat="38.62124" lon="-109.43651">
        <ele>0</ele>
        <time>1970-01-01T00:00:00Z</time>
      </trkpt>
      <trkpt lat="38.62128" lon="-109.43653">
        <ele>0</ele>
        <time>1970-01-01T00:00:00Z</time>
      </trkpt>
      <trkpt lat="38.62141" lon="-109.43667">
        <ele>0</ele>
        <time>1970-01-01T00:00:00Z</time>
      </trkpt>
      <trkpt lat="38.62193" lon="-109.43704">
        <ele>0</ele>
        <time>1970-01-01T00:00:00Z</time>
      </trkpt>
      <trkpt lat="38.6221" lon="-109.43714">
        <ele>0</ele>
        <time>1970-01-01T00:00:00Z</time>
      </trkpt>
      <trkpt lat="38.62225" lon="-109.43727">
        <ele>0</ele>
        <time>1970-01-01T00:00:00Z</time>
      </trkpt>
      <trkpt lat="38.62243" lon="-109.43735">
        <ele>0</ele>
        <time>1970-01-01T00:00:00Z</time>
      </trkpt>
      <trkpt lat="38.6225" lon="-109.43742">
        <ele>0</ele>
        <time>1970-01-01T00:00:00Z</time>
      </trkpt>
      <trkpt lat="38.62271" lon="-109.43749">
        <ele>0</ele>
        <time>1970-01-01T00:00:00Z</time>
      </trkpt>
      <trkpt lat="38.62299" lon="-109.4377">
        <ele>0</ele>
        <time>1970-01-01T00:00:00Z</time>
      </trkpt>
      <trkpt lat="38.6233" lon="-109.43788">
        <ele>0</ele>
        <time>1970-01-01T00:00:00Z</time>
      </trkpt>
      <trkpt lat="38.62352" lon="-109.43807">
        <ele>0</ele>
        <time>1970-01-01T00:00:00Z</time>
      </trkpt>
      <trkpt lat="38.62361" lon="-109.43822">
        <ele>0</ele>
        <time>1970-01-01T00:00:00Z</time>
      </trkpt>
      <trkpt lat="38.62372" lon="-109.43843">
        <ele>0</ele>
        <time>1970-01-01T00:00:00Z</time>
      </trkpt>
      <trkpt lat="38.62395" lon="-109.43898">
        <ele>0</ele>
        <time>1970-01-01T00:00:00Z</time>
      </trkpt>
      <trkpt lat="38.62422" lon="-109.43949">
        <ele>0</ele>
        <time>1970-01-01T00:00:00Z</time>
      </trkpt>
      <trkpt lat="38.62428" lon="-109.43967">
        <ele>0</ele>
        <time>1970-01-01T00:00:00Z</time>
      </trkpt>
      <trkpt lat="38.62436" lon="-109.43981">
        <ele>0</ele>
        <time>1970-01-01T00:00:00Z</time>
      </trkpt>
      <trkpt lat="38.62448" lon="-109.44015">
        <ele>0</ele>
        <time>1970-01-01T00:00:00Z</time>
      </trkpt>
      <trkpt lat="38.62465" lon="-109.44046">
        <ele>0</ele>
        <time>1970-01-01T00:00:00Z</time>
      </trkpt>
      <trkpt lat="38.62472" lon="-109.44071">
        <ele>0</ele>
        <time>1970-01-01T00:00:00Z</time>
      </trkpt>
      <trkpt lat="38.62486" lon="-109.44085">
        <ele>0</ele>
        <time>1970-01-01T00:00:00Z</time>
      </trkpt>
      <trkpt lat="38.625" lon="-109.44118">
        <ele>0</ele>
        <time>1970-01-01T00:00:00Z</time>
      </trkpt>
      <trkpt lat="38.62508" lon="-109.44131">
        <ele>0</ele>
        <time>1970-01-01T00:00:00Z</time>
      </trkpt>
      <trkpt lat="38.62519" lon="-109.44161">
        <ele>0</ele>
        <time>1970-01-01T00:00:00Z</time>
      </trkpt>
      <trkpt lat="38.62531" lon="-109.44181">
        <ele>0</ele>
        <time>1970-01-01T00:00:00Z</time>
      </trkpt>
      <trkpt lat="38.62549" lon="-109.44237">
        <ele>0</ele>
        <time>1970-01-01T00:00:00Z</time>
      </trkpt>
      <trkpt lat="38.6255" lon="-109.44249">
        <ele>0</ele>
        <time>1970-01-01T00:00:00Z</time>
      </trkpt>
      <trkpt lat="38.62547" lon="-109.44269">
        <ele>0</ele>
        <time>1970-01-01T00:00:00Z</time>
      </trkpt>
      <trkpt lat="38.62548" lon="-109.44276">
        <ele>0</ele>
        <time>1970-01-01T00:00:00Z</time>
      </trkpt>
      <trkpt lat="38.62552" lon="-109.44285">
        <ele>0</ele>
        <time>1970-01-01T00:00:00Z</time>
      </trkpt>
      <trkpt lat="38.62551" lon="-109.44296">
        <ele>0</ele>
        <time>1970-01-01T00:00:00Z</time>
      </trkpt>
      <trkpt lat="38.62549" lon="-109.44316">
        <ele>0</ele>
        <time>1970-01-01T00:00:00Z</time>
      </trkpt>
      <trkpt lat="38.62545" lon="-109.44338">
        <ele>0</ele>
        <time>1970-01-01T00:00:00Z</time>
      </trkpt>
      <trkpt lat="38.62548" lon="-109.44346">
        <ele>0</ele>
        <time>1970-01-01T00:00:00Z</time>
      </trkpt>
      <trkpt lat="38.62548" lon="-109.44353">
        <ele>0</ele>
        <time>1970-01-01T00:00:00Z</time>
      </trkpt>
      <trkpt lat="38.62546" lon="-109.44363">
        <ele>0</ele>
        <time>1970-01-01T00:00:00Z</time>
      </trkpt>
      <trkpt lat="38.62545" lon="-109.44397">
        <ele>0</ele>
        <time>1970-01-01T00:00:00Z</time>
      </trkpt>
      <trkpt lat="38.62546" lon="-109.44395">
        <ele>0</ele>
        <time>1970-01-01T00:00:00Z</time>
      </trkpt>
      <trkpt lat="38.62545" lon="-109.44397">
        <ele>0</ele>
        <time>1970-01-01T00:00:00Z</time>
      </trkpt>
      <trkpt lat="38.62551" lon="-109.44402">
        <ele>0</ele>
        <time>1970-01-01T00:00:00Z</time>
      </trkpt>
      <trkpt lat="38.62543" lon="-109.44381">
        <ele>0</ele>
        <time>1970-01-01T00:00:00Z</time>
      </trkpt>
      <trkpt lat="38.62546" lon="-109.44397">
        <ele>0</ele>
        <time>1970-01-01T00:00:00Z</time>
      </trkpt>
      <trkpt lat="38.62553" lon="-109.44385">
        <ele>0</ele>
        <time>1970-01-01T00:00:00Z</time>
      </trkpt>
      <trkpt lat="38.62552" lon="-109.44396">
        <ele>0</ele>
        <time>1970-01-01T00:00:00Z</time>
      </trkpt>
      <trkpt lat="38.62546" lon="-109.44397">
        <ele>0</ele>
        <time>1970-01-01T00:00:00Z</time>
      </trkpt>
      <trkpt lat="38.6255" lon="-109.44404">
        <ele>0</ele>
        <time>1970-01-01T00:00:00Z</time>
      </trkpt>
      <trkpt lat="38.62556" lon="-109.44426">
        <ele>0</ele>
        <time>1970-01-01T00:00:00Z</time>
      </trkpt>
      <trkpt lat="38.62559" lon="-109.44432">
        <ele>0</ele>
        <time>1970-01-01T00:00:00Z</time>
      </trkpt>
      <trkpt lat="38.62577" lon="-109.44442">
        <ele>0</ele>
        <time>1970-01-01T00:00:00Z</time>
      </trkpt>
      <trkpt lat="38.62581" lon="-109.44448">
        <ele>0</ele>
        <time>1970-01-01T00:00:00Z</time>
      </trkpt>
      <trkpt lat="38.62585" lon="-109.44468">
        <ele>0</ele>
        <time>1970-01-01T00:00:00Z</time>
      </trkpt>
      <trkpt lat="38.62601" lon="-109.44501">
        <ele>0</ele>
        <time>1970-01-01T00:00:00Z</time>
      </trkpt>
      <trkpt lat="38.62604" lon="-109.44521">
        <ele>0</ele>
        <time>1970-01-01T00:00:00Z</time>
      </trkpt>
      <trkpt lat="38.62602" lon="-109.44537">
        <ele>0</ele>
        <time>1970-01-01T00:00:00Z</time>
      </trkpt>
      <trkpt lat="38.62597" lon="-109.4455">
        <ele>0</ele>
        <time>1970-01-01T00:00:00Z</time>
      </trkpt>
      <trkpt lat="38.62592" lon="-109.44558">
        <ele>0</ele>
        <time>1970-01-01T00:00:00Z</time>
      </trkpt>
      <trkpt lat="38.6259" lon="-109.44567">
        <ele>0</ele>
        <time>1970-01-01T00:00:00Z</time>
      </trkpt>
      <trkpt lat="38.62574" lon="-109.44579">
        <ele>0</ele>
        <time>1970-01-01T00:00:00Z</time>
      </trkpt>
      <trkpt lat="38.62572" lon="-109.44585">
        <ele>0</ele>
        <time>1970-01-01T00:00:00Z</time>
      </trkpt>
      <trkpt lat="38.62564" lon="-109.44593">
        <ele>0</ele>
        <time>1970-01-01T00:00:00Z</time>
      </trkpt>
      <trkpt lat="38.62555" lon="-109.44608">
        <ele>0</ele>
        <time>1970-01-01T00:00:00Z</time>
      </trkpt>
      <trkpt lat="38.62551" lon="-109.44618">
        <ele>0</ele>
        <time>1970-01-01T00:00:00Z</time>
      </trkpt>
      <trkpt lat="38.62551" lon="-109.44624">
        <ele>0</ele>
        <time>1970-01-01T00:00:00Z</time>
      </trkpt>
      <trkpt lat="38.62553" lon="-109.44638">
        <ele>0</ele>
        <time>1970-01-01T00:00:00Z</time>
      </trkpt>
      <trkpt lat="38.62563" lon="-109.44659">
        <ele>0</ele>
        <time>1970-01-01T00:00:00Z</time>
      </trkpt>
      <trkpt lat="38.62568" lon="-109.447">
        <ele>0</ele>
        <time>1970-01-01T00:00:00Z</time>
      </trkpt>
      <trkpt lat="38.62573" lon="-109.44713">
        <ele>0</ele>
        <time>1970-01-01T00:00:00Z</time>
      </trkpt>
      <trkpt lat="38.62573" lon="-109.44723">
        <ele>0</ele>
        <time>1970-01-01T00:00:00Z</time>
      </trkpt>
      <trkpt lat="38.62575" lon="-109.44725">
        <ele>0</ele>
        <time>1970-01-01T00:00:00Z</time>
      </trkpt>
      <trkpt lat="38.6258" lon="-109.44723">
        <ele>0</ele>
        <time>1970-01-01T00:00:00Z</time>
      </trkpt>
      <trkpt lat="38.62583" lon="-109.44723">
        <ele>0</ele>
        <time>1970-01-01T00:00:00Z</time>
      </trkpt>
      <trkpt lat="38.6259" lon="-109.44733">
        <ele>0</ele>
        <time>1970-01-01T00:00:00Z</time>
      </trkpt>
      <trkpt lat="38.62597" lon="-109.44764">
        <ele>0</ele>
        <time>1970-01-01T00:00:00Z</time>
      </trkpt>
      <trkpt lat="38.6261" lon="-109.44788">
        <ele>0</ele>
        <time>1970-01-01T00:00:00Z</time>
      </trkpt>
      <trkpt lat="38.62614" lon="-109.44811">
        <ele>0</ele>
        <time>1970-01-01T00:00:00Z</time>
      </trkpt>
      <trkpt lat="38.62622" lon="-109.44827">
        <ele>0</ele>
        <time>1970-01-01T00:00:00Z</time>
      </trkpt>
      <trkpt lat="38.62636" lon="-109.44847">
        <ele>0</ele>
        <time>1970-01-01T00:00:00Z</time>
      </trkpt>
      <trkpt lat="38.62642" lon="-109.44876">
        <ele>0</ele>
        <time>1970-01-01T00:00:00Z</time>
      </trkpt>
      <trkpt lat="38.62662" lon="-109.44917">
        <ele>0</ele>
        <time>1970-01-01T00:00:00Z</time>
      </trkpt>
      <trkpt lat="38.62679" lon="-109.44946">
        <ele>0</ele>
        <time>1970-01-01T00:00:00Z</time>
      </trkpt>
      <trkpt lat="38.62692" lon="-109.44977">
        <ele>0</ele>
        <time>1970-01-01T00:00:00Z</time>
      </trkpt>
      <trkpt lat="38.62702" lon="-109.45018">
        <ele>0</ele>
        <time>1970-01-01T00:00:00Z</time>
      </trkpt>
      <trkpt lat="38.62703" lon="-109.4506">
        <ele>0</ele>
        <time>1970-01-01T00:00:00Z</time>
      </trkpt>
      <trkpt lat="38.62707" lon="-109.45081">
        <ele>0</ele>
        <time>1970-01-01T00:00:00Z</time>
      </trkpt>
      <trkpt lat="38.62707" lon="-109.45097">
        <ele>0</ele>
        <time>1970-01-01T00:00:00Z</time>
      </trkpt>
      <trkpt lat="38.62707" lon="-109.45115">
        <ele>0</ele>
        <time>1970-01-01T00:00:00Z</time>
      </trkpt>
      <trkpt lat="38.62701" lon="-109.45138">
        <ele>0</ele>
        <time>1970-01-01T00:00:00Z</time>
      </trkpt>
      <trkpt lat="38.62699" lon="-109.45163">
        <ele>0</ele>
        <time>1970-01-01T00:00:00Z</time>
      </trkpt>
      <trkpt lat="38.627" lon="-109.45181">
        <ele>0</ele>
        <time>1970-01-01T00:00:00Z</time>
      </trkpt>
      <trkpt lat="38.62704" lon="-109.45196">
        <ele>0</ele>
        <time>1970-01-01T00:00:00Z</time>
      </trkpt>
      <trkpt lat="38.62702" lon="-109.45202">
        <ele>0</ele>
        <time>1970-01-01T00:00:00Z</time>
      </trkpt>
      <trkpt lat="38.62693" lon="-109.45205">
        <ele>0</ele>
        <time>1970-01-01T00:00:00Z</time>
      </trkpt>
      <trkpt lat="38.62671" lon="-109.452">
        <ele>0</ele>
        <time>1970-01-01T00:00:00Z</time>
      </trkpt>
      <trkpt lat="38.6265" lon="-109.45191">
        <ele>0</ele>
        <time>1970-01-01T00:00:00Z</time>
      </trkpt>
      <trkpt lat="38.62641" lon="-109.45185">
        <ele>0</ele>
        <time>1970-01-01T00:00:00Z</time>
      </trkpt>
      <trkpt lat="38.62637" lon="-109.45185">
        <ele>0</ele>
        <time>1970-01-01T00:00:00Z</time>
      </trkpt>
      <trkpt lat="38.62629" lon="-109.4519">
        <ele>0</ele>
        <time>1970-01-01T00:00:00Z</time>
      </trkpt>
      <trkpt lat="38.62626" lon="-109.45193">
        <ele>0</ele>
        <time>1970-01-01T00:00:00Z</time>
      </trkpt>
      <trkpt lat="38.62624" lon="-109.45198">
        <ele>0</ele>
        <time>1970-01-01T00:00:00Z</time>
      </trkpt>
      <trkpt lat="38.62627" lon="-109.45223">
        <ele>0</ele>
        <time>1970-01-01T00:00:00Z</time>
      </trkpt>
      <trkpt lat="38.62622" lon="-109.45241">
        <ele>0</ele>
        <time>1970-01-01T00:00:00Z</time>
      </trkpt>
      <trkpt lat="38.62637" lon="-109.45257">
        <ele>0</ele>
        <time>1970-01-01T00:00:00Z</time>
      </trkpt>
      <trkpt lat="38.62648" lon="-109.45264">
        <ele>0</ele>
        <time>1970-01-01T00:00:00Z</time>
      </trkpt>
      <trkpt lat="38.6266" lon="-109.4528">
        <ele>0</ele>
        <time>1970-01-01T00:00:00Z</time>
      </trkpt>
      <trkpt lat="38.62672" lon="-109.4529">
        <ele>0</ele>
        <time>1970-01-01T00:00:00Z</time>
      </trkpt>
      <trkpt lat="38.62677" lon="-109.45298">
        <ele>0</ele>
        <time>1970-01-01T00:00:00Z</time>
      </trkpt>
      <trkpt lat="38.62677" lon="-109.45316">
        <ele>0</ele>
        <time>1970-01-01T00:00:00Z</time>
      </trkpt>
      <trkpt lat="38.62672" lon="-109.45332">
        <ele>0</ele>
        <time>1970-01-01T00:00:00Z</time>
      </trkpt>
      <trkpt lat="38.62635" lon="-109.4539">
        <ele>0</ele>
        <time>1970-01-01T00:00:00Z</time>
      </trkpt>
      <trkpt lat="38.62632" lon="-109.45415">
        <ele>0</ele>
        <time>1970-01-01T00:00:00Z</time>
      </trkpt>
      <trkpt lat="38.62633" lon="-109.4544">
        <ele>0</ele>
        <time>1970-01-01T00:00:00Z</time>
      </trkpt>
      <trkpt lat="38.62632" lon="-109.45448">
        <ele>0</ele>
        <time>1970-01-01T00:00:00Z</time>
      </trkpt>
      <trkpt lat="38.6263" lon="-109.45462">
        <ele>0</ele>
        <time>1970-01-01T00:00:00Z</time>
      </trkpt>
      <trkpt lat="38.62617" lon="-109.45506">
        <ele>0</ele>
        <time>1970-01-01T00:00:00Z</time>
      </trkpt>
      <trkpt lat="38.62612" lon="-109.45544">
        <ele>0</ele>
        <time>1970-01-01T00:00:00Z</time>
      </trkpt>
      <trkpt lat="38.62609" lon="-109.45599">
        <ele>0</ele>
        <time>1970-01-01T00:00:00Z</time>
      </trkpt>
      <trkpt lat="38.62603" lon="-109.45616">
        <ele>0</ele>
        <time>1970-01-01T00:00:00Z</time>
      </trkpt>
      <trkpt lat="38.62588" lon="-109.45638">
        <ele>0</ele>
        <time>1970-01-01T00:00:00Z</time>
      </trkpt>
      <trkpt lat="38.62576" lon="-109.45679">
        <ele>0</ele>
        <time>1970-01-01T00:00:00Z</time>
      </trkpt>
      <trkpt lat="38.62544" lon="-109.45759">
        <ele>0</ele>
        <time>1970-01-01T00:00:00Z</time>
      </trkpt>
      <trkpt lat="38.62538" lon="-109.45786">
        <ele>0</ele>
        <time>1970-01-01T00:00:00Z</time>
      </trkpt>
      <trkpt lat="38.62537" lon="-109.45817">
        <ele>0</ele>
        <time>1970-01-01T00:00:00Z</time>
      </trkpt>
      <trkpt lat="38.62541" lon="-109.4584">
        <ele>0</ele>
        <time>1970-01-01T00:00:00Z</time>
      </trkpt>
      <trkpt lat="38.62536" lon="-109.4587">
        <ele>0</ele>
        <time>1970-01-01T00:00:00Z</time>
      </trkpt>
      <trkpt lat="38.62536" lon="-109.45878">
        <ele>0</ele>
        <time>1970-01-01T00:00:00Z</time>
      </trkpt>
      <trkpt lat="38.62543" lon="-109.45898">
        <ele>0</ele>
        <time>1970-01-01T00:00:00Z</time>
      </trkpt>
      <trkpt lat="38.6254" lon="-109.45916">
        <ele>0</ele>
        <time>1970-01-01T00:00:00Z</time>
      </trkpt>
      <trkpt lat="38.62547" lon="-109.45934">
        <ele>0</ele>
        <time>1970-01-01T00:00:00Z</time>
      </trkpt>
      <trkpt lat="38.62545" lon="-109.45965">
        <ele>0</ele>
        <time>1970-01-01T00:00:00Z</time>
      </trkpt>
      <trkpt lat="38.62557" lon="-109.46002">
        <ele>0</ele>
        <time>1970-01-01T00:00:00Z</time>
      </trkpt>
      <trkpt lat="38.62556" lon="-109.46">
        <ele>0</ele>
        <time>1970-01-01T00:00:00Z</time>
      </trkpt>
      <trkpt lat="38.62555" lon="-109.46002">
        <ele>0</ele>
        <time>1970-01-01T00:00:00Z</time>
      </trkpt>
      <trkpt lat="38.62556" lon="-109.46">
        <ele>0</ele>
        <time>1970-01-01T00:00:00Z</time>
      </trkpt>
      <trkpt lat="38.62557" lon="-109.46003">
        <ele>0</ele>
        <time>1970-01-01T00:00:00Z</time>
      </trkpt>
      <trkpt lat="38.62559" lon="-109.46036">
        <ele>0</ele>
        <time>1970-01-01T00:00:00Z</time>
      </trkpt>
      <trkpt lat="38.62564" lon="-109.46052">
        <ele>0</ele>
        <time>1970-01-01T00:00:00Z</time>
      </trkpt>
      <trkpt lat="38.62565" lon="-109.46071">
        <ele>0</ele>
        <time>1970-01-01T00:00:00Z</time>
      </trkpt>
      <trkpt lat="38.62569" lon="-109.46079">
        <ele>0</ele>
        <time>1970-01-01T00:00:00Z</time>
      </trkpt>
      <trkpt lat="38.6257" lon="-109.46108">
        <ele>0</ele>
        <time>1970-01-01T00:00:00Z</time>
      </trkpt>
      <trkpt lat="38.62577" lon="-109.4613">
        <ele>0</ele>
        <time>1970-01-01T00:00:00Z</time>
      </trkpt>
      <trkpt lat="38.62578" lon="-109.4615">
        <ele>0</ele>
        <time>1970-01-01T00:00:00Z</time>
      </trkpt>
      <trkpt lat="38.62583" lon="-109.46169">
        <ele>0</ele>
        <time>1970-01-01T00:00:00Z</time>
      </trkpt>
      <trkpt lat="38.62584" lon="-109.4619">
        <ele>0</ele>
        <time>1970-01-01T00:00:00Z</time>
      </trkpt>
      <trkpt lat="38.62581" lon="-109.46236">
        <ele>0</ele>
        <time>1970-01-01T00:00:00Z</time>
      </trkpt>
      <trkpt lat="38.62573" lon="-109.46277">
        <ele>0</ele>
        <time>1970-01-01T00:00:00Z</time>
      </trkpt>
      <trkpt lat="38.62573" lon="-109.4629">
        <ele>0</ele>
        <time>1970-01-01T00:00:00Z</time>
      </trkpt>
      <trkpt lat="38.6257" lon="-109.46297">
        <ele>0</ele>
        <time>1970-01-01T00:00:00Z</time>
      </trkpt>
      <trkpt lat="38.62554" lon="-109.46311">
        <ele>0</ele>
        <time>1970-01-01T00:00:00Z</time>
      </trkpt>
      <trkpt lat="38.62542" lon="-109.46328">
        <ele>0</ele>
        <time>1970-01-01T00:00:00Z</time>
      </trkpt>
      <trkpt lat="38.62536" lon="-109.46347">
        <ele>0</ele>
        <time>1970-01-01T00:00:00Z</time>
      </trkpt>
      <trkpt lat="38.62525" lon="-109.46371">
        <ele>0</ele>
        <time>1970-01-01T00:00:00Z</time>
      </trkpt>
      <trkpt lat="38.62515" lon="-109.46398">
        <ele>0</ele>
        <time>1970-01-01T00:00:00Z</time>
      </trkpt>
      <trkpt lat="38.62515" lon="-109.4643">
        <ele>0</ele>
        <time>1970-01-01T00:00:00Z</time>
      </trkpt>
      <trkpt lat="38.62513" lon="-109.46435">
        <ele>0</ele>
        <time>1970-01-01T00:00:00Z</time>
      </trkpt>
      <trkpt lat="38.62509" lon="-109.46438">
        <ele>0</ele>
        <time>1970-01-01T00:00:00Z</time>
      </trkpt>
      <trkpt lat="38.62507" lon="-109.46447">
        <ele>0</ele>
        <time>1970-01-01T00:00:00Z</time>
      </trkpt>
      <trkpt lat="38.62499" lon="-109.46459">
        <ele>0</ele>
        <time>1970-01-01T00:00:00Z</time>
      </trkpt>
      <trkpt lat="38.62493" lon="-109.46473">
        <ele>0</ele>
        <time>1970-01-01T00:00:00Z</time>
      </trkpt>
      <trkpt lat="38.62492" lon="-109.46485">
        <ele>0</ele>
        <time>1970-01-01T00:00:00Z</time>
      </trkpt>
      <trkpt lat="38.62506" lon="-109.46528">
        <ele>0</ele>
        <time>1970-01-01T00:00:00Z</time>
      </trkpt>
      <trkpt lat="38.62505" lon="-109.46537">
        <ele>0</ele>
        <time>1970-01-01T00:00:00Z</time>
      </trkpt>
      <trkpt lat="38.62507" lon="-109.46556">
        <ele>0</ele>
        <time>1970-01-01T00:00:00Z</time>
      </trkpt>
      <trkpt lat="38.62487" lon="-109.4659">
        <ele>0</ele>
        <time>1970-01-01T00:00:00Z</time>
      </trkpt>
      <trkpt lat="38.62483" lon="-109.46592">
        <ele>0</ele>
        <time>1970-01-01T00:00:00Z</time>
      </trkpt>
      <trkpt lat="38.62467" lon="-109.46595">
        <ele>0</ele>
        <time>1970-01-01T00:00:00Z</time>
      </trkpt>
      <trkpt lat="38.62445" lon="-109.46609">
        <ele>0</ele>
        <time>1970-01-01T00:00:00Z</time>
      </trkpt>
      <trkpt lat="38.62436" lon="-109.46617">
        <ele>0</ele>
        <time>1970-01-01T00:00:00Z</time>
      </trkpt>
      <trkpt lat="38.62408" lon="-109.46651">
        <ele>0</ele>
        <time>1970-01-01T00:00:00Z</time>
      </trkpt>
      <trkpt lat="38.62387" lon="-109.46668">
        <ele>0</ele>
        <time>1970-01-01T00:00:00Z</time>
      </trkpt>
      <trkpt lat="38.62373" lon="-109.46683">
        <ele>0</ele>
        <time>1970-01-01T00:00:00Z</time>
      </trkpt>
      <trkpt lat="38.62344" lon="-109.46709">
        <ele>0</ele>
        <time>1970-01-01T00:00:00Z</time>
      </trkpt>
      <trkpt lat="38.62315" lon="-109.46732">
        <ele>0</ele>
        <time>1970-01-01T00:00:00Z</time>
      </trkpt>
      <trkpt lat="38.62302" lon="-109.46739">
        <ele>0</ele>
        <time>1970-01-01T00:00:00Z</time>
      </trkpt>
      <trkpt lat="38.62283" lon="-109.46753">
        <ele>0</ele>
        <time>1970-01-01T00:00:00Z</time>
      </trkpt>
      <trkpt lat="38.62243" lon="-109.46787">
        <ele>0</ele>
        <time>1970-01-01T00:00:00Z</time>
      </trkpt>
      <trkpt lat="38.62236" lon="-109.46797">
        <ele>0</ele>
        <time>1970-01-01T00:00:00Z</time>
      </trkpt>
      <trkpt lat="38.6221" lon="-109.46811">
        <ele>0</ele>
        <time>1970-01-01T00:00:00Z</time>
      </trkpt>
      <trkpt lat="38.62195" lon="-109.46827">
        <ele>0</ele>
        <time>1970-01-01T00:00:00Z</time>
      </trkpt>
      <trkpt lat="38.62182" lon="-109.46849">
        <ele>0</ele>
        <time>1970-01-01T00:00:00Z</time>
      </trkpt>
      <trkpt lat="38.62159" lon="-109.4688">
        <ele>0</ele>
        <time>1970-01-01T00:00:00Z</time>
      </trkpt>
      <trkpt lat="38.6214" lon="-109.46915">
        <ele>0</ele>
        <time>1970-01-01T00:00:00Z</time>
      </trkpt>
      <trkpt lat="38.62128" lon="-109.46928">
        <ele>0</ele>
        <time>1970-01-01T00:00:00Z</time>
      </trkpt>
      <trkpt lat="38.62121" lon="-109.46938">
        <ele>0</ele>
        <time>1970-01-01T00:00:00Z</time>
      </trkpt>
      <trkpt lat="38.62115" lon="-109.46957">
        <ele>0</ele>
        <time>1970-01-01T00:00:00Z</time>
      </trkpt>
      <trkpt lat="38.62112" lon="-109.46977">
        <ele>0</ele>
        <time>1970-01-01T00:00:00Z</time>
      </trkpt>
      <trkpt lat="38.62114" lon="-109.46988">
        <ele>0</ele>
        <time>1970-01-01T00:00:00Z</time>
      </trkpt>
      <trkpt lat="38.62118" lon="-109.46996">
        <ele>0</ele>
        <time>1970-01-01T00:00:00Z</time>
      </trkpt>
      <trkpt lat="38.62119" lon="-109.47009">
        <ele>0</ele>
        <time>1970-01-01T00:00:00Z</time>
      </trkpt>
      <trkpt lat="38.62108" lon="-109.47018">
        <ele>0</ele>
        <time>1970-01-01T00:00:00Z</time>
      </trkpt>
      <trkpt lat="38.62107" lon="-109.47022">
        <ele>0</ele>
        <time>1970-01-01T00:00:00Z</time>
      </trkpt>
      <trkpt lat="38.62102" lon="-109.47045">
        <ele>0</ele>
        <time>1970-01-01T00:00:00Z</time>
      </trkpt>
      <trkpt lat="38.62101" lon="-109.4705">
        <ele>0</ele>
        <time>1970-01-01T00:00:00Z</time>
      </trkpt>
      <trkpt lat="38.62105" lon="-109.47056">
        <ele>0</ele>
        <time>1970-01-01T00:00:00Z</time>
      </trkpt>
      <trkpt lat="38.62102" lon="-109.47077">
        <ele>0</ele>
        <time>1970-01-01T00:00:00Z</time>
      </trkpt>
      <trkpt lat="38.62104" lon="-109.47102">
        <ele>0</ele>
        <time>1970-01-01T00:00:00Z</time>
      </trkpt>
      <trkpt lat="38.62102" lon="-109.47125">
        <ele>0</ele>
        <time>1970-01-01T00:00:00Z</time>
      </trkpt>
      <trkpt lat="38.62102" lon="-109.47144">
        <ele>0</ele>
        <time>1970-01-01T00:00:00Z</time>
      </trkpt>
      <trkpt lat="38.62106" lon="-109.47172">
        <ele>0</ele>
        <time>1970-01-01T00:00:00Z</time>
      </trkpt>
      <trkpt lat="38.62115" lon="-109.47189">
        <ele>0</ele>
        <time>1970-01-01T00:00:00Z</time>
      </trkpt>
      <trkpt lat="38.62118" lon="-109.47202">
        <ele>0</ele>
        <time>1970-01-01T00:00:00Z</time>
      </trkpt>
      <trkpt lat="38.62118" lon="-109.4722">
        <ele>0</ele>
        <time>1970-01-01T00:00:00Z</time>
      </trkpt>
      <trkpt lat="38.62116" lon="-109.47224">
        <ele>0</ele>
        <time>1970-01-01T00:00:00Z</time>
      </trkpt>
      <trkpt lat="38.62111" lon="-109.47231">
        <ele>0</ele>
        <time>1970-01-01T00:00:00Z</time>
      </trkpt>
      <trkpt lat="38.62108" lon="-109.47236">
        <ele>0</ele>
        <time>1970-01-01T00:00:00Z</time>
      </trkpt>
      <trkpt lat="38.6211" lon="-109.47253">
        <ele>0</ele>
        <time>1970-01-01T00:00:00Z</time>
      </trkpt>
      <trkpt lat="38.62106" lon="-109.47264">
        <ele>0</ele>
        <time>1970-01-01T00:00:00Z</time>
      </trkpt>
      <trkpt lat="38.62106" lon="-109.47271">
        <ele>0</ele>
        <time>1970-01-01T00:00:00Z</time>
      </trkpt>
      <trkpt lat="38.62106" lon="-109.47295">
        <ele>0</ele>
        <time>1970-01-01T00:00:00Z</time>
      </trkpt>
      <trkpt lat="38.62107" lon="-109.47304">
        <ele>0</ele>
        <time>1970-01-01T00:00:00Z</time>
      </trkpt>
      <trkpt lat="38.62122" lon="-109.47341">
        <ele>0</ele>
        <time>1970-01-01T00:00:00Z</time>
      </trkpt>
      <trkpt lat="38.62128" lon="-109.47371">
        <ele>0</ele>
        <time>1970-01-01T00:00:00Z</time>
      </trkpt>
      <trkpt lat="38.62143" lon="-109.47407">
        <ele>0</ele>
        <time>1970-01-01T00:00:00Z</time>
      </trkpt>
      <trkpt lat="38.62146" lon="-109.47423">
        <ele>0</ele>
        <time>1970-01-01T00:00:00Z</time>
      </trkpt>
      <trkpt lat="38.62147" lon="-109.47447">
        <ele>0</ele>
        <time>1970-01-01T00:00:00Z</time>
      </trkpt>
      <trkpt lat="38.62145" lon="-109.4745">
        <ele>0</ele>
        <time>1970-01-01T00:00:00Z</time>
      </trkpt>
      <trkpt lat="38.62148" lon="-109.47451">
        <ele>0</ele>
        <time>1970-01-01T00:00:00Z</time>
      </trkpt>
      <trkpt lat="38.62148" lon="-109.4746">
        <ele>0</ele>
        <time>1970-01-01T00:00:00Z</time>
      </trkpt>
      <trkpt lat="38.62163" lon="-109.47491">
        <ele>0</ele>
        <time>1970-01-01T00:00:00Z</time>
      </trkpt>
      <trkpt lat="38.62172" lon="-109.47534">
        <ele>0</ele>
        <time>1970-01-01T00:00:00Z</time>
      </trkpt>
      <trkpt lat="38.62186" lon="-109.47574">
        <ele>0</ele>
        <time>1970-01-01T00:00:00Z</time>
      </trkpt>
      <trkpt lat="38.62192" lon="-109.47584">
        <ele>0</ele>
        <time>1970-01-01T00:00:00Z</time>
      </trkpt>
      <trkpt lat="38.62194" lon="-109.47591">
        <ele>0</ele>
        <time>1970-01-01T00:00:00Z</time>
      </trkpt>
      <trkpt lat="38.62192" lon="-109.47609">
        <ele>0</ele>
        <time>1970-01-01T00:00:00Z</time>
      </trkpt>
      <trkpt lat="38.622" lon="-109.47636">
        <ele>0</ele>
        <time>1970-01-01T00:00:00Z</time>
      </trkpt>
      <trkpt lat="38.62199" lon="-109.47651">
        <ele>0</ele>
        <time>1970-01-01T00:00:00Z</time>
      </trkpt>
      <trkpt lat="38.62203" lon="-109.47672">
        <ele>0</ele>
        <time>1970-01-01T00:00:00Z</time>
      </trkpt>
      <trkpt lat="38.62206" lon="-109.47678">
        <ele>0</ele>
        <time>1970-01-01T00:00:00Z</time>
      </trkpt>
      <trkpt lat="38.62203" lon="-109.47682">
        <ele>0</ele>
        <time>1970-01-01T00:00:00Z</time>
      </trkpt>
      <trkpt lat="38.62205" lon="-109.47687">
        <ele>0</ele>
        <time>1970-01-01T00:00:00Z</time>
      </trkpt>
      <trkpt lat="38.62203" lon="-109.47688">
        <ele>0</ele>
        <time>1970-01-01T00:00:00Z</time>
      </trkpt>
      <trkpt lat="38.62198" lon="-109.47695">
        <ele>0</ele>
        <time>1970-01-01T00:00:00Z</time>
      </trkpt>
      <trkpt lat="38.62203" lon="-109.47704">
        <ele>0</ele>
        <time>1970-01-01T00:00:00Z</time>
      </trkpt>
      <trkpt lat="38.62213" lon="-109.47712">
        <ele>0</ele>
        <time>1970-01-01T00:00:00Z</time>
      </trkpt>
      <trkpt lat="38.62222" lon="-109.47733">
        <ele>0</ele>
        <time>1970-01-01T00:00:00Z</time>
      </trkpt>
      <trkpt lat="38.62228" lon="-109.47759">
        <ele>0</ele>
        <time>1970-01-01T00:00:00Z</time>
      </trkpt>
      <trkpt lat="38.62228" lon="-109.4778">
        <ele>0</ele>
        <time>1970-01-01T00:00:00Z</time>
      </trkpt>
      <trkpt lat="38.62231" lon="-109.47793">
        <ele>0</ele>
        <time>1970-01-01T00:00:00Z</time>
      </trkpt>
      <trkpt lat="38.62243" lon="-109.47813">
        <ele>0</ele>
        <time>1970-01-01T00:00:00Z</time>
      </trkpt>
      <trkpt lat="38.62256" lon="-109.47867">
        <ele>0</ele>
        <time>1970-01-01T00:00:00Z</time>
      </trkpt>
      <trkpt lat="38.62263" lon="-109.47875">
        <ele>0</ele>
        <time>1970-01-01T00:00:00Z</time>
      </trkpt>
      <trkpt lat="38.62269" lon="-109.47877">
        <ele>0</ele>
        <time>1970-01-01T00:00:00Z</time>
      </trkpt>
      <trkpt lat="38.62276" lon="-109.47884">
        <ele>0</ele>
        <time>1970-01-01T00:00:00Z</time>
      </trkpt>
      <trkpt lat="38.62282" lon="-109.47895">
        <ele>0</ele>
        <time>1970-01-01T00:00:00Z</time>
      </trkpt>
      <trkpt lat="38.62286" lon="-109.47924">
        <ele>0</ele>
        <time>1970-01-01T00:00:00Z</time>
      </trkpt>
      <trkpt lat="38.62294" lon="-109.47948">
        <ele>0</ele>
        <time>1970-01-01T00:00:00Z</time>
      </trkpt>
      <trkpt lat="38.62292" lon="-109.47956">
        <ele>0</ele>
        <time>1970-01-01T00:00:00Z</time>
      </trkpt>
      <trkpt lat="38.62294" lon="-109.47957">
        <ele>0</ele>
        <time>1970-01-01T00:00:00Z</time>
      </trkpt>
      <trkpt lat="38.62295" lon="-109.47964">
        <ele>0</ele>
        <time>1970-01-01T00:00:00Z</time>
      </trkpt>
      <trkpt lat="38.62301" lon="-109.47968">
        <ele>0</ele>
        <time>1970-01-01T00:00:00Z</time>
      </trkpt>
      <trkpt lat="38.62302" lon="-109.4798">
        <ele>0</ele>
        <time>1970-01-01T00:00:00Z</time>
      </trkpt>
      <trkpt lat="38.62303" lon="-109.47977">
        <ele>0</ele>
        <time>1970-01-01T00:00:00Z</time>
      </trkpt>
      <trkpt lat="38.62316" lon="-109.47991">
        <ele>0</ele>
        <time>1970-01-01T00:00:00Z</time>
      </trkpt>
      <trkpt lat="38.62325" lon="-109.48007">
        <ele>0</ele>
        <time>1970-01-01T00:00:00Z</time>
      </trkpt>
      <trkpt lat="38.62333" lon="-109.48027">
        <ele>0</ele>
        <time>1970-01-01T00:00:00Z</time>
      </trkpt>
      <trkpt lat="38.62336" lon="-109.48027">
        <ele>0</ele>
        <time>1970-01-01T00:00:00Z</time>
      </trkpt>
      <trkpt lat="38.62345" lon="-109.48034">
        <ele>0</ele>
        <time>1970-01-01T00:00:00Z</time>
      </trkpt>
      <trkpt lat="38.62353" lon="-109.48047">
        <ele>0</ele>
        <time>1970-01-01T00:00:00Z</time>
      </trkpt>
      <trkpt lat="38.62371" lon="-109.48056">
        <ele>0</ele>
        <time>1970-01-01T00:00:00Z</time>
      </trkpt>
      <trkpt lat="38.62372" lon="-109.48063">
        <ele>0</ele>
        <time>1970-01-01T00:00:00Z</time>
      </trkpt>
      <trkpt lat="38.62385" lon="-109.48091">
        <ele>0</ele>
        <time>1970-01-01T00:00:00Z</time>
      </trkpt>
      <trkpt lat="38.62397" lon="-109.48105">
        <ele>0</ele>
        <time>1970-01-01T00:00:00Z</time>
      </trkpt>
      <trkpt lat="38.62401" lon="-109.4812">
        <ele>0</ele>
        <time>1970-01-01T00:00:00Z</time>
      </trkpt>
      <trkpt lat="38.6241" lon="-109.48131">
        <ele>0</ele>
        <time>1970-01-01T00:00:00Z</time>
      </trkpt>
      <trkpt lat="38.62412" lon="-109.48136">
        <ele>0</ele>
        <time>1970-01-01T00:00:00Z</time>
      </trkpt>
      <trkpt lat="38.62411" lon="-109.48144">
        <ele>0</ele>
        <time>1970-01-01T00:00:00Z</time>
      </trkpt>
      <trkpt lat="38.62412" lon="-109.48161">
        <ele>0</ele>
        <time>1970-01-01T00:00:00Z</time>
      </trkpt>
      <trkpt lat="38.62419" lon="-109.48172">
        <ele>0</ele>
        <time>1970-01-01T00:00:00Z</time>
      </trkpt>
      <trkpt lat="38.62428" lon="-109.48194">
        <ele>0</ele>
        <time>1970-01-01T00:00:00Z</time>
      </trkpt>
      <trkpt lat="38.62431" lon="-109.48211">
        <ele>0</ele>
        <time>1970-01-01T00:00:00Z</time>
      </trkpt>
      <trkpt lat="38.62429" lon="-109.48221">
        <ele>0</ele>
        <time>1970-01-01T00:00:00Z</time>
      </trkpt>
      <trkpt lat="38.62426" lon="-109.48226">
        <ele>0</ele>
        <time>1970-01-01T00:00:00Z</time>
      </trkpt>
      <trkpt lat="38.62425" lon="-109.48242">
        <ele>0</ele>
        <time>1970-01-01T00:00:00Z</time>
      </trkpt>
      <trkpt lat="38.62427" lon="-109.48247">
        <ele>0</ele>
        <time>1970-01-01T00:00:00Z</time>
      </trkpt>
      <trkpt lat="38.6244" lon="-109.48266">
        <ele>0</ele>
        <time>1970-01-01T00:00:00Z</time>
      </trkpt>
      <trkpt lat="38.6245" lon="-109.48307">
        <ele>0</ele>
        <time>1970-01-01T00:00:00Z</time>
      </trkpt>
      <trkpt lat="38.62445" lon="-109.48343">
        <ele>0</ele>
        <time>1970-01-01T00:00:00Z</time>
      </trkpt>
      <trkpt lat="38.62451" lon="-109.48393">
        <ele>0</ele>
        <time>1970-01-01T00:00:00Z</time>
      </trkpt>
      <trkpt lat="38.62449" lon="-109.48424">
        <ele>0</ele>
        <time>1970-01-01T00:00:00Z</time>
      </trkpt>
      <trkpt lat="38.62446" lon="-109.48431">
        <ele>0</ele>
        <time>1970-01-01T00:00:00Z</time>
      </trkpt>
      <trkpt lat="38.62437" lon="-109.48445">
        <ele>0</ele>
        <time>1970-01-01T00:00:00Z</time>
      </trkpt>
      <trkpt lat="38.62416" lon="-109.48466">
        <ele>0</ele>
        <time>1970-01-01T00:00:00Z</time>
      </trkpt>
      <trkpt lat="38.62405" lon="-109.48483">
        <ele>0</ele>
        <time>1970-01-01T00:00:00Z</time>
      </trkpt>
      <trkpt lat="38.6239" lon="-109.48498">
        <ele>0</ele>
        <time>1970-01-01T00:00:00Z</time>
      </trkpt>
      <trkpt lat="38.62383" lon="-109.48502">
        <ele>0</ele>
        <time>1970-01-01T00:00:00Z</time>
      </trkpt>
      <trkpt lat="38.62375" lon="-109.48513">
        <ele>0</ele>
        <time>1970-01-01T00:00:00Z</time>
      </trkpt>
      <trkpt lat="38.62371" lon="-109.48516">
        <ele>0</ele>
        <time>1970-01-01T00:00:00Z</time>
      </trkpt>
      <trkpt lat="38.62366" lon="-109.48515">
        <ele>0</ele>
        <time>1970-01-01T00:00:00Z</time>
      </trkpt>
      <trkpt lat="38.62352" lon="-109.48508">
        <ele>0</ele>
        <time>1970-01-01T00:00:00Z</time>
      </trkpt>
      <trkpt lat="38.62331" lon="-109.48507">
        <ele>0</ele>
        <time>1970-01-01T00:00:00Z</time>
      </trkpt>
      <trkpt lat="38.6231" lon="-109.48495">
        <ele>0</ele>
        <time>1970-01-01T00:00:00Z</time>
      </trkpt>
      <trkpt lat="38.62307" lon="-109.4849">
        <ele>0</ele>
        <time>1970-01-01T00:00:00Z</time>
      </trkpt>
      <trkpt lat="38.62305" lon="-109.48482">
        <ele>0</ele>
        <time>1970-01-01T00:00:00Z</time>
      </trkpt>
      <trkpt lat="38.62304" lon="-109.48485">
        <ele>0</ele>
        <time>1970-01-01T00:00:00Z</time>
      </trkpt>
      <trkpt lat="38.623" lon="-109.48488">
        <ele>0</ele>
        <time>1970-01-01T00:00:00Z</time>
      </trkpt>
      <trkpt lat="38.62292" lon="-109.48483">
        <ele>0</ele>
        <time>1970-01-01T00:00:00Z</time>
      </trkpt>
      <trkpt lat="38.6229" lon="-109.48484">
        <ele>0</ele>
        <time>1970-01-01T00:00:00Z</time>
      </trkpt>
      <trkpt lat="38.62286" lon="-109.48499">
        <ele>0</ele>
        <time>1970-01-01T00:00:00Z</time>
      </trkpt>
      <trkpt lat="38.6228" lon="-109.48507">
        <ele>0</ele>
        <time>1970-01-01T00:00:00Z</time>
      </trkpt>
      <trkpt lat="38.62276" lon="-109.48509">
        <ele>0</ele>
        <time>1970-01-01T00:00:00Z</time>
      </trkpt>
      <trkpt lat="38.62261" lon="-109.48507">
        <ele>0</ele>
        <time>1970-01-01T00:00:00Z</time>
      </trkpt>
      <trkpt lat="38.62257" lon="-109.48505">
        <ele>0</ele>
        <time>1970-01-01T00:00:00Z</time>
      </trkpt>
      <trkpt lat="38.62254" lon="-109.48499">
        <ele>0</ele>
        <time>1970-01-01T00:00:00Z</time>
      </trkpt>
      <trkpt lat="38.62246" lon="-109.48479">
        <ele>0</ele>
        <time>1970-01-01T00:00:00Z</time>
      </trkpt>
      <trkpt lat="38.62247" lon="-109.48469">
        <ele>0</ele>
        <time>1970-01-01T00:00:00Z</time>
      </trkpt>
      <trkpt lat="38.62245" lon="-109.48464">
        <ele>0</ele>
        <time>1970-01-01T00:00:00Z</time>
      </trkpt>
      <trkpt lat="38.62241" lon="-109.4846">
        <ele>0</ele>
        <time>1970-01-01T00:00:00Z</time>
      </trkpt>
      <trkpt lat="38.62236" lon="-109.48457">
        <ele>0</ele>
        <time>1970-01-01T00:00:00Z</time>
      </trkpt>
      <trkpt lat="38.62221" lon="-109.48464">
        <ele>0</ele>
        <time>1970-01-01T00:00:00Z</time>
      </trkpt>
      <trkpt lat="38.62209" lon="-109.48457">
        <ele>0</ele>
        <time>1970-01-01T00:00:00Z</time>
      </trkpt>
      <trkpt lat="38.62204" lon="-109.48456">
        <ele>0</ele>
        <time>1970-01-01T00:00:00Z</time>
      </trkpt>
      <trkpt lat="38.62197" lon="-109.48459">
        <ele>0</ele>
        <time>1970-01-01T00:00:00Z</time>
      </trkpt>
      <trkpt lat="38.62178" lon="-109.48455">
        <ele>0</ele>
        <time>1970-01-01T00:00:00Z</time>
      </trkpt>
      <trkpt lat="38.62169" lon="-109.48447">
        <ele>0</ele>
        <time>1970-01-01T00:00:00Z</time>
      </trkpt>
      <trkpt lat="38.62163" lon="-109.4844">
        <ele>0</ele>
        <time>1970-01-01T00:00:00Z</time>
      </trkpt>
      <trkpt lat="38.62159" lon="-109.48438">
        <ele>0</ele>
        <time>1970-01-01T00:00:00Z</time>
      </trkpt>
      <trkpt lat="38.62146" lon="-109.48444">
        <ele>0</ele>
        <time>1970-01-01T00:00:00Z</time>
      </trkpt>
      <trkpt lat="38.6214" lon="-109.48445">
        <ele>0</ele>
        <time>1970-01-01T00:00:00Z</time>
      </trkpt>
      <trkpt lat="38.62146" lon="-109.48445">
        <ele>0</ele>
        <time>1970-01-01T00:00:00Z</time>
      </trkpt>
      <trkpt lat="38.62145" lon="-109.48437">
        <ele>0</ele>
        <time>1970-01-01T00:00:00Z</time>
      </trkpt>
      <trkpt lat="38.62145" lon="-109.48439">
        <ele>0</ele>
        <time>1970-01-01T00:00:00Z</time>
      </trkpt>
      <trkpt lat="38.62126" lon="-109.48426">
        <ele>0</ele>
        <time>1970-01-01T00:00:00Z</time>
      </trkpt>
      <trkpt lat="38.62115" lon="-109.48422">
        <ele>0</ele>
        <time>1970-01-01T00:00:00Z</time>
      </trkpt>
      <trkpt lat="38.62096" lon="-109.48424">
        <ele>0</ele>
        <time>1970-01-01T00:00:00Z</time>
      </trkpt>
      <trkpt lat="38.62072" lon="-109.48441">
        <ele>0</ele>
        <time>1970-01-01T00:00:00Z</time>
      </trkpt>
      <trkpt lat="38.62064" lon="-109.48441">
        <ele>0</ele>
        <time>1970-01-01T00:00:00Z</time>
      </trkpt>
      <trkpt lat="38.62056" lon="-109.48443">
        <ele>0</ele>
        <time>1970-01-01T00:00:00Z</time>
      </trkpt>
      <trkpt lat="38.62054" lon="-109.48445">
        <ele>0</ele>
        <time>1970-01-01T00:00:00Z</time>
      </trkpt>
      <trkpt lat="38.62065" lon="-109.48468">
        <ele>0</ele>
        <time>1970-01-01T00:00:00Z</time>
      </trkpt>
      <trkpt lat="38.62061" lon="-109.48475">
        <ele>0</ele>
        <time>1970-01-01T00:00:00Z</time>
      </trkpt>
      <trkpt lat="38.62056" lon="-109.48475">
        <ele>0</ele>
        <time>1970-01-01T00:00:00Z</time>
      </trkpt>
      <trkpt lat="38.62053" lon="-109.48471">
        <ele>0</ele>
        <time>1970-01-01T00:00:00Z</time>
      </trkpt>
      <trkpt lat="38.62049" lon="-109.4847">
        <ele>0</ele>
        <time>1970-01-01T00:00:00Z</time>
      </trkpt>
      <trkpt lat="38.62045" lon="-109.48472">
        <ele>0</ele>
        <time>1970-01-01T00:00:00Z</time>
      </trkpt>
      <trkpt lat="38.62035" lon="-109.48489">
        <ele>0</ele>
        <time>1970-01-01T00:00:00Z</time>
      </trkpt>
      <trkpt lat="38.6202" lon="-109.48509">
        <ele>0</ele>
        <time>1970-01-01T00:00:00Z</time>
      </trkpt>
      <trkpt lat="38.62016" lon="-109.48511">
        <ele>0</ele>
        <time>1970-01-01T00:00:00Z</time>
      </trkpt>
      <trkpt lat="38.62002" lon="-109.48517">
        <ele>0</ele>
        <time>1970-01-01T00:00:00Z</time>
      </trkpt>
      <trkpt lat="38.6198" lon="-109.48523">
        <ele>0</ele>
        <time>1970-01-01T00:00:00Z</time>
      </trkpt>
      <trkpt lat="38.61976" lon="-109.48523">
        <ele>0</ele>
        <time>1970-01-01T00:00:00Z</time>
      </trkpt>
      <trkpt lat="38.61962" lon="-109.4852">
        <ele>0</ele>
        <time>1970-01-01T00:00:00Z</time>
      </trkpt>
      <trkpt lat="38.61948" lon="-109.48523">
        <ele>0</ele>
        <time>1970-01-01T00:00:00Z</time>
      </trkpt>
      <trkpt lat="38.61939" lon="-109.48526">
        <ele>0</ele>
        <time>1970-01-01T00:00:00Z</time>
      </trkpt>
      <trkpt lat="38.61926" lon="-109.48534">
        <ele>0</ele>
        <time>1970-01-01T00:00:00Z</time>
      </trkpt>
      <trkpt lat="38.61916" lon="-109.48525">
        <ele>0</ele>
        <time>1970-01-01T00:00:00Z</time>
      </trkpt>
      <trkpt lat="38.61914" lon="-109.48519">
        <ele>0</ele>
        <time>1970-01-01T00:00:00Z</time>
      </trkpt>
      <trkpt lat="38.61909" lon="-109.48514">
        <ele>0</ele>
        <time>1970-01-01T00:00:00Z</time>
      </trkpt>
      <trkpt lat="38.61906" lon="-109.48508">
        <ele>0</ele>
        <time>1970-01-01T00:00:00Z</time>
      </trkpt>
      <trkpt lat="38.61901" lon="-109.48502">
        <ele>0</ele>
        <time>1970-01-01T00:00:00Z</time>
      </trkpt>
      <trkpt lat="38.61889" lon="-109.48499">
        <ele>0</ele>
        <time>1970-01-01T00:00:00Z</time>
      </trkpt>
      <trkpt lat="38.61879" lon="-109.485">
        <ele>0</ele>
        <time>1970-01-01T00:00:00Z</time>
      </trkpt>
      <trkpt lat="38.61865" lon="-109.48512">
        <ele>0</ele>
        <time>1970-01-01T00:00:00Z</time>
      </trkpt>
      <trkpt lat="38.61859" lon="-109.48533">
        <ele>0</ele>
        <time>1970-01-01T00:00:00Z</time>
      </trkpt>
      <trkpt lat="38.61859" lon="-109.48538">
        <ele>0</ele>
        <time>1970-01-01T00:00:00Z</time>
      </trkpt>
      <trkpt lat="38.61868" lon="-109.48546">
        <ele>0</ele>
        <time>1970-01-01T00:00:00Z</time>
      </trkpt>
      <trkpt lat="38.6188" lon="-109.48554">
        <ele>0</ele>
        <time>1970-01-01T00:00:00Z</time>
      </trkpt>
      <trkpt lat="38.61897" lon="-109.48562">
        <ele>0</ele>
        <time>1970-01-01T00:00:00Z</time>
      </trkpt>
      <trkpt lat="38.61901" lon="-109.48569">
        <ele>0</ele>
        <time>1970-01-01T00:00:00Z</time>
      </trkpt>
      <trkpt lat="38.61905" lon="-109.48583">
        <ele>0</ele>
        <time>1970-01-01T00:00:00Z</time>
      </trkpt>
      <trkpt lat="38.61907" lon="-109.48582">
        <ele>0</ele>
        <time>1970-01-01T00:00:00Z</time>
      </trkpt>
      <trkpt lat="38.6191" lon="-109.48587">
        <ele>0</ele>
        <time>1970-01-01T00:00:00Z</time>
      </trkpt>
      <trkpt lat="38.61914" lon="-109.48602">
        <ele>0</ele>
        <time>1970-01-01T00:00:00Z</time>
      </trkpt>
      <trkpt lat="38.61925" lon="-109.48621">
        <ele>0</ele>
        <time>1970-01-01T00:00:00Z</time>
      </trkpt>
      <trkpt lat="38.61926" lon="-109.48619">
        <ele>0</ele>
        <time>1970-01-01T00:00:00Z</time>
      </trkpt>
      <trkpt lat="38.61925" lon="-109.48621">
        <ele>0</ele>
        <time>1970-01-01T00:00:00Z</time>
      </trkpt>
      <trkpt lat="38.61926" lon="-109.48619">
        <ele>0</ele>
        <time>1970-01-01T00:00:00Z</time>
      </trkpt>
      <trkpt lat="38.61928" lon="-109.48626">
        <ele>0</ele>
        <time>1970-01-01T00:00:00Z</time>
      </trkpt>
      <trkpt lat="38.6193" lon="-109.48627">
        <ele>0</ele>
        <time>1970-01-01T00:00:00Z</time>
      </trkpt>
      <trkpt lat="38.61929" lon="-109.48638">
        <ele>0</ele>
        <time>1970-01-01T00:00:00Z</time>
      </trkpt>
      <trkpt lat="38.61925" lon="-109.48648">
        <ele>0</ele>
        <time>1970-01-01T00:00:00Z</time>
      </trkpt>
      <trkpt lat="38.61918" lon="-109.48678">
        <ele>0</ele>
        <time>1970-01-01T00:00:00Z</time>
      </trkpt>
      <trkpt lat="38.61909" lon="-109.48688">
        <ele>0</ele>
        <time>1970-01-01T00:00:00Z</time>
      </trkpt>
      <trkpt lat="38.61907" lon="-109.48697">
        <ele>0</ele>
        <time>1970-01-01T00:00:00Z</time>
      </trkpt>
      <trkpt lat="38.61907" lon="-109.48707">
        <ele>0</ele>
        <time>1970-01-01T00:00:00Z</time>
      </trkpt>
      <trkpt lat="38.61913" lon="-109.48728">
        <ele>0</ele>
        <time>1970-01-01T00:00:00Z</time>
      </trkpt>
      <trkpt lat="38.61918" lon="-109.48737">
        <ele>0</ele>
        <time>1970-01-01T00:00:00Z</time>
      </trkpt>
      <trkpt lat="38.61941" lon="-109.48767">
        <ele>0</ele>
        <time>1970-01-01T00:00:00Z</time>
      </trkpt>
      <trkpt lat="38.61959" lon="-109.48786">
        <ele>0</ele>
        <time>1970-01-01T00:00:00Z</time>
      </trkpt>
      <trkpt lat="38.61981" lon="-109.48818">
        <ele>0</ele>
        <time>1970-01-01T00:00:00Z</time>
      </trkpt>
      <trkpt lat="38.61994" lon="-109.48829">
        <ele>0</ele>
        <time>1970-01-01T00:00:00Z</time>
      </trkpt>
      <trkpt lat="38.62001" lon="-109.48831">
        <ele>0</ele>
        <time>1970-01-01T00:00:00Z</time>
      </trkpt>
      <trkpt lat="38.62003" lon="-109.48834">
        <ele>0</ele>
        <time>1970-01-01T00:00:00Z</time>
      </trkpt>
      <trkpt lat="38.62009" lon="-109.48849">
        <ele>0</ele>
        <time>1970-01-01T00:00:00Z</time>
      </trkpt>
      <trkpt lat="38.6201" lon="-109.48855">
        <ele>0</ele>
        <time>1970-01-01T00:00:00Z</time>
      </trkpt>
      <trkpt lat="38.62008" lon="-109.4886">
        <ele>0</ele>
        <time>1970-01-01T00:00:00Z</time>
      </trkpt>
      <trkpt lat="38.62" lon="-109.48865">
        <ele>0</ele>
        <time>1970-01-01T00:00:00Z</time>
      </trkpt>
      <trkpt lat="38.61997" lon="-109.4887">
        <ele>0</ele>
        <time>1970-01-01T00:00:00Z</time>
      </trkpt>
      <trkpt lat="38.61991" lon="-109.4887">
        <ele>0</ele>
        <time>1970-01-01T00:00:00Z</time>
      </trkpt>
      <trkpt lat="38.61989" lon="-109.48872">
        <ele>0</ele>
        <time>1970-01-01T00:00:00Z</time>
      </trkpt>
      <trkpt lat="38.61976" lon="-109.48881">
        <ele>0</ele>
        <time>1970-01-01T00:00:00Z</time>
      </trkpt>
      <trkpt lat="38.61968" lon="-109.48882">
        <ele>0</ele>
        <time>1970-01-01T00:00:00Z</time>
      </trkpt>
      <trkpt lat="38.61969" lon="-109.48879">
        <ele>0</ele>
        <time>1970-01-01T00:00:00Z</time>
      </trkpt>
      <trkpt lat="38.61964" lon="-109.48883">
        <ele>0</ele>
        <time>1970-01-01T00:00:00Z</time>
      </trkpt>
      <trkpt lat="38.6196" lon="-109.48881">
        <ele>0</ele>
        <time>1970-01-01T00:00:00Z</time>
      </trkpt>
      <trkpt lat="38.6195" lon="-109.48898">
        <ele>0</ele>
        <time>1970-01-01T00:00:00Z</time>
      </trkpt>
      <trkpt lat="38.61947" lon="-109.48908">
        <ele>0</ele>
        <time>1970-01-01T00:00:00Z</time>
      </trkpt>
      <trkpt lat="38.61948" lon="-109.4892">
        <ele>0</ele>
        <time>1970-01-01T00:00:00Z</time>
      </trkpt>
      <trkpt lat="38.61947" lon="-109.48929">
        <ele>0</ele>
        <time>1970-01-01T00:00:00Z</time>
      </trkpt>
      <trkpt lat="38.61944" lon="-109.48938">
        <ele>0</ele>
        <time>1970-01-01T00:00:00Z</time>
      </trkpt>
      <trkpt lat="38.61934" lon="-109.48949">
        <ele>0</ele>
        <time>1970-01-01T00:00:00Z</time>
      </trkpt>
      <trkpt lat="38.61933" lon="-109.48962">
        <ele>0</ele>
        <time>1970-01-01T00:00:00Z</time>
      </trkpt>
      <trkpt lat="38.6193" lon="-109.48972">
        <ele>0</ele>
        <time>1970-01-01T00:00:00Z</time>
      </trkpt>
      <trkpt lat="38.61929" lon="-109.48998">
        <ele>0</ele>
        <time>1970-01-01T00:00:00Z</time>
      </trkpt>
      <trkpt lat="38.61923" lon="-109.4901">
        <ele>0</ele>
        <time>1970-01-01T00:00:00Z</time>
      </trkpt>
      <trkpt lat="38.61915" lon="-109.49016">
        <ele>0</ele>
        <time>1970-01-01T00:00:00Z</time>
      </trkpt>
      <trkpt lat="38.61915" lon="-109.49039">
        <ele>0</ele>
        <time>1970-01-01T00:00:00Z</time>
      </trkpt>
      <trkpt lat="38.6191" lon="-109.49053">
        <ele>0</ele>
        <time>1970-01-01T00:00:00Z</time>
      </trkpt>
      <trkpt lat="38.61906" lon="-109.49069">
        <ele>0</ele>
        <time>1970-01-01T00:00:00Z</time>
      </trkpt>
      <trkpt lat="38.619" lon="-109.49102">
        <ele>0</ele>
        <time>1970-01-01T00:00:00Z</time>
      </trkpt>
      <trkpt lat="38.61899" lon="-109.49123">
        <ele>0</ele>
        <time>1970-01-01T00:00:00Z</time>
      </trkpt>
      <trkpt lat="38.61892" lon="-109.49151">
        <ele>0</ele>
        <time>1970-01-01T00:00:00Z</time>
      </trkpt>
      <trkpt lat="38.61892" lon="-109.49158">
        <ele>0</ele>
        <time>1970-01-01T00:00:00Z</time>
      </trkpt>
      <trkpt lat="38.61897" lon="-109.49175">
        <ele>0</ele>
        <time>1970-01-01T00:00:00Z</time>
      </trkpt>
      <trkpt lat="38.619" lon="-109.49207">
        <ele>0</ele>
        <time>1970-01-01T00:00:00Z</time>
      </trkpt>
      <trkpt lat="38.61907" lon="-109.49225">
        <ele>0</ele>
        <time>1970-01-01T00:00:00Z</time>
      </trkpt>
      <trkpt lat="38.61917" lon="-109.49238">
        <ele>0</ele>
        <time>1970-01-01T00:00:00Z</time>
      </trkpt>
      <trkpt lat="38.61922" lon="-109.49253">
        <ele>0</ele>
        <time>1970-01-01T00:00:00Z</time>
      </trkpt>
      <trkpt lat="38.61932" lon="-109.49267">
        <ele>0</ele>
        <time>1970-01-01T00:00:00Z</time>
      </trkpt>
      <trkpt lat="38.61943" lon="-109.49318">
        <ele>0</ele>
        <time>1970-01-01T00:00:00Z</time>
      </trkpt>
      <trkpt lat="38.61954" lon="-109.49349">
        <ele>0</ele>
        <time>1970-01-01T00:00:00Z</time>
      </trkpt>
      <trkpt lat="38.61968" lon="-109.49381">
        <ele>0</ele>
        <time>1970-01-01T00:00:00Z</time>
      </trkpt>
      <trkpt lat="38.61977" lon="-109.49397">
        <ele>0</ele>
        <time>1970-01-01T00:00:00Z</time>
      </trkpt>
      <trkpt lat="38.61982" lon="-109.49409">
        <ele>0</ele>
        <time>1970-01-01T00:00:00Z</time>
      </trkpt>
      <trkpt lat="38.61983" lon="-109.49429">
        <ele>0</ele>
        <time>1970-01-01T00:00:00Z</time>
      </trkpt>
      <trkpt lat="38.61996" lon="-109.49483">
        <ele>0</ele>
        <time>1970-01-01T00:00:00Z</time>
      </trkpt>
      <trkpt lat="38.61997" lon="-109.49495">
        <ele>0</ele>
        <time>1970-01-01T00:00:00Z</time>
      </trkpt>
      <trkpt lat="38.61996" lon="-109.49498">
        <ele>0</ele>
        <time>1970-01-01T00:00:00Z</time>
      </trkpt>
      <trkpt lat="38.62" lon="-109.49502">
        <ele>0</ele>
        <time>1970-01-01T00:00:00Z</time>
      </trkpt>
      <trkpt lat="38.62004" lon="-109.4951">
        <ele>0</ele>
        <time>1970-01-01T00:00:00Z</time>
      </trkpt>
      <trkpt lat="38.6201" lon="-109.49519">
        <ele>0</ele>
        <time>1970-01-01T00:00:00Z</time>
      </trkpt>
      <trkpt lat="38.62013" lon="-109.49529">
        <ele>0</ele>
        <time>1970-01-01T00:00:00Z</time>
      </trkpt>
      <trkpt lat="38.62014" lon="-109.49541">
        <ele>0</ele>
        <time>1970-01-01T00:00:00Z</time>
      </trkpt>
      <trkpt lat="38.62023" lon="-109.49557">
        <ele>0</ele>
        <time>1970-01-01T00:00:00Z</time>
      </trkpt>
      <trkpt lat="38.6203" lon="-109.49563">
        <ele>0</ele>
        <time>1970-01-01T00:00:00Z</time>
      </trkpt>
      <trkpt lat="38.62033" lon="-109.49562">
        <ele>0</ele>
        <time>1970-01-01T00:00:00Z</time>
      </trkpt>
      <trkpt lat="38.62035" lon="-109.49562">
        <ele>0</ele>
        <time>1970-01-01T00:00:00Z</time>
      </trkpt>
      <trkpt lat="38.62047" lon="-109.49575">
        <ele>0</ele>
        <time>1970-01-01T00:00:00Z</time>
      </trkpt>
      <trkpt lat="38.62051" lon="-109.49582">
        <ele>0</ele>
        <time>1970-01-01T00:00:00Z</time>
      </trkpt>
      <trkpt lat="38.62059" lon="-109.49588">
        <ele>0</ele>
        <time>1970-01-01T00:00:00Z</time>
      </trkpt>
      <trkpt lat="38.62065" lon="-109.49597">
        <ele>0</ele>
        <time>1970-01-01T00:00:00Z</time>
      </trkpt>
      <trkpt lat="38.62071" lon="-109.49612">
        <ele>0</ele>
        <time>1970-01-01T00:00:00Z</time>
      </trkpt>
      <trkpt lat="38.62073" lon="-109.49613">
        <ele>0</ele>
        <time>1970-01-01T00:00:00Z</time>
      </trkpt>
      <trkpt lat="38.62085" lon="-109.4963">
        <ele>0</ele>
        <time>1970-01-01T00:00:00Z</time>
      </trkpt>
      <trkpt lat="38.62087" lon="-109.49641">
        <ele>0</ele>
        <time>1970-01-01T00:00:00Z</time>
      </trkpt>
      <trkpt lat="38.62094" lon="-109.49656">
        <ele>0</ele>
        <time>1970-01-01T00:00:00Z</time>
      </trkpt>
      <trkpt lat="38.62102" lon="-109.49695">
        <ele>0</ele>
        <time>1970-01-01T00:00:00Z</time>
      </trkpt>
      <trkpt lat="38.62105" lon="-109.49701">
        <ele>0</ele>
        <time>1970-01-01T00:00:00Z</time>
      </trkpt>
      <trkpt lat="38.62114" lon="-109.4971">
        <ele>0</ele>
        <time>1970-01-01T00:00:00Z</time>
      </trkpt>
      <trkpt lat="38.62138" lon="-109.49777">
        <ele>0</ele>
        <time>1970-01-01T00:00:00Z</time>
      </trkpt>
      <trkpt lat="38.62139" lon="-109.4979">
        <ele>0</ele>
        <time>1970-01-01T00:00:00Z</time>
      </trkpt>
      <trkpt lat="38.62142" lon="-109.49814">
        <ele>0</ele>
        <time>1970-01-01T00:00:00Z</time>
      </trkpt>
      <trkpt lat="38.62141" lon="-109.49835">
        <ele>0</ele>
        <time>1970-01-01T00:00:00Z</time>
      </trkpt>
      <trkpt lat="38.62138" lon="-109.49848">
        <ele>0</ele>
        <time>1970-01-01T00:00:00Z</time>
      </trkpt>
      <trkpt lat="38.62131" lon="-109.49864">
        <ele>0</ele>
        <time>1970-01-01T00:00:00Z</time>
      </trkpt>
      <trkpt lat="38.62128" lon="-109.49886">
        <ele>0</ele>
        <time>1970-01-01T00:00:00Z</time>
      </trkpt>
      <trkpt lat="38.6213" lon="-109.49898">
        <ele>0</ele>
        <time>1970-01-01T00:00:00Z</time>
      </trkpt>
      <trkpt lat="38.62131" lon="-109.49918">
        <ele>0</ele>
        <time>1970-01-01T00:00:00Z</time>
      </trkpt>
      <trkpt lat="38.62134" lon="-109.49939">
        <ele>0</ele>
        <time>1970-01-01T00:00:00Z</time>
      </trkpt>
      <trkpt lat="38.6213" lon="-109.4996">
        <ele>0</ele>
        <time>1970-01-01T00:00:00Z</time>
      </trkpt>
      <trkpt lat="38.62127" lon="-109.4997">
        <ele>0</ele>
        <time>1970-01-01T00:00:00Z</time>
      </trkpt>
      <trkpt lat="38.62125" lon="-109.49998">
        <ele>0</ele>
        <time>1970-01-01T00:00:00Z</time>
      </trkpt>
      <trkpt lat="38.62113" lon="-109.50059">
        <ele>0</ele>
        <time>1970-01-01T00:00:00Z</time>
      </trkpt>
      <trkpt lat="38.62116" lon="-109.50078">
        <ele>0</ele>
        <time>1970-01-01T00:00:00Z</time>
      </trkpt>
      <trkpt lat="38.62115" lon="-109.50099">
        <ele>0</ele>
        <time>1970-01-01T00:00:00Z</time>
      </trkpt>
      <trkpt lat="38.62118" lon="-109.50109">
        <ele>0</ele>
        <time>1970-01-01T00:00:00Z</time>
      </trkpt>
      <trkpt lat="38.6212" lon="-109.50134">
        <ele>0</ele>
        <time>1970-01-01T00:00:00Z</time>
      </trkpt>
      <trkpt lat="38.62126" lon="-109.50159">
        <ele>0</ele>
        <time>1970-01-01T00:00:00Z</time>
      </trkpt>
      <trkpt lat="38.62126" lon="-109.5017">
        <ele>0</ele>
        <time>1970-01-01T00:00:00Z</time>
      </trkpt>
      <trkpt lat="38.62128" lon="-109.50182">
        <ele>0</ele>
        <time>1970-01-01T00:00:00Z</time>
      </trkpt>
      <trkpt lat="38.62136" lon="-109.50201">
        <ele>0</ele>
        <time>1970-01-01T00:00:00Z</time>
      </trkpt>
      <trkpt lat="38.62143" lon="-109.50211">
        <ele>0</ele>
        <time>1970-01-01T00:00:00Z</time>
      </trkpt>
      <trkpt lat="38.62149" lon="-109.50229">
        <ele>0</ele>
        <time>1970-01-01T00:00:00Z</time>
      </trkpt>
      <trkpt lat="38.62155" lon="-109.50237">
        <ele>0</ele>
        <time>1970-01-01T00:00:00Z</time>
      </trkpt>
      <trkpt lat="38.62164" lon="-109.50265">
        <ele>0</ele>
        <time>1970-01-01T00:00:00Z</time>
      </trkpt>
      <trkpt lat="38.62172" lon="-109.503">
        <ele>0</ele>
        <time>1970-01-01T00:00:00Z</time>
      </trkpt>
      <trkpt lat="38.6218" lon="-109.50322">
        <ele>0</ele>
        <time>1970-01-01T00:00:00Z</time>
      </trkpt>
      <trkpt lat="38.62183" lon="-109.5034">
        <ele>0</ele>
        <time>1970-01-01T00:00:00Z</time>
      </trkpt>
      <trkpt lat="38.62192" lon="-109.50363">
        <ele>0</ele>
        <time>1970-01-01T00:00:00Z</time>
      </trkpt>
      <trkpt lat="38.62197" lon="-109.50368">
        <ele>0</ele>
        <time>1970-01-01T00:00:00Z</time>
      </trkpt>
      <trkpt lat="38.62208" lon="-109.50394">
        <ele>0</ele>
        <time>1970-01-01T00:00:00Z</time>
      </trkpt>
      <trkpt lat="38.62223" lon="-109.50412">
        <ele>0</ele>
        <time>1970-01-01T00:00:00Z</time>
      </trkpt>
      <trkpt lat="38.62227" lon="-109.50424">
        <ele>0</ele>
        <time>1970-01-01T00:00:00Z</time>
      </trkpt>
      <trkpt lat="38.62234" lon="-109.50439">
        <ele>0</ele>
        <time>1970-01-01T00:00:00Z</time>
      </trkpt>
      <trkpt lat="38.62235" lon="-109.5044">
        <ele>0</ele>
        <time>1970-01-01T00:00:00Z</time>
      </trkpt>
      <trkpt lat="38.62238" lon="-109.50436">
        <ele>0</ele>
        <time>1970-01-01T00:00:00Z</time>
      </trkpt>
      <trkpt lat="38.62237" lon="-109.50439">
        <ele>0</ele>
        <time>1970-01-01T00:00:00Z</time>
      </trkpt>
      <trkpt lat="38.62232" lon="-109.5044">
        <ele>0</ele>
        <time>1970-01-01T00:00:00Z</time>
      </trkpt>
      <trkpt lat="38.62234" lon="-109.50439">
        <ele>0</ele>
        <time>1970-01-01T00:00:00Z</time>
      </trkpt>
      <trkpt lat="38.62237" lon="-109.5045">
        <ele>0</ele>
        <time>1970-01-01T00:00:00Z</time>
      </trkpt>
      <trkpt lat="38.62247" lon="-109.50472">
        <ele>0</ele>
        <time>1970-01-01T00:00:00Z</time>
      </trkpt>
      <trkpt lat="38.62265" lon="-109.5049">
        <ele>0</ele>
        <time>1970-01-01T00:00:00Z</time>
      </trkpt>
      <trkpt lat="38.62269" lon="-109.50497">
        <ele>0</ele>
        <time>1970-01-01T00:00:00Z</time>
      </trkpt>
      <trkpt lat="38.6227" lon="-109.50506">
        <ele>0</ele>
        <time>1970-01-01T00:00:00Z</time>
      </trkpt>
      <trkpt lat="38.6228" lon="-109.50526">
        <ele>0</ele>
        <time>1970-01-01T00:00:00Z</time>
      </trkpt>
      <trkpt lat="38.62314" lon="-109.50576">
        <ele>0</ele>
        <time>1970-01-01T00:00:00Z</time>
      </trkpt>
      <trkpt lat="38.62316" lon="-109.50588">
        <ele>0</ele>
        <time>1970-01-01T00:00:00Z</time>
      </trkpt>
      <trkpt lat="38.62319" lon="-109.50596">
        <ele>0</ele>
        <time>1970-01-01T00:00:00Z</time>
      </trkpt>
      <trkpt lat="38.62326" lon="-109.50606">
        <ele>0</ele>
        <time>1970-01-01T00:00:00Z</time>
      </trkpt>
      <trkpt lat="38.62333" lon="-109.50627">
        <ele>0</ele>
        <time>1970-01-01T00:00:00Z</time>
      </trkpt>
      <trkpt lat="38.62347" lon="-109.50637">
        <ele>0</ele>
        <time>1970-01-01T00:00:00Z</time>
      </trkpt>
      <trkpt lat="38.62355" lon="-109.5065">
        <ele>0</ele>
        <time>1970-01-01T00:00:00Z</time>
      </trkpt>
      <trkpt lat="38.62355" lon="-109.50655">
        <ele>0</ele>
        <time>1970-01-01T00:00:00Z</time>
      </trkpt>
      <trkpt lat="38.62365" lon="-109.50663">
        <ele>0</ele>
        <time>1970-01-01T00:00:00Z</time>
      </trkpt>
      <trkpt lat="38.62367" lon="-109.50669">
        <ele>0</ele>
        <time>1970-01-01T00:00:00Z</time>
      </trkpt>
      <trkpt lat="38.6237" lon="-109.50669">
        <ele>0</ele>
        <time>1970-01-01T00:00:00Z</time>
      </trkpt>
      <trkpt lat="38.62375" lon="-109.50674">
        <ele>0</ele>
        <time>1970-01-01T00:00:00Z</time>
      </trkpt>
      <trkpt lat="38.62378" lon="-109.50683">
        <ele>0</ele>
        <time>1970-01-01T00:00:00Z</time>
      </trkpt>
      <trkpt lat="38.62384" lon="-109.50694">
        <ele>0</ele>
        <time>1970-01-01T00:00:00Z</time>
      </trkpt>
      <trkpt lat="38.62386" lon="-109.507">
        <ele>0</ele>
        <time>1970-01-01T00:00:00Z</time>
      </trkpt>
      <trkpt lat="38.62397" lon="-109.50716">
        <ele>0</ele>
        <time>1970-01-01T00:00:00Z</time>
      </trkpt>
      <trkpt lat="38.62401" lon="-109.50725">
        <ele>0</ele>
        <time>1970-01-01T00:00:00Z</time>
      </trkpt>
      <trkpt lat="38.62407" lon="-109.50732">
        <ele>0</ele>
        <time>1970-01-01T00:00:00Z</time>
      </trkpt>
      <trkpt lat="38.62408" lon="-109.50736">
        <ele>0</ele>
        <time>1970-01-01T00:00:00Z</time>
      </trkpt>
      <trkpt lat="38.62407" lon="-109.50741">
        <ele>0</ele>
        <time>1970-01-01T00:00:00Z</time>
      </trkpt>
      <trkpt lat="38.62411" lon="-109.5075">
        <ele>0</ele>
        <time>1970-01-01T00:00:00Z</time>
      </trkpt>
      <trkpt lat="38.62414" lon="-109.5078">
        <ele>0</ele>
        <time>1970-01-01T00:00:00Z</time>
      </trkpt>
      <trkpt lat="38.62406" lon="-109.50806">
        <ele>0</ele>
        <time>1970-01-01T00:00:00Z</time>
      </trkpt>
      <trkpt lat="38.62404" lon="-109.50825">
        <ele>0</ele>
        <time>1970-01-01T00:00:00Z</time>
      </trkpt>
      <trkpt lat="38.62393" lon="-109.50859">
        <ele>0</ele>
        <time>1970-01-01T00:00:00Z</time>
      </trkpt>
      <trkpt lat="38.62387" lon="-109.50873">
        <ele>0</ele>
        <time>1970-01-01T00:00:00Z</time>
      </trkpt>
      <trkpt lat="38.62381" lon="-109.50898">
        <ele>0</ele>
        <time>1970-01-01T00:00:00Z</time>
      </trkpt>
      <trkpt lat="38.62367" lon="-109.50926">
        <ele>0</ele>
        <time>1970-01-01T00:00:00Z</time>
      </trkpt>
      <trkpt lat="38.62363" lon="-109.5094">
        <ele>0</ele>
        <time>1970-01-01T00:00:00Z</time>
      </trkpt>
      <trkpt lat="38.62351" lon="-109.50967">
        <ele>0</ele>
        <time>1970-01-01T00:00:00Z</time>
      </trkpt>
      <trkpt lat="38.62347" lon="-109.50971">
        <ele>0</ele>
        <time>1970-01-01T00:00:00Z</time>
      </trkpt>
      <trkpt lat="38.62348" lon="-109.50976">
        <ele>0</ele>
        <time>1970-01-01T00:00:00Z</time>
      </trkpt>
      <trkpt lat="38.62341" lon="-109.50988">
        <ele>0</ele>
        <time>1970-01-01T00:00:00Z</time>
      </trkpt>
      <trkpt lat="38.6234" lon="-109.50994">
        <ele>0</ele>
        <time>1970-01-01T00:00:00Z</time>
      </trkpt>
      <trkpt lat="38.62336" lon="-109.50998">
        <ele>0</ele>
        <time>1970-01-01T00:00:00Z</time>
      </trkpt>
      <trkpt lat="38.62335" lon="-109.51001">
        <ele>0</ele>
        <time>1970-01-01T00:00:00Z</time>
      </trkpt>
      <trkpt lat="38.62333" lon="-109.51017">
        <ele>0</ele>
        <time>1970-01-01T00:00:00Z</time>
      </trkpt>
      <trkpt lat="38.6232" lon="-109.51058">
        <ele>0</ele>
        <time>1970-01-01T00:00:00Z</time>
      </trkpt>
      <trkpt lat="38.62319" lon="-109.51075">
        <ele>0</ele>
        <time>1970-01-01T00:00:00Z</time>
      </trkpt>
      <trkpt lat="38.62315" lon="-109.5108">
        <ele>0</ele>
        <time>1970-01-01T00:00:00Z</time>
      </trkpt>
      <trkpt lat="38.623" lon="-109.51087">
        <ele>0</ele>
        <time>1970-01-01T00:00:00Z</time>
      </trkpt>
      <trkpt lat="38.62283" lon="-109.51106">
        <ele>0</ele>
        <time>1970-01-01T00:00:00Z</time>
      </trkpt>
      <trkpt lat="38.62278" lon="-109.51116">
        <ele>0</ele>
        <time>1970-01-01T00:00:00Z</time>
      </trkpt>
      <trkpt lat="38.62264" lon="-109.51132">
        <ele>0</ele>
        <time>1970-01-01T00:00:00Z</time>
      </trkpt>
      <trkpt lat="38.62257" lon="-109.51145">
        <ele>0</ele>
        <time>1970-01-01T00:00:00Z</time>
      </trkpt>
      <trkpt lat="38.62257" lon="-109.51148">
        <ele>0</ele>
        <time>1970-01-01T00:00:00Z</time>
      </trkpt>
      <trkpt lat="38.62258" lon="-109.51146">
        <ele>0</ele>
        <time>1970-01-01T00:00:00Z</time>
      </trkpt>
      <trkpt lat="38.62253" lon="-109.51152">
        <ele>0</ele>
        <time>1970-01-01T00:00:00Z</time>
      </trkpt>
      <trkpt lat="38.62253" lon="-109.51155">
        <ele>0</ele>
        <time>1970-01-01T00:00:00Z</time>
      </trkpt>
      <trkpt lat="38.62256" lon="-109.51157">
        <ele>0</ele>
        <time>1970-01-01T00:00:00Z</time>
      </trkpt>
      <trkpt lat="38.62257" lon="-109.51163">
        <ele>0</ele>
        <time>1970-01-01T00:00:00Z</time>
      </trkpt>
      <trkpt lat="38.62256" lon="-109.5117">
        <ele>0</ele>
        <time>1970-01-01T00:00:00Z</time>
      </trkpt>
      <trkpt lat="38.62247" lon="-109.51173">
        <ele>0</ele>
        <time>1970-01-01T00:00:00Z</time>
      </trkpt>
      <trkpt lat="38.62243" lon="-109.51184">
        <ele>0</ele>
        <time>1970-01-01T00:00:00Z</time>
      </trkpt>
      <trkpt lat="38.62234" lon="-109.5119">
        <ele>0</ele>
        <time>1970-01-01T00:00:00Z</time>
      </trkpt>
      <trkpt lat="38.62226" lon="-109.51192">
        <ele>0</ele>
        <time>1970-01-01T00:00:00Z</time>
      </trkpt>
      <trkpt lat="38.62223" lon="-109.51198">
        <ele>0</ele>
        <time>1970-01-01T00:00:00Z</time>
      </trkpt>
      <trkpt lat="38.62219" lon="-109.51228">
        <ele>0</ele>
        <time>1970-01-01T00:00:00Z</time>
      </trkpt>
      <trkpt lat="38.62212" lon="-109.51238">
        <ele>0</ele>
        <time>1970-01-01T00:00:00Z</time>
      </trkpt>
      <trkpt lat="38.62209" lon="-109.51259">
        <ele>0</ele>
        <time>1970-01-01T00:00:00Z</time>
      </trkpt>
      <trkpt lat="38.62203" lon="-109.51274">
        <ele>0</ele>
        <time>1970-01-01T00:00:00Z</time>
      </trkpt>
      <trkpt lat="38.62194" lon="-109.51287">
        <ele>0</ele>
        <time>1970-01-01T00:00:00Z</time>
      </trkpt>
      <trkpt lat="38.6219" lon="-109.51302">
        <ele>0</ele>
        <time>1970-01-01T00:00:00Z</time>
      </trkpt>
      <trkpt lat="38.62192" lon="-109.51313">
        <ele>0</ele>
        <time>1970-01-01T00:00:00Z</time>
      </trkpt>
      <trkpt lat="38.62188" lon="-109.5132">
        <ele>0</ele>
        <time>1970-01-01T00:00:00Z</time>
      </trkpt>
      <trkpt lat="38.6219" lon="-109.51328">
        <ele>0</ele>
        <time>1970-01-01T00:00:00Z</time>
      </trkpt>
      <trkpt lat="38.62186" lon="-109.51353">
        <ele>0</ele>
        <time>1970-01-01T00:00:00Z</time>
      </trkpt>
      <trkpt lat="38.62185" lon="-109.51355">
        <ele>0</ele>
        <time>1970-01-01T00:00:00Z</time>
      </trkpt>
      <trkpt lat="38.62177" lon="-109.51361">
        <ele>0</ele>
        <time>1970-01-01T00:00:00Z</time>
      </trkpt>
      <trkpt lat="38.62172" lon="-109.51367">
        <ele>0</ele>
        <time>1970-01-01T00:00:00Z</time>
      </trkpt>
      <trkpt lat="38.62172" lon="-109.51372">
        <ele>0</ele>
        <time>1970-01-01T00:00:00Z</time>
      </trkpt>
      <trkpt lat="38.62174" lon="-109.51377">
        <ele>0</ele>
        <time>1970-01-01T00:00:00Z</time>
      </trkpt>
      <trkpt lat="38.62174" lon="-109.51381">
        <ele>0</ele>
        <time>1970-01-01T00:00:00Z</time>
      </trkpt>
      <trkpt lat="38.62165" lon="-109.51409">
        <ele>0</ele>
        <time>1970-01-01T00:00:00Z</time>
      </trkpt>
      <trkpt lat="38.62164" lon="-109.51421">
        <ele>0</ele>
        <time>1970-01-01T00:00:00Z</time>
      </trkpt>
      <trkpt lat="38.62159" lon="-109.51424">
        <ele>0</ele>
        <time>1970-01-01T00:00:00Z</time>
      </trkpt>
      <trkpt lat="38.62151" lon="-109.51422">
        <ele>0</ele>
        <time>1970-01-01T00:00:00Z</time>
      </trkpt>
      <trkpt lat="38.62141" lon="-109.51429">
        <ele>0</ele>
        <time>1970-01-01T00:00:00Z</time>
      </trkpt>
      <trkpt lat="38.62134" lon="-109.51438">
        <ele>0</ele>
        <time>1970-01-01T00:00:00Z</time>
      </trkpt>
      <trkpt lat="38.62124" lon="-109.51445">
        <ele>0</ele>
        <time>1970-01-01T00:00:00Z</time>
      </trkpt>
      <trkpt lat="38.6212" lon="-109.51454">
        <ele>0</ele>
        <time>1970-01-01T00:00:00Z</time>
      </trkpt>
      <trkpt lat="38.62108" lon="-109.5146">
        <ele>0</ele>
        <time>1970-01-01T00:00:00Z</time>
      </trkpt>
      <trkpt lat="38.62103" lon="-109.51461">
        <ele>0</ele>
        <time>1970-01-01T00:00:00Z</time>
      </trkpt>
      <trkpt lat="38.62099" lon="-109.5146">
        <ele>0</ele>
        <time>1970-01-01T00:00:00Z</time>
      </trkpt>
      <trkpt lat="38.62096" lon="-109.51463">
        <ele>0</ele>
        <time>1970-01-01T00:00:00Z</time>
      </trkpt>
      <trkpt lat="38.62091" lon="-109.51477">
        <ele>0</ele>
        <time>1970-01-01T00:00:00Z</time>
      </trkpt>
      <trkpt lat="38.62081" lon="-109.51477">
        <ele>0</ele>
        <time>1970-01-01T00:00:00Z</time>
      </trkpt>
      <trkpt lat="38.62076" lon="-109.51481">
        <ele>0</ele>
        <time>1970-01-01T00:00:00Z</time>
      </trkpt>
      <trkpt lat="38.62077" lon="-109.5149">
        <ele>0</ele>
        <time>1970-01-01T00:00:00Z</time>
      </trkpt>
      <trkpt lat="38.62079" lon="-109.51491">
        <ele>0</ele>
        <time>1970-01-01T00:00:00Z</time>
      </trkpt>
      <trkpt lat="38.62085" lon="-109.51501">
        <ele>0</ele>
        <time>1970-01-01T00:00:00Z</time>
      </trkpt>
      <trkpt lat="38.62085" lon="-109.51509">
        <ele>0</ele>
        <time>1970-01-01T00:00:00Z</time>
      </trkpt>
      <trkpt lat="38.62089" lon="-109.51524">
        <ele>0</ele>
        <time>1970-01-01T00:00:00Z</time>
      </trkpt>
      <trkpt lat="38.62086" lon="-109.51536">
        <ele>0</ele>
        <time>1970-01-01T00:00:00Z</time>
      </trkpt>
      <trkpt lat="38.62082" lon="-109.51544">
        <ele>0</ele>
        <time>1970-01-01T00:00:00Z</time>
      </trkpt>
      <trkpt lat="38.62074" lon="-109.51552">
        <ele>0</ele>
        <time>1970-01-01T00:00:00Z</time>
      </trkpt>
      <trkpt lat="38.62066" lon="-109.51575">
        <ele>0</ele>
        <time>1970-01-01T00:00:00Z</time>
      </trkpt>
      <trkpt lat="38.62056" lon="-109.51588">
        <ele>0</ele>
        <time>1970-01-01T00:00:00Z</time>
      </trkpt>
      <trkpt lat="38.62039" lon="-109.51601">
        <ele>0</ele>
        <time>1970-01-01T00:00:00Z</time>
      </trkpt>
      <trkpt lat="38.62026" lon="-109.51618">
        <ele>0</ele>
        <time>1970-01-01T00:00:00Z</time>
      </trkpt>
      <trkpt lat="38.62016" lon="-109.51625">
        <ele>0</ele>
        <time>1970-01-01T00:00:00Z</time>
      </trkpt>
      <trkpt lat="38.62009" lon="-109.51639">
        <ele>0</ele>
        <time>1970-01-01T00:00:00Z</time>
      </trkpt>
      <trkpt lat="38.62007" lon="-109.51641">
        <ele>0</ele>
        <time>1970-01-01T00:00:00Z</time>
      </trkpt>
      <trkpt lat="38.61996" lon="-109.51641">
        <ele>0</ele>
        <time>1970-01-01T00:00:00Z</time>
      </trkpt>
      <trkpt lat="38.61998" lon="-109.51646">
        <ele>0</ele>
        <time>1970-01-01T00:00:00Z</time>
      </trkpt>
      <trkpt lat="38.61993" lon="-109.51651">
        <ele>0</ele>
        <time>1970-01-01T00:00:00Z</time>
      </trkpt>
      <trkpt lat="38.61993" lon="-109.51657">
        <ele>0</ele>
        <time>1970-01-01T00:00:00Z</time>
      </trkpt>
      <trkpt lat="38.61995" lon="-109.51658">
        <ele>0</ele>
        <time>1970-01-01T00:00:00Z</time>
      </trkpt>
      <trkpt lat="38.61996" lon="-109.51664">
        <ele>0</ele>
        <time>1970-01-01T00:00:00Z</time>
      </trkpt>
      <trkpt lat="38.61993" lon="-109.51676">
        <ele>0</ele>
        <time>1970-01-01T00:00:00Z</time>
      </trkpt>
      <trkpt lat="38.61993" lon="-109.51683">
        <ele>0</ele>
        <time>1970-01-01T00:00:00Z</time>
      </trkpt>
      <trkpt lat="38.61995" lon="-109.51684">
        <ele>0</ele>
        <time>1970-01-01T00:00:00Z</time>
      </trkpt>
      <trkpt lat="38.61991" lon="-109.51693">
        <ele>0</ele>
        <time>1970-01-01T00:00:00Z</time>
      </trkpt>
      <trkpt lat="38.61987" lon="-109.51717">
        <ele>0</ele>
        <time>1970-01-01T00:00:00Z</time>
      </trkpt>
      <trkpt lat="38.61983" lon="-109.51724">
        <ele>0</ele>
        <time>1970-01-01T00:00:00Z</time>
      </trkpt>
      <trkpt lat="38.61978" lon="-109.51738">
        <ele>0</ele>
        <time>1970-01-01T00:00:00Z</time>
      </trkpt>
      <trkpt lat="38.6197" lon="-109.5175">
        <ele>0</ele>
        <time>1970-01-01T00:00:00Z</time>
      </trkpt>
      <trkpt lat="38.61967" lon="-109.51761">
        <ele>0</ele>
        <time>1970-01-01T00:00:00Z</time>
      </trkpt>
      <trkpt lat="38.61964" lon="-109.51765">
        <ele>0</ele>
        <time>1970-01-01T00:00:00Z</time>
      </trkpt>
      <trkpt lat="38.61961" lon="-109.51765">
        <ele>0</ele>
        <time>1970-01-01T00:00:00Z</time>
      </trkpt>
      <trkpt lat="38.6196" lon="-109.51771">
        <ele>0</ele>
        <time>1970-01-01T00:00:00Z</time>
      </trkpt>
      <trkpt lat="38.61954" lon="-109.51778">
        <ele>0</ele>
        <time>1970-01-01T00:00:00Z</time>
      </trkpt>
      <trkpt lat="38.6195" lon="-109.5178">
        <ele>0</ele>
        <time>1970-01-01T00:00:00Z</time>
      </trkpt>
      <trkpt lat="38.61946" lon="-109.51788">
        <ele>0</ele>
        <time>1970-01-01T00:00:00Z</time>
      </trkpt>
      <trkpt lat="38.61943" lon="-109.518">
        <ele>0</ele>
        <time>1970-01-01T00:00:00Z</time>
      </trkpt>
      <trkpt lat="38.61935" lon="-109.5181">
        <ele>0</ele>
        <time>1970-01-01T00:00:00Z</time>
      </trkpt>
      <trkpt lat="38.61935" lon="-109.51847">
        <ele>0</ele>
        <time>1970-01-01T00:00:00Z</time>
      </trkpt>
      <trkpt lat="38.61927" lon="-109.51861">
        <ele>0</ele>
        <time>1970-01-01T00:00:00Z</time>
      </trkpt>
      <trkpt lat="38.61911" lon="-109.51876">
        <ele>0</ele>
        <time>1970-01-01T00:00:00Z</time>
      </trkpt>
      <trkpt lat="38.61905" lon="-109.51884">
        <ele>0</ele>
        <time>1970-01-01T00:00:00Z</time>
      </trkpt>
      <trkpt lat="38.619" lon="-109.5191">
        <ele>0</ele>
        <time>1970-01-01T00:00:00Z</time>
      </trkpt>
      <trkpt lat="38.61896" lon="-109.51916">
        <ele>0</ele>
        <time>1970-01-01T00:00:00Z</time>
      </trkpt>
      <trkpt lat="38.61886" lon="-109.51926">
        <ele>0</ele>
        <time>1970-01-01T00:00:00Z</time>
      </trkpt>
      <trkpt lat="38.61884" lon="-109.51947">
        <ele>0</ele>
        <time>1970-01-01T00:00:00Z</time>
      </trkpt>
      <trkpt lat="38.61872" lon="-109.51968">
        <ele>0</ele>
        <time>1970-01-01T00:00:00Z</time>
      </trkpt>
      <trkpt lat="38.61869" lon="-109.51976">
        <ele>0</ele>
        <time>1970-01-01T00:00:00Z</time>
      </trkpt>
      <trkpt lat="38.61869" lon="-109.51982">
        <ele>0</ele>
        <time>1970-01-01T00:00:00Z</time>
      </trkpt>
      <trkpt lat="38.61859" lon="-109.51996">
        <ele>0</ele>
        <time>1970-01-01T00:00:00Z</time>
      </trkpt>
      <trkpt lat="38.61838" lon="-109.52047">
        <ele>0</ele>
        <time>1970-01-01T00:00:00Z</time>
      </trkpt>
      <trkpt lat="38.61821" lon="-109.52074">
        <ele>0</ele>
        <time>1970-01-01T00:00:00Z</time>
      </trkpt>
      <trkpt lat="38.61804" lon="-109.52084">
        <ele>0</ele>
        <time>1970-01-01T00:00:00Z</time>
      </trkpt>
      <trkpt lat="38.61801" lon="-109.52087">
        <ele>0</ele>
        <time>1970-01-01T00:00:00Z</time>
      </trkpt>
      <trkpt lat="38.61789" lon="-109.52103">
        <ele>0</ele>
        <time>1970-01-01T00:00:00Z</time>
      </trkpt>
      <trkpt lat="38.6178" lon="-109.52122">
        <ele>0</ele>
        <time>1970-01-01T00:00:00Z</time>
      </trkpt>
      <trkpt lat="38.61764" lon="-109.52129">
        <ele>0</ele>
        <time>1970-01-01T00:00:00Z</time>
      </trkpt>
      <trkpt lat="38.61759" lon="-109.52137">
        <ele>0</ele>
        <time>1970-01-01T00:00:00Z</time>
      </trkpt>
      <trkpt lat="38.61744" lon="-109.52152">
        <ele>0</ele>
        <time>1970-01-01T00:00:00Z</time>
      </trkpt>
      <trkpt lat="38.61739" lon="-109.52168">
        <ele>0</ele>
        <time>1970-01-01T00:00:00Z</time>
      </trkpt>
      <trkpt lat="38.6173" lon="-109.52181">
        <ele>0</ele>
        <time>1970-01-01T00:00:00Z</time>
      </trkpt>
      <trkpt lat="38.61726" lon="-109.52189">
        <ele>0</ele>
        <time>1970-01-01T00:00:00Z</time>
      </trkpt>
      <trkpt lat="38.61715" lon="-109.522">
        <ele>0</ele>
        <time>1970-01-01T00:00:00Z</time>
      </trkpt>
      <trkpt lat="38.61714" lon="-109.52209">
        <ele>0</ele>
        <time>1970-01-01T00:00:00Z</time>
      </trkpt>
      <trkpt lat="38.61709" lon="-109.52216">
        <ele>0</ele>
        <time>1970-01-01T00:00:00Z</time>
      </trkpt>
      <trkpt lat="38.61701" lon="-109.52222">
        <ele>0</ele>
        <time>1970-01-01T00:00:00Z</time>
      </trkpt>
      <trkpt lat="38.6169" lon="-109.52224">
        <ele>0</ele>
        <time>1970-01-01T00:00:00Z</time>
      </trkpt>
      <trkpt lat="38.61688" lon="-109.52226">
        <ele>0</ele>
        <time>1970-01-01T00:00:00Z</time>
      </trkpt>
      <trkpt lat="38.61686" lon="-109.52242">
        <ele>0</ele>
        <time>1970-01-01T00:00:00Z</time>
      </trkpt>
      <trkpt lat="38.61677" lon="-109.52276">
        <ele>0</ele>
        <time>1970-01-01T00:00:00Z</time>
      </trkpt>
      <trkpt lat="38.61667" lon="-109.52289">
        <ele>0</ele>
        <time>1970-01-01T00:00:00Z</time>
      </trkpt>
      <trkpt lat="38.61657" lon="-109.52311">
        <ele>0</ele>
        <time>1970-01-01T00:00:00Z</time>
      </trkpt>
      <trkpt lat="38.6166" lon="-109.52323">
        <ele>0</ele>
        <time>1970-01-01T00:00:00Z</time>
      </trkpt>
      <trkpt lat="38.61654" lon="-109.52334">
        <ele>0</ele>
        <time>1970-01-01T00:00:00Z</time>
      </trkpt>
      <trkpt lat="38.61653" lon="-109.52346">
        <ele>0</ele>
        <time>1970-01-01T00:00:00Z</time>
      </trkpt>
      <trkpt lat="38.61655" lon="-109.5236">
        <ele>0</ele>
        <time>1970-01-01T00:00:00Z</time>
      </trkpt>
      <trkpt lat="38.6166" lon="-109.52376">
        <ele>0</ele>
        <time>1970-01-01T00:00:00Z</time>
      </trkpt>
      <trkpt lat="38.61661" lon="-109.52377">
        <ele>0</ele>
        <time>1970-01-01T00:00:00Z</time>
      </trkpt>
      <trkpt lat="38.61665" lon="-109.52389">
        <ele>0</ele>
        <time>1970-01-01T00:00:00Z</time>
      </trkpt>
      <trkpt lat="38.61666" lon="-109.52395">
        <ele>0</ele>
        <time>1970-01-01T00:00:00Z</time>
      </trkpt>
      <trkpt lat="38.61665" lon="-109.52424">
        <ele>0</ele>
        <time>1970-01-01T00:00:00Z</time>
      </trkpt>
      <trkpt lat="38.61658" lon="-109.52448">
        <ele>0</ele>
        <time>1970-01-01T00:00:00Z</time>
      </trkpt>
      <trkpt lat="38.61658" lon="-109.52472">
        <ele>0</ele>
        <time>1970-01-01T00:00:00Z</time>
      </trkpt>
      <trkpt lat="38.61641" lon="-109.52493">
        <ele>0</ele>
        <time>1970-01-01T00:00:00Z</time>
      </trkpt>
      <trkpt lat="38.61634" lon="-109.52506">
        <ele>0</ele>
        <time>1970-01-01T00:00:00Z</time>
      </trkpt>
      <trkpt lat="38.61612" lon="-109.52523">
        <ele>0</ele>
        <time>1970-01-01T00:00:00Z</time>
      </trkpt>
      <trkpt lat="38.61598" lon="-109.52541">
        <ele>0</ele>
        <time>1970-01-01T00:00:00Z</time>
      </trkpt>
      <trkpt lat="38.61596" lon="-109.52555">
        <ele>0</ele>
        <time>1970-01-01T00:00:00Z</time>
      </trkpt>
      <trkpt lat="38.61587" lon="-109.5257">
        <ele>0</ele>
        <time>1970-01-01T00:00:00Z</time>
      </trkpt>
      <trkpt lat="38.61582" lon="-109.52574">
        <ele>0</ele>
        <time>1970-01-01T00:00:00Z</time>
      </trkpt>
      <trkpt lat="38.61561" lon="-109.52584">
        <ele>0</ele>
        <time>1970-01-01T00:00:00Z</time>
      </trkpt>
      <trkpt lat="38.61558" lon="-109.52587">
        <ele>0</ele>
        <time>1970-01-01T00:00:00Z</time>
      </trkpt>
      <trkpt lat="38.61545" lon="-109.52615">
        <ele>0</ele>
        <time>1970-01-01T00:00:00Z</time>
      </trkpt>
      <trkpt lat="38.61531" lon="-109.52632">
        <ele>0</ele>
        <time>1970-01-01T00:00:00Z</time>
      </trkpt>
      <trkpt lat="38.61524" lon="-109.52635">
        <ele>0</ele>
        <time>1970-01-01T00:00:00Z</time>
      </trkpt>
      <trkpt lat="38.6152" lon="-109.52635">
        <ele>0</ele>
        <time>1970-01-01T00:00:00Z</time>
      </trkpt>
      <trkpt lat="38.61512" lon="-109.52629">
        <ele>0</ele>
        <time>1970-01-01T00:00:00Z</time>
      </trkpt>
      <trkpt lat="38.61506" lon="-109.52617">
        <ele>0</ele>
        <time>1970-01-01T00:00:00Z</time>
      </trkpt>
      <trkpt lat="38.61498" lon="-109.52616">
        <ele>0</ele>
        <time>1970-01-01T00:00:00Z</time>
      </trkpt>
      <trkpt lat="38.61495" lon="-109.52618">
        <ele>0</ele>
        <time>1970-01-01T00:00:00Z</time>
      </trkpt>
      <trkpt lat="38.61488" lon="-109.52629">
        <ele>0</ele>
        <time>1970-01-01T00:00:00Z</time>
      </trkpt>
      <trkpt lat="38.61486" lon="-109.52635">
        <ele>0</ele>
        <time>1970-01-01T00:00:00Z</time>
      </trkpt>
      <trkpt lat="38.61486" lon="-109.52656">
        <ele>0</ele>
        <time>1970-01-01T00:00:00Z</time>
      </trkpt>
      <trkpt lat="38.6148" lon="-109.52671">
        <ele>0</ele>
        <time>1970-01-01T00:00:00Z</time>
      </trkpt>
      <trkpt lat="38.6148" lon="-109.52681">
        <ele>0</ele>
        <time>1970-01-01T00:00:00Z</time>
      </trkpt>
      <trkpt lat="38.61473" lon="-109.52689">
        <ele>0</ele>
        <time>1970-01-01T00:00:00Z</time>
      </trkpt>
      <trkpt lat="38.61467" lon="-109.52685">
        <ele>0</ele>
        <time>1970-01-01T00:00:00Z</time>
      </trkpt>
      <trkpt lat="38.61461" lon="-109.52676">
        <ele>0</ele>
        <time>1970-01-01T00:00:00Z</time>
      </trkpt>
      <trkpt lat="38.61459" lon="-109.5267">
        <ele>0</ele>
        <time>1970-01-01T00:00:00Z</time>
      </trkpt>
      <trkpt lat="38.6146" lon="-109.52665">
        <ele>0</ele>
        <time>1970-01-01T00:00:00Z</time>
      </trkpt>
      <trkpt lat="38.61442" lon="-109.52643">
        <ele>0</ele>
        <time>1970-01-01T00:00:00Z</time>
      </trkpt>
      <trkpt lat="38.61422" lon="-109.52632">
        <ele>0</ele>
        <time>1970-01-01T00:00:00Z</time>
      </trkpt>
      <trkpt lat="38.61419" lon="-109.52628">
        <ele>0</ele>
        <time>1970-01-01T00:00:00Z</time>
      </trkpt>
      <trkpt lat="38.61414" lon="-109.52614">
        <ele>0</ele>
        <time>1970-01-01T00:00:00Z</time>
      </trkpt>
      <trkpt lat="38.61416" lon="-109.52604">
        <ele>0</ele>
        <time>1970-01-01T00:00:00Z</time>
      </trkpt>
      <trkpt lat="38.61412" lon="-109.52595">
        <ele>0</ele>
        <time>1970-01-01T00:00:00Z</time>
      </trkpt>
      <trkpt lat="38.61412" lon="-109.52589">
        <ele>0</ele>
        <time>1970-01-01T00:00:00Z</time>
      </trkpt>
      <trkpt lat="38.61406" lon="-109.52581">
        <ele>0</ele>
        <time>1970-01-01T00:00:00Z</time>
      </trkpt>
      <trkpt lat="38.6141" lon="-109.52578">
        <ele>0</ele>
        <time>1970-01-01T00:00:00Z</time>
      </trkpt>
      <trkpt lat="38.61412" lon="-109.52573">
        <ele>0</ele>
        <time>1970-01-01T00:00:00Z</time>
      </trkpt>
      <trkpt lat="38.61411" lon="-109.52565">
        <ele>0</ele>
        <time>1970-01-01T00:00:00Z</time>
      </trkpt>
      <trkpt lat="38.61407" lon="-109.52557">
        <ele>0</ele>
        <time>1970-01-01T00:00:00Z</time>
      </trkpt>
      <trkpt lat="38.61404" lon="-109.52555">
        <ele>0</ele>
        <time>1970-01-01T00:00:00Z</time>
      </trkpt>
      <trkpt lat="38.61401" lon="-109.5255">
        <ele>0</ele>
        <time>1970-01-01T00:00:00Z</time>
      </trkpt>
      <trkpt lat="38.614" lon="-109.52545">
        <ele>0</ele>
        <time>1970-01-01T00:00:00Z</time>
      </trkpt>
      <trkpt lat="38.61401" lon="-109.52537">
        <ele>0</ele>
        <time>1970-01-01T00:00:00Z</time>
      </trkpt>
      <trkpt lat="38.61398" lon="-109.52523">
        <ele>0</ele>
        <time>1970-01-01T00:00:00Z</time>
      </trkpt>
      <trkpt lat="38.614" lon="-109.52513">
        <ele>0</ele>
        <time>1970-01-01T00:00:00Z</time>
      </trkpt>
      <trkpt lat="38.61394" lon="-109.52508">
        <ele>0</ele>
        <time>1970-01-01T00:00:00Z</time>
      </trkpt>
      <trkpt lat="38.61392" lon="-109.52493">
        <ele>0</ele>
        <time>1970-01-01T00:00:00Z</time>
      </trkpt>
      <trkpt lat="38.61386" lon="-109.52484">
        <ele>0</ele>
        <time>1970-01-01T00:00:00Z</time>
      </trkpt>
      <trkpt lat="38.61386" lon="-109.52466">
        <ele>0</ele>
        <time>1970-01-01T00:00:00Z</time>
      </trkpt>
      <trkpt lat="38.61383" lon="-109.52463">
        <ele>0</ele>
        <time>1970-01-01T00:00:00Z</time>
      </trkpt>
      <trkpt lat="38.61385" lon="-109.52458">
        <ele>0</ele>
        <time>1970-01-01T00:00:00Z</time>
      </trkpt>
      <trkpt lat="38.61379" lon="-109.52459">
        <ele>0</ele>
        <time>1970-01-01T00:00:00Z</time>
      </trkpt>
      <trkpt lat="38.6138" lon="-109.52449">
        <ele>0</ele>
        <time>1970-01-01T00:00:00Z</time>
      </trkpt>
      <trkpt lat="38.61378" lon="-109.52445">
        <ele>0</ele>
        <time>1970-01-01T00:00:00Z</time>
      </trkpt>
      <trkpt lat="38.61376" lon="-109.52437">
        <ele>0</ele>
        <time>1970-01-01T00:00:00Z</time>
      </trkpt>
      <trkpt lat="38.61372" lon="-109.52435">
        <ele>0</ele>
        <time>1970-01-01T00:00:00Z</time>
      </trkpt>
      <trkpt lat="38.61372" lon="-109.52441">
        <ele>0</ele>
        <time>1970-01-01T00:00:00Z</time>
      </trkpt>
      <trkpt lat="38.61369" lon="-109.52447">
        <ele>0</ele>
        <time>1970-01-01T00:00:00Z</time>
      </trkpt>
      <trkpt lat="38.61366" lon="-109.5245">
        <ele>0</ele>
        <time>1970-01-01T00:00:00Z</time>
      </trkpt>
      <trkpt lat="38.61358" lon="-109.52472">
        <ele>0</ele>
        <time>1970-01-01T00:00:00Z</time>
      </trkpt>
      <trkpt lat="38.61352" lon="-109.52472">
        <ele>0</ele>
        <time>1970-01-01T00:00:00Z</time>
      </trkpt>
      <trkpt lat="38.61349" lon="-109.52479">
        <ele>0</ele>
        <time>1970-01-01T00:00:00Z</time>
      </trkpt>
      <trkpt lat="38.61343" lon="-109.52519">
        <ele>0</ele>
        <time>1970-01-01T00:00:00Z</time>
      </trkpt>
      <trkpt lat="38.61351" lon="-109.52532">
        <ele>0</ele>
        <time>1970-01-01T00:00:00Z</time>
      </trkpt>
      <trkpt lat="38.6135" lon="-109.52542">
        <ele>0</ele>
        <time>1970-01-01T00:00:00Z</time>
      </trkpt>
      <trkpt lat="38.61353" lon="-109.52561">
        <ele>0</ele>
        <time>1970-01-01T00:00:00Z</time>
      </trkpt>
      <trkpt lat="38.61352" lon="-109.52567">
        <ele>0</ele>
        <time>1970-01-01T00:00:00Z</time>
      </trkpt>
      <trkpt lat="38.61354" lon="-109.52582">
        <ele>0</ele>
        <time>1970-01-01T00:00:00Z</time>
      </trkpt>
      <trkpt lat="38.61353" lon="-109.52586">
        <ele>0</ele>
        <time>1970-01-01T00:00:00Z</time>
      </trkpt>
      <trkpt lat="38.61349" lon="-109.52589">
        <ele>0</ele>
        <time>1970-01-01T00:00:00Z</time>
      </trkpt>
      <trkpt lat="38.61348" lon="-109.52592">
        <ele>0</ele>
        <time>1970-01-01T00:00:00Z</time>
      </trkpt>
      <trkpt lat="38.61353" lon="-109.52599">
        <ele>0</ele>
        <time>1970-01-01T00:00:00Z</time>
      </trkpt>
      <trkpt lat="38.61354" lon="-109.5261">
        <ele>0</ele>
        <time>1970-01-01T00:00:00Z</time>
      </trkpt>
      <trkpt lat="38.61351" lon="-109.52613">
        <ele>0</ele>
        <time>1970-01-01T00:00:00Z</time>
      </trkpt>
      <trkpt lat="38.61353" lon="-109.52625">
        <ele>0</ele>
        <time>1970-01-01T00:00:00Z</time>
      </trkpt>
      <trkpt lat="38.61351" lon="-109.52647">
        <ele>0</ele>
        <time>1970-01-01T00:00:00Z</time>
      </trkpt>
      <trkpt lat="38.61356" lon="-109.52652">
        <ele>0</ele>
        <time>1970-01-01T00:00:00Z</time>
      </trkpt>
      <trkpt lat="38.61356" lon="-109.52669">
        <ele>0</ele>
        <time>1970-01-01T00:00:00Z</time>
      </trkpt>
      <trkpt lat="38.6136" lon="-109.52681">
        <ele>0</ele>
        <time>1970-01-01T00:00:00Z</time>
      </trkpt>
      <trkpt lat="38.61364" lon="-109.52684">
        <ele>0</ele>
        <time>1970-01-01T00:00:00Z</time>
      </trkpt>
      <trkpt lat="38.61364" lon="-109.52691">
        <ele>0</ele>
        <time>1970-01-01T00:00:00Z</time>
      </trkpt>
      <trkpt lat="38.61381" lon="-109.52713">
        <ele>0</ele>
        <time>1970-01-01T00:00:00Z</time>
      </trkpt>
      <trkpt lat="38.61384" lon="-109.52717">
        <ele>0</ele>
        <time>1970-01-01T00:00:00Z</time>
      </trkpt>
      <trkpt lat="38.61385" lon="-109.52723">
        <ele>0</ele>
        <time>1970-01-01T00:00:00Z</time>
      </trkpt>
      <trkpt lat="38.61381" lon="-109.5275">
        <ele>0</ele>
        <time>1970-01-01T00:00:00Z</time>
      </trkpt>
      <trkpt lat="38.61377" lon="-109.52766">
        <ele>0</ele>
        <time>1970-01-01T00:00:00Z</time>
      </trkpt>
      <trkpt lat="38.61387" lon="-109.52773">
        <ele>0</ele>
        <time>1970-01-01T00:00:00Z</time>
      </trkpt>
      <trkpt lat="38.6139" lon="-109.52778">
        <ele>0</ele>
        <time>1970-01-01T00:00:00Z</time>
      </trkpt>
      <trkpt lat="38.61389" lon="-109.52787">
        <ele>0</ele>
        <time>1970-01-01T00:00:00Z</time>
      </trkpt>
      <trkpt lat="38.6139" lon="-109.52805">
        <ele>0</ele>
        <time>1970-01-01T00:00:00Z</time>
      </trkpt>
      <trkpt lat="38.61386" lon="-109.52815">
        <ele>0</ele>
        <time>1970-01-01T00:00:00Z</time>
      </trkpt>
      <trkpt lat="38.61389" lon="-109.52833">
        <ele>0</ele>
        <time>1970-01-01T00:00:00Z</time>
      </trkpt>
      <trkpt lat="38.61387" lon="-109.52839">
        <ele>0</ele>
        <time>1970-01-01T00:00:00Z</time>
      </trkpt>
      <trkpt lat="38.61389" lon="-109.52865">
        <ele>0</ele>
        <time>1970-01-01T00:00:00Z</time>
      </trkpt>
      <trkpt lat="38.61387" lon="-109.52877">
        <ele>0</ele>
        <time>1970-01-01T00:00:00Z</time>
      </trkpt>
      <trkpt lat="38.61387" lon="-109.52888">
        <ele>0</ele>
        <time>1970-01-01T00:00:00Z</time>
      </trkpt>
      <trkpt lat="38.61365" lon="-109.52912">
        <ele>0</ele>
        <time>1970-01-01T00:00:00Z</time>
      </trkpt>
      <trkpt lat="38.61365" lon="-109.52917">
        <ele>0</ele>
        <time>1970-01-01T00:00:00Z</time>
      </trkpt>
      <trkpt lat="38.61369" lon="-109.52927">
        <ele>0</ele>
        <time>1970-01-01T00:00:00Z</time>
      </trkpt>
      <trkpt lat="38.61369" lon="-109.52933">
        <ele>0</ele>
        <time>1970-01-01T00:00:00Z</time>
      </trkpt>
      <trkpt lat="38.61364" lon="-109.52943">
        <ele>0</ele>
        <time>1970-01-01T00:00:00Z</time>
      </trkpt>
      <trkpt lat="38.61361" lon="-109.52947">
        <ele>0</ele>
        <time>1970-01-01T00:00:00Z</time>
      </trkpt>
      <trkpt lat="38.61349" lon="-109.52956">
        <ele>0</ele>
        <time>1970-01-01T00:00:00Z</time>
      </trkpt>
      <trkpt lat="38.61342" lon="-109.52972">
        <ele>0</ele>
        <time>1970-01-01T00:00:00Z</time>
      </trkpt>
      <trkpt lat="38.61336" lon="-109.52981">
        <ele>0</ele>
        <time>1970-01-01T00:00:00Z</time>
      </trkpt>
      <trkpt lat="38.61329" lon="-109.52985">
        <ele>0</ele>
        <time>1970-01-01T00:00:00Z</time>
      </trkpt>
      <trkpt lat="38.61321" lon="-109.52988">
        <ele>0</ele>
        <time>1970-01-01T00:00:00Z</time>
      </trkpt>
      <trkpt lat="38.61323" lon="-109.52987">
        <ele>0</ele>
        <time>1970-01-01T00:00:00Z</time>
      </trkpt>
      <trkpt lat="38.61321" lon="-109.52989">
        <ele>0</ele>
        <time>1970-01-01T00:00:00Z</time>
      </trkpt>
      <trkpt lat="38.61322" lon="-109.52996">
        <ele>0</ele>
        <time>1970-01-01T00:00:00Z</time>
      </trkpt>
      <trkpt lat="38.61322" lon="-109.53001">
        <ele>0</ele>
        <time>1970-01-01T00:00:00Z</time>
      </trkpt>
      <trkpt lat="38.6132" lon="-109.53002">
        <ele>0</ele>
        <time>1970-01-01T00:00:00Z</time>
      </trkpt>
      <trkpt lat="38.61319" lon="-109.53007">
        <ele>0</ele>
        <time>1970-01-01T00:00:00Z</time>
      </trkpt>
      <trkpt lat="38.61317" lon="-109.53012">
        <ele>0</ele>
        <time>1970-01-01T00:00:00Z</time>
      </trkpt>
      <trkpt lat="38.61315" lon="-109.53014">
        <ele>0</ele>
        <time>1970-01-01T00:00:00Z</time>
      </trkpt>
      <trkpt lat="38.6129" lon="-109.53016">
        <ele>0</ele>
        <time>1970-01-01T00:00:00Z</time>
      </trkpt>
      <trkpt lat="38.61289" lon="-109.53026">
        <ele>0</ele>
        <time>1970-01-01T00:00:00Z</time>
      </trkpt>
      <trkpt lat="38.61297" lon="-109.53034">
        <ele>0</ele>
        <time>1970-01-01T00:00:00Z</time>
      </trkpt>
      <trkpt lat="38.61298" lon="-109.53058">
        <ele>0</ele>
        <time>1970-01-01T00:00:00Z</time>
      </trkpt>
      <trkpt lat="38.6129" lon="-109.53069">
        <ele>0</ele>
        <time>1970-01-01T00:00:00Z</time>
      </trkpt>
      <trkpt lat="38.61278" lon="-109.53079">
        <ele>0</ele>
        <time>1970-01-01T00:00:00Z</time>
      </trkpt>
      <trkpt lat="38.6128" lon="-109.53092">
        <ele>0</ele>
        <time>1970-01-01T00:00:00Z</time>
      </trkpt>
      <trkpt lat="38.61278" lon="-109.53103">
        <ele>0</ele>
        <time>1970-01-01T00:00:00Z</time>
      </trkpt>
      <trkpt lat="38.61262" lon="-109.53117">
        <ele>0</ele>
        <time>1970-01-01T00:00:00Z</time>
      </trkpt>
      <trkpt lat="38.61257" lon="-109.53125">
        <ele>0</ele>
        <time>1970-01-01T00:00:00Z</time>
      </trkpt>
      <trkpt lat="38.61255" lon="-109.53131">
        <ele>0</ele>
        <time>1970-01-01T00:00:00Z</time>
      </trkpt>
      <trkpt lat="38.61258" lon="-109.53143">
        <ele>0</ele>
        <time>1970-01-01T00:00:00Z</time>
      </trkpt>
      <trkpt lat="38.61257" lon="-109.53151">
        <ele>0</ele>
        <time>1970-01-01T00:00:00Z</time>
      </trkpt>
      <trkpt lat="38.61249" lon="-109.53158">
        <ele>0</ele>
        <time>1970-01-01T00:00:00Z</time>
      </trkpt>
      <trkpt lat="38.61243" lon="-109.53169">
        <ele>0</ele>
        <time>1970-01-01T00:00:00Z</time>
      </trkpt>
      <trkpt lat="38.61235" lon="-109.53188">
        <ele>0</ele>
        <time>1970-01-01T00:00:00Z</time>
      </trkpt>
      <trkpt lat="38.61226" lon="-109.53194">
        <ele>0</ele>
        <time>1970-01-01T00:00:00Z</time>
      </trkpt>
      <trkpt lat="38.61214" lon="-109.53206">
        <ele>0</ele>
        <time>1970-01-01T00:00:00Z</time>
      </trkpt>
      <trkpt lat="38.61207" lon="-109.53209">
        <ele>0</ele>
        <time>1970-01-01T00:00:00Z</time>
      </trkpt>
      <trkpt lat="38.61204" lon="-109.53214">
        <ele>0</ele>
        <time>1970-01-01T00:00:00Z</time>
      </trkpt>
      <trkpt lat="38.61207" lon="-109.53222">
        <ele>0</ele>
        <time>1970-01-01T00:00:00Z</time>
      </trkpt>
      <trkpt lat="38.61216" lon="-109.53232">
        <ele>0</ele>
        <time>1970-01-01T00:00:00Z</time>
      </trkpt>
      <trkpt lat="38.61225" lon="-109.53233">
        <ele>0</ele>
        <time>1970-01-01T00:00:00Z</time>
      </trkpt>
      <trkpt lat="38.61227" lon="-109.53235">
        <ele>0</ele>
        <time>1970-01-01T00:00:00Z</time>
      </trkpt>
      <trkpt lat="38.61225" lon="-109.53243">
        <ele>0</ele>
        <time>1970-01-01T00:00:00Z</time>
      </trkpt>
      <trkpt lat="38.61192" lon="-109.53277">
        <ele>0</ele>
        <time>1970-01-01T00:00:00Z</time>
      </trkpt>
      <trkpt lat="38.61179" lon="-109.53295">
        <ele>0</ele>
        <time>1970-01-01T00:00:00Z</time>
      </trkpt>
      <trkpt lat="38.61153" lon="-109.53326">
        <ele>0</ele>
        <time>1970-01-01T00:00:00Z</time>
      </trkpt>
      <trkpt lat="38.61152" lon="-109.5333">
        <ele>0</ele>
        <time>1970-01-01T00:00:00Z</time>
      </trkpt>
      <trkpt lat="38.61168" lon="-109.53306">
        <ele>0</ele>
        <time>1970-01-01T00:00:00Z</time>
      </trkpt>
      <trkpt lat="38.61183" lon="-109.5329">
        <ele>0</ele>
        <time>1970-01-01T00:00:00Z</time>
      </trkpt>
      <trkpt lat="38.612" lon="-109.53267">
        <ele>0</ele>
        <time>1970-01-01T00:00:00Z</time>
      </trkpt>
      <trkpt lat="38.61217" lon="-109.53254">
        <ele>0</ele>
        <time>1970-01-01T00:00:00Z</time>
      </trkpt>
      <trkpt lat="38.61226" lon="-109.53242">
        <ele>0</ele>
        <time>1970-01-01T00:00:00Z</time>
      </trkpt>
      <trkpt lat="38.61224" lon="-109.53236">
        <ele>0</ele>
        <time>1970-01-01T00:00:00Z</time>
      </trkpt>
      <trkpt lat="38.61222" lon="-109.53235">
        <ele>0</ele>
        <time>1970-01-01T00:00:00Z</time>
      </trkpt>
      <trkpt lat="38.61219" lon="-109.5324">
        <ele>0</ele>
        <time>1970-01-01T00:00:00Z</time>
      </trkpt>
      <trkpt lat="38.61198" lon="-109.53252">
        <ele>0</ele>
        <time>1970-01-01T00:00:00Z</time>
      </trkpt>
      <trkpt lat="38.61186" lon="-109.53253">
        <ele>0</ele>
        <time>1970-01-01T00:00:00Z</time>
      </trkpt>
      <trkpt lat="38.61178" lon="-109.53257">
        <ele>0</ele>
        <time>1970-01-01T00:00:00Z</time>
      </trkpt>
      <trkpt lat="38.61158" lon="-109.53276">
        <ele>0</ele>
        <time>1970-01-01T00:00:00Z</time>
      </trkpt>
      <trkpt lat="38.61141" lon="-109.53298">
        <ele>0</ele>
        <time>1970-01-01T00:00:00Z</time>
      </trkpt>
      <trkpt lat="38.61133" lon="-109.53305">
        <ele>0</ele>
        <time>1970-01-01T00:00:00Z</time>
      </trkpt>
      <trkpt lat="38.61125" lon="-109.53297">
        <ele>0</ele>
        <time>1970-01-01T00:00:00Z</time>
      </trkpt>
      <trkpt lat="38.6112" lon="-109.53294">
        <ele>0</ele>
        <time>1970-01-01T00:00:00Z</time>
      </trkpt>
      <trkpt lat="38.61118" lon="-109.53295">
        <ele>0</ele>
        <time>1970-01-01T00:00:00Z</time>
      </trkpt>
      <trkpt lat="38.61085" lon="-109.53325">
        <ele>0</ele>
        <time>1970-01-01T00:00:00Z</time>
      </trkpt>
      <trkpt lat="38.61057" lon="-109.53354">
        <ele>0</ele>
        <time>1970-01-01T00:00:00Z</time>
      </trkpt>
      <trkpt lat="38.61047" lon="-109.53367">
        <ele>0</ele>
        <time>1970-01-01T00:00:00Z</time>
      </trkpt>
      <trkpt lat="38.6104" lon="-109.53374">
        <ele>0</ele>
        <time>1970-01-01T00:00:00Z</time>
      </trkpt>
      <trkpt lat="38.61025" lon="-109.53398">
        <ele>0</ele>
        <time>1970-01-01T00:00:00Z</time>
      </trkpt>
      <trkpt lat="38.61027" lon="-109.53397">
        <ele>0</ele>
        <time>1970-01-01T00:00:00Z</time>
      </trkpt>
      <trkpt lat="38.61025" lon="-109.53398">
        <ele>0</ele>
        <time>1970-01-01T00:00:00Z</time>
      </trkpt>
      <trkpt lat="38.61017" lon="-109.53392">
        <ele>0</ele>
        <time>1970-01-01T00:00:00Z</time>
      </trkpt>
      <trkpt lat="38.61005" lon="-109.53378">
        <ele>0</ele>
        <time>1970-01-01T00:00:00Z</time>
      </trkpt>
      <trkpt lat="38.61003" lon="-109.53377">
        <ele>0</ele>
        <time>1970-01-01T00:00:00Z</time>
      </trkpt>
      <trkpt lat="38.61001" lon="-109.53378">
        <ele>0</ele>
        <time>1970-01-01T00:00:00Z</time>
      </trkpt>
      <trkpt lat="38.61005" lon="-109.53375">
        <ele>0</ele>
        <time>1970-01-01T00:00:00Z</time>
      </trkpt>
      <trkpt lat="38.61004" lon="-109.53377">
        <ele>0</ele>
        <time>1970-01-01T00:00:00Z</time>
      </trkpt>
      <trkpt lat="38.61001" lon="-109.53376">
        <ele>0</ele>
        <time>1970-01-01T00:00:00Z</time>
      </trkpt>
      <trkpt lat="38.61002" lon="-109.53377">
        <ele>0</ele>
        <time>1970-01-01T00:00:00Z</time>
      </trkpt>
      <trkpt lat="38.61004" lon="-109.53372">
        <ele>0</ele>
        <time>1970-01-01T00:00:00Z</time>
      </trkpt>
      <trkpt lat="38.61002" lon="-109.53373">
        <ele>0</ele>
        <time>1970-01-01T00:00:00Z</time>
      </trkpt>
      <trkpt lat="38.61003" lon="-109.53375">
        <ele>0</ele>
        <time>1970-01-01T00:00:00Z</time>
      </trkpt>
    </trkseg>
  </trk>
</gpx>